topology,seed,noise,tick,size,mean_self,max_self,p95_self,std_self,mean_phi,max_phi,mean_err,morans_i,entropy,phi_entropy,clusters_05,clusters_07
von_neumann,1,0.04,500,12,0.225743,0.867757,0.694423,0.337466,0.317727,0.71742,0.043325,-0.054821,3.6529,3.7116,19,6
von_neumann,1,0.04,1000,12,0.157916,0.774081,0.648876,0.337901,0.313938,0.643009,0.04148,0.025773,3.6495,3.7826,19,2
von_neumann,2,0.04,500,12,0.224434,0.936189,0.70122,0.315606,0.334925,0.809647,0.042396,0.060817,3.6587,3.5365,14,7
von_neumann,2,0.04,1000,12,0.184626,0.93057,0.74914,0.356363,0.269808,0.746189,0.045542,0.094909,3.8021,3.44,17,9
von_neumann,3,0.04,500,12,0.175947,0.939064,0.669876,0.343235,0.299944,0.814445,0.047438,0.080683,3.7301,3.4463,16,6
von_neumann,3,0.04,1000,12,0.147011,0.82626,0.659224,0.354633,0.278149,0.72528,0.045271,0.051349,3.7375,3.4925,13,4
von_neumann,4,0.04,500,12,0.188927,0.885377,0.656603,0.327853,0.303426,0.610745,0.043374,-0.091919,3.6573,3.7482,16,5
von_neumann,4,0.04,1000,12,0.16806,0.911937,0.692436,0.368693,0.295567,0.819729,0.044781,0.087115,3.876,3.4661,16,5
von_neumann,5,0.04,500,12,0.211031,0.917134,0.738173,0.341458,0.294962,0.701033,0.044695,-0.064831,3.7279,3.7064,21,9
von_neumann,5,0.04,1000,12,0.207136,0.786667,0.670306,0.329506,0.321771,0.796179,0.043322,0.001032,3.6059,3.6009,20,5
von_neumann,6,0.04,500,12,0.180964,0.898556,0.696617,0.34851,0.330562,0.731671,0.042706,-0.101427,3.7577,3.6967,18,7
von_neumann,6,0.04,1000,12,0.183573,0.805971,0.661935,0.31448,0.298706,0.646456,0.043802,-0.004466,3.6256,3.6751,18,4
von_neumann,7,0.04,500,12,0.202606,0.898208,0.717177,0.332354,0.309189,0.647734,0.042219,0.108674,3.6471,3.8093,15,6
von_neumann,7,0.04,1000,12,0.214493,0.969823,0.693133,0.332632,0.310159,0.810036,0.043398,-0.168885,3.6606,3.4877,23,7
von_neumann,8,0.04,500,12,0.2068,0.931571,0.711084,0.348472,0.300036,0.700076,0.043511,-0.053488,3.7382,3.6286,23,9
von_neumann,8,0.04,1000,12,0.206745,0.777016,0.705447,0.318562,0.325968,0.810272,0.042319,-0.112168,3.5893,3.4635,26,9
von_neumann,9,0.04,500,12,0.169611,0.840727,0.690422,0.334429,0.285492,0.752046,0.044255,-0.001322,3.6494,3.4632,16,5
von_neumann,9,0.04,1000,12,0.199104,0.888675,0.6853,0.337136,0.316316,0.707506,0.043016,-0.003843,3.6814,3.7644,14,7
von_neumann,10,0.04,500,12,0.194026,0.868715,0.688328,0.341238,0.334788,0.760727,0.041743,0.00727,3.6887,3.7415,14,7
von_neumann,10,0.04,1000,12,0.194789,0.917083,0.687489,0.337596,0.30475,0.738142,0.043844,-0.018668,3.6892,3.5587,15,7
von_neumann,11,0.04,500,12,0.219006,0.90048,0.707967,0.340393,0.308376,0.690768,0.041087,-0.008324,3.6898,3.7488,15,8
von_neumann,11,0.04,1000,12,0.223174,0.910887,0.693686,0.309764,0.300564,0.642385,0.044078,0.066155,3.6019,3.7775,17,7
von_neumann,12,0.04,500,12,0.185456,0.84157,0.686762,0.32812,0.285276,0.619848,0.045032,0.059457,3.6576,3.7434,15,6
von_neumann,12,0.04,1000,12,0.209711,0.766191,0.676166,0.304904,0.309005,0.753907,0.045619,-0.026267,3.5315,3.6402,14,5
von_neumann,13,0.04,500,12,0.232805,0.839129,0.665979,0.311257,0.329019,0.79823,0.043199,-0.008478,3.5399,3.7442,17,4
von_neumann,13,0.04,1000,12,0.150274,0.876875,0.739769,0.364532,0.293341,0.661555,0.040203,0.076563,3.7834,3.7164,12,8
von_neumann,14,0.04,500,12,0.195763,0.871648,0.720843,0.341671,0.322555,0.754337,0.040935,0.109212,3.7282,3.7014,12,5
von_neumann,14,0.04,1000,12,0.149803,0.866141,0.677378,0.333965,0.294507,0.71159,0.042117,0.040486,3.6863,3.7196,18,5
von_neumann,15,0.04,500,12,0.199204,0.890698,0.696731,0.349476,0.294461,0.693075,0.04287,-0.065345,3.7112,3.5926,21,8
von_neumann,15,0.04,1000,12,0.184537,0.972414,0.735343,0.342837,0.293804,0.572883,0.045147,0.013847,3.7377,3.9301,16,10
von_neumann,16,0.04,500,12,0.162939,0.954017,0.704127,0.366623,0.305797,0.817816,0.043505,0.051286,3.7795,3.4555,22,7
von_neumann,16,0.04,1000,12,0.127631,0.826325,0.673746,0.346147,0.319923,0.715768,0.04384,-0.01964,3.7607,3.7616,18,7
von_neumann,17,0.04,500,12,0.147591,0.877852,0.713941,0.370361,0.297003,0.663358,0.042713,0.077791,3.8483,3.783,15,8
von_neumann,17,0.04,1000,12,0.225196,0.952847,0.707526,0.33032,0.340169,0.870925,0.0413,0.069949,3.6097,3.4887,15,8
von_neumann,18,0.04,500,12,0.152204,0.926702,0.696121,0.357152,0.302032,0.687188,0.041734,0.073081,3.778,3.5982,17,7
von_neumann,18,0.04,1000,12,0.179334,0.786431,0.675376,0.349915,0.293941,0.675855,0.045545,-0.111914,3.6372,3.6721,23,3
von_neumann,19,0.04,500,12,0.15421,0.846636,0.665613,0.350001,0.29996,0.770607,0.045845,-0.072263,3.7169,3.5266,15,4
von_neumann,19,0.04,1000,12,0.134806,0.88175,0.710702,0.369382,0.278227,0.600328,0.041837,0.084948,3.8327,3.7602,14,8
von_neumann,20,0.04,500,12,0.194156,0.875866,0.734094,0.345147,0.282712,0.83479,0.045131,-0.010789,3.7211,3.3865,18,7
von_neumann,20,0.04,1000,12,0.149737,0.897974,0.624467,0.333792,0.295062,0.682997,0.043908,0.016159,3.6961,3.6953,18,4
von_neumann,21,0.04,500,12,0.157163,0.824427,0.614134,0.319994,0.281809,0.749426,0.043555,-0.030456,3.6242,3.4514,15,3
von_neumann,21,0.04,1000,12,0.182702,0.825451,0.667243,0.319364,0.3001,0.695511,0.041905,0.038544,3.5854,3.7302,12,5
von_neumann,22,0.04,500,12,0.217363,0.900321,0.677172,0.331054,0.304043,0.866693,0.044353,-0.001225,3.5885,3.4183,17,4
von_neumann,22,0.04,1000,12,0.131812,0.904669,0.745838,0.374464,0.296924,0.692335,0.04185,0.081025,3.8315,3.6267,17,10
von_neumann,23,0.04,500,12,0.232055,0.84182,0.690506,0.305549,0.329084,0.792306,0.045771,0.025956,3.5335,3.5842,15,5
von_neumann,23,0.04,1000,12,0.206405,0.849454,0.734273,0.348073,0.299995,0.675074,0.043716,-0.090447,3.7422,3.7602,22,13
von_neumann,24,0.04,500,12,0.180246,0.829837,0.691872,0.351576,0.288854,0.763862,0.045116,-0.172137,3.7541,3.446,22,7
von_neumann,24,0.04,1000,12,0.21935,0.798664,0.666218,0.321333,0.312287,0.648416,0.043882,-0.005144,3.5919,3.686,17,6
von_neumann,25,0.04,500,12,0.190643,0.838442,0.742513,0.357766,0.321759,0.733244,0.042399,0.044259,3.6723,3.62,17,10
von_neumann,25,0.04,1000,12,0.212564,0.889669,0.712524,0.316297,0.328429,0.808056,0.043781,0.053197,3.6253,3.668,16,7
von_neumann,26,0.04,500,12,0.213149,0.899595,0.716894,0.334348,0.319585,0.752293,0.04254,-0.010912,3.7081,3.6789,17,8
von_neumann,26,0.04,1000,12,0.201962,0.789391,0.684218,0.335525,0.299384,0.699853,0.045872,0.022506,3.6468,3.6681,16,6
von_neumann,27,0.04,500,12,0.180979,0.86092,0.754165,0.353235,0.299941,0.641146,0.045184,0.001493,3.7323,3.7204,16,7
von_neumann,27,0.04,1000,12,0.209796,0.922681,0.672208,0.31949,0.306748,0.650835,0.042412,-0.025099,3.6488,3.6768,22,5
von_neumann,28,0.04,500,12,0.215922,0.876122,0.744103,0.356151,0.303298,0.649088,0.04624,-0.059041,3.7835,3.6875,19,12
von_neumann,28,0.04,1000,12,0.220267,0.859053,0.738225,0.350917,0.30474,0.803097,0.044151,-0.064472,3.74,3.4619,18,8
von_neumann,29,0.04,500,12,0.130279,0.832915,0.705359,0.367246,0.287053,0.692889,0.042875,0.061882,3.8495,3.5779,14,7
von_neumann,29,0.04,1000,12,0.226484,0.904077,0.751725,0.327139,0.326771,0.688708,0.043043,-0.043747,3.6764,3.7962,22,10
von_neumann,30,0.04,500,12,0.231661,0.921266,0.748439,0.336172,0.300384,0.574572,0.044295,0.044601,3.744,3.9122,13,11
von_neumann,30,0.04,1000,12,0.15314,0.882484,0.683475,0.313434,0.298007,0.726055,0.043222,-0.052533,3.637,3.5658,15,7
von_neumann,31,0.04,500,12,0.212975,0.958095,0.69813,0.354987,0.30986,0.732442,0.043619,-0.009117,3.7202,3.6556,19,7
von_neumann,31,0.04,1000,12,0.188567,0.934789,0.632352,0.335368,0.300823,0.628579,0.043151,-0.033982,3.5938,3.7791,15,3
von_neumann,32,0.04,500,12,0.135425,0.848974,0.684715,0.328335,0.308511,0.709792,0.043396,0.007937,3.6834,3.7073,14,7
von_neumann,32,0.04,1000,12,0.1895,0.876365,0.68242,0.321432,0.305839,0.624705,0.042433,0.018902,3.6482,3.8352,17,6
von_neumann,33,0.04,500,12,0.177662,0.906529,0.646839,0.335788,0.313432,0.614925,0.041295,-0.014068,3.6787,3.8604,15,4
von_neumann,33,0.04,1000,12,0.157545,0.86432,0.664294,0.33832,0.291043,0.732581,0.04203,-0.061689,3.6903,3.6287,17,4
von_neumann,34,0.04,500,12,0.17225,0.87607,0.671961,0.335753,0.295726,0.669228,0.043827,0.020926,3.6931,3.7346,19,6
von_neumann,34,0.04,1000,12,0.161508,0.850442,0.673337,0.345359,0.305321,0.636677,0.042383,-0.031043,3.6989,3.5999,19,4
von_neumann,35,0.04,500,12,0.164211,0.824191,0.708019,0.347532,0.308618,0.668649,0.042991,-0.004051,3.7457,3.7636,15,8
von_neumann,35,0.04,1000,12,0.112861,0.851286,0.680517,0.353001,0.29906,0.725493,0.045988,0.106125,3.7311,3.5577,15,5
von_neumann,36,0.04,500,12,0.160835,0.908892,0.714977,0.342299,0.294855,0.804527,0.04511,-0.024879,3.741,3.4545,17,9
von_neumann,36,0.04,1000,12,0.148131,0.847505,0.645938,0.304516,0.302924,0.716146,0.041396,0.026675,3.5542,3.6394,10,3
von_neumann,37,0.04,500,12,0.241396,0.929433,0.735891,0.324232,0.312574,0.703366,0.042442,-0.185647,3.6632,3.718,21,7
von_neumann,37,0.04,1000,12,0.203893,0.918173,0.675645,0.326185,0.300138,0.709792,0.044581,0.085255,3.6622,3.5973,16,4
von_neumann,38,0.04,500,12,0.137398,0.809831,0.721804,0.360621,0.309105,0.781327,0.043119,-0.064443,3.7588,3.5132,14,8
von_neumann,38,0.04,1000,12,0.204049,0.809959,0.678672,0.33011,0.311002,0.802898,0.041967,0.015762,3.6345,3.5421,14,6
von_neumann,39,0.04,500,12,0.183951,0.849243,0.732391,0.355954,0.314873,0.767806,0.041037,0.039118,3.7638,3.585,17,8
von_neumann,39,0.04,1000,12,0.158905,0.865718,0.669616,0.327611,0.311764,0.678543,0.044008,-0.072249,3.6707,3.7361,16,5
von_neumann,40,0.04,500,12,0.210197,0.898218,0.729071,0.328224,0.294796,0.647354,0.043959,0.030092,3.674,3.7592,16,9
von_neumann,40,0.04,1000,12,0.151367,0.891691,0.740575,0.383292,0.303745,0.760118,0.045332,-0.080547,3.8762,3.5679,20,9
von_neumann,41,0.04,500,12,0.120645,0.868682,0.658169,0.353026,0.270305,0.627731,0.045038,-0.080403,3.7914,3.7549,16,6
von_neumann,41,0.04,1000,12,0.203098,0.886177,0.712149,0.326613,0.294622,0.707746,0.04496,-0.012242,3.6585,3.5248,15,10
von_neumann,42,0.04,500,12,0.205371,0.881089,0.745773,0.331192,0.300565,0.686983,0.041639,0.092874,3.6505,3.6989,15,7
von_neumann,42,0.04,1000,12,0.22635,0.852871,0.732536,0.340782,0.310572,0.717803,0.045336,-0.055195,3.7292,3.6195,17,7
von_neumann,43,0.04,500,12,0.181304,0.795122,0.646529,0.318596,0.320467,0.741556,0.040947,-0.039945,3.5957,3.6516,19,5
von_neumann,43,0.04,1000,12,0.18007,0.884718,0.677977,0.317526,0.283434,0.677041,0.042619,0.034774,3.5854,3.6222,14,4
von_neumann,44,0.04,500,12,0.154746,0.854002,0.701206,0.350797,0.300632,0.769923,0.042946,-0.053089,3.7406,3.5523,17,8
von_neumann,44,0.04,1000,12,0.196734,0.845412,0.695316,0.336547,0.29811,0.672266,0.045433,0.031874,3.6295,3.7015,13,6
von_neumann,45,0.04,500,12,0.16639,0.98383,0.691434,0.352739,0.317489,0.76526,0.042203,0.01471,3.7557,3.6015,18,6
von_neumann,45,0.04,1000,12,0.20994,0.906599,0.708938,0.33098,0.307428,0.765941,0.042936,-0.093525,3.688,3.5918,19,8
von_neumann,46,0.04,500,12,0.188277,0.881723,0.656489,0.345334,0.297923,0.728716,0.044368,0.036632,3.7337,3.5916,14,5
von_neumann,46,0.04,1000,12,0.213015,0.881772,0.73495,0.338691,0.307869,0.78256,0.043698,-0.012887,3.6855,3.5917,17,10
von_neumann,47,0.04,500,12,0.205273,0.884361,0.708267,0.324562,0.296795,0.734977,0.042352,-0.104011,3.6458,3.4962,17,8
von_neumann,47,0.04,1000,12,0.185647,0.934709,0.634325,0.321235,0.316984,0.690931,0.045997,0.042124,3.6108,3.7177,17,4
von_neumann,48,0.04,500,12,0.203818,0.948292,0.666243,0.337939,0.333165,0.736663,0.04344,0.009285,3.62,3.6905,19,2
von_neumann,48,0.04,1000,12,0.194156,0.850972,0.69007,0.335297,0.333242,0.764773,0.041889,-0.002579,3.6858,3.6677,14,7
von_neumann,49,0.04,500,12,0.169726,0.742722,0.622312,0.335678,0.291061,0.738945,0.044785,-0.007494,3.6777,3.566,18,3
von_neumann,49,0.04,1000,12,0.192347,0.897674,0.704417,0.349142,0.313242,0.882897,0.043189,0.072844,3.7339,3.3918,18,9
von_neumann,50,0.04,500,12,0.239209,0.863482,0.757511,0.325837,0.316888,0.601473,0.044031,0.02637,3.6652,3.7671,19,9
von_neumann,50,0.04,1000,12,0.14518,0.854439,0.654061,0.331422,0.283033,0.797339,0.043934,-0.014617,3.6407,3.4183,19,3
moore,1,0.04,500,12,0.221884,0.851469,0.710322,0.324572,0.376696,0.809421,0.029987,-0.011411,3.5758,3.5921,10,7
moore,1,0.04,1000,12,0.183897,0.812716,0.688534,0.345775,0.371708,0.663609,0.028308,0.017524,3.668,3.8385,8,5
moore,2,0.04,500,12,0.203843,0.851353,0.656426,0.331458,0.388491,0.784774,0.029785,0.056699,3.6658,3.6168,11,6
moore,2,0.04,1000,12,0.190394,0.930089,0.750354,0.355968,0.335561,0.801025,0.029699,0.022222,3.7864,3.4304,7,7
moore,3,0.04,500,12,0.182986,0.876568,0.682545,0.340278,0.352053,0.730182,0.033066,0.04467,3.6815,3.4908,8,5
moore,3,0.04,1000,12,0.17201,0.905428,0.671618,0.326187,0.327126,0.732696,0.030647,0.037725,3.62,3.4398,8,5
moore,4,0.04,500,12,0.175867,0.800173,0.647467,0.331127,0.367864,0.655327,0.031055,-0.106604,3.6643,3.804,15,3
moore,4,0.04,1000,12,0.13873,0.739085,0.677199,0.3638,0.355168,0.778497,0.029503,0.073384,3.7469,3.4572,9,5
moore,5,0.04,500,12,0.213824,0.882394,0.738544,0.336768,0.34864,0.784133,0.030098,-0.029273,3.7109,3.4847,10,8
moore,5,0.04,1000,12,0.215942,0.794072,0.683278,0.320017,0.38443,0.767889,0.029197,0.022503,3.5807,3.7321,8,6
moore,6,0.04,500,12,0.218945,0.827535,0.709828,0.35122,0.390952,0.817929,0.029321,-0.011681,3.7558,3.6095,8,6
moore,6,0.04,1000,12,0.163933,0.894937,0.694572,0.314422,0.358235,0.704333,0.029364,-0.049643,3.5783,3.5641,11,7
moore,7,0.04,500,12,0.224663,0.895443,0.748835,0.361326,0.370416,0.792159,0.028966,0.020183,3.7358,3.5855,10,10
moore,7,0.04,1000,12,0.207211,0.879369,0.691953,0.338102,0.369734,0.728244,0.030164,-0.040127,3.6629,3.596,11,6
moore,8,0.04,500,12,0.22659,0.840948,0.734943,0.317113,0.352819,0.70886,0.029635,-0.063854,3.6284,3.565,14,7
moore,8,0.04,1000,12,0.234125,0.934993,0.702078,0.333445,0.385331,0.808247,0.029538,0.018381,3.6971,3.563,8,8
moore,9,0.04,500,12,0.176758,0.885754,0.672327,0.321312,0.344565,0.772529,0.03033,-0.026264,3.6312,3.4609,13,6
moore,9,0.04,1000,12,0.219436,0.954083,0.737282,0.343023,0.378073,0.726816,0.030759,0.041076,3.7358,3.7085,9,8
moore,10,0.04,500,12,0.20538,0.9209,0.765434,0.358581,0.388494,0.816514,0.030469,-0.03342,3.7279,3.5284,11,7
moore,10,0.04,1000,12,0.195617,0.955464,0.711889,0.328128,0.357008,0.719324,0.031608,-0.045015,3.6903,3.6165,14,7
moore,11,0.04,500,12,0.23159,0.834471,0.718954,0.340647,0.362506,0.80965,0.028293,0.02788,3.7164,3.5569,10,7
moore,11,0.04,1000,12,0.204569,0.809471,0.692346,0.32295,0.357713,0.803038,0.030595,0.047412,3.6036,3.4955,11,4
moore,12,0.04,500,12,0.185572,0.884875,0.721191,0.331284,0.334618,0.723759,0.031732,0.037747,3.6485,3.6177,8,5
moore,12,0.04,1000,12,0.221065,0.860843,0.631341,0.302978,0.363801,0.687398,0.032976,0.003696,3.5235,3.7292,12,3
moore,13,0.04,500,12,0.239118,0.816218,0.713415,0.290682,0.398854,0.797568,0.030418,0.029134,3.5278,3.7477,10,6
moore,13,0.04,1000,12,0.167838,0.91964,0.701592,0.359551,0.350171,0.772894,0.02963,0.033439,3.8116,3.5249,8,8
moore,14,0.04,500,12,0.245457,0.913838,0.704376,0.331116,0.378734,0.784335,0.029241,0.094258,3.6382,3.5884,9,6
moore,14,0.04,1000,12,0.138422,0.939846,0.686394,0.331268,0.332768,0.759306,0.029189,0.081365,3.7309,3.5671,13,6
moore,15,0.04,500,12,0.183501,0.925186,0.696241,0.336373,0.350433,0.663427,0.03011,-0.008009,3.6479,3.7242,7,7
moore,15,0.04,1000,12,0.179048,0.929059,0.714395,0.362011,0.353485,0.743757,0.030608,0.044567,3.8304,3.5971,11,8
moore,16,0.04,500,12,0.15525,0.907006,0.750092,0.380169,0.361614,0.746743,0.02979,0.076056,3.9092,3.5016,9,8
moore,16,0.04,1000,12,0.118972,0.834492,0.615068,0.346799,0.381146,0.807676,0.030454,-0.031616,3.7574,3.6014,15,4
moore,17,0.04,500,12,0.167907,0.871617,0.700333,0.357446,0.359106,0.761299,0.029965,0.030588,3.8001,3.6796,8,5
moore,17,0.04,1000,12,0.2211,0.946445,0.7842,0.341267,0.396069,0.916472,0.028685,0.005909,3.7314,3.4584,12,8
moore,18,0.04,500,12,0.144814,0.829361,0.741696,0.38529,0.353129,0.706506,0.029911,-0.00361,3.8961,3.7144,14,6
moore,18,0.04,1000,12,0.17088,0.81182,0.6631,0.33683,0.352674,0.706547,0.029936,-0.090386,3.713,3.6809,14,3
moore,19,0.04,500,12,0.14007,0.766032,0.589608,0.305,0.345567,0.692039,0.033895,0.008879,3.5597,3.6752,11,2
moore,19,0.04,1000,12,0.142907,0.78734,0.67196,0.345427,0.322745,0.669153,0.028635,0.013024,3.7345,3.5202,8,5
moore,20,0.04,500,12,0.185004,0.918136,0.745177,0.360634,0.350292,0.790478,0.029564,-0.00172,3.7998,3.627,8,8
moore,20,0.04,1000,12,0.167006,0.863012,0.591353,0.303548,0.357266,0.705255,0.02954,-0.000353,3.5494,3.6843,11,5
moore,21,0.04,500,12,0.176145,0.821057,0.646573,0.331102,0.343859,0.861581,0.03045,0.070908,3.6762,3.3723,8,5
moore,21,0.04,1000,12,0.164338,0.897394,0.661672,0.340101,0.355661,0.693937,0.029087,0.022646,3.7276,3.6947,8,5
moore,22,0.04,500,12,0.214531,0.880088,0.641637,0.325169,0.357439,0.726434,0.030933,0.010441,3.6114,3.6701,12,5
moore,22,0.04,1000,12,0.150384,0.927293,0.712579,0.38783,0.344076,0.742601,0.029945,0.001007,3.8722,3.5745,10,7
moore,23,0.04,500,12,0.268983,0.855804,0.701785,0.320257,0.401291,0.791204,0.03341,-0.002906,3.5967,3.6794,8,6
moore,23,0.04,1000,12,0.220582,0.940404,0.704849,0.325188,0.360473,0.766232,0.031387,0.0255,3.6331,3.7131,11,7
moore,24,0.04,500,12,0.164422,0.81388,0.692915,0.357754,0.348539,0.857953,0.031043,-0.109186,3.7721,3.4165,12,5
moore,24,0.04,1000,12,0.217076,0.914949,0.716608,0.348081,0.378154,0.752895,0.031287,0.01009,3.7354,3.6794,9,7
moore,25,0.04,500,12,0.178041,0.906862,0.727704,0.350838,0.369927,0.764512,0.029535,-0.027708,3.7727,3.6619,11,6
moore,25,0.04,1000,12,0.202568,0.860469,0.692659,0.345434,0.391803,0.728153,0.030092,0.021235,3.726,3.777,7,7
moore,26,0.04,500,12,0.240316,0.874948,0.712025,0.331123,0.37908,0.842614,0.028737,-0.021833,3.6751,3.4081,9,7
moore,26,0.04,1000,12,0.198749,0.799761,0.665829,0.307794,0.363042,0.707451,0.032041,-0.036878,3.5722,3.6789,10,4
moore,27,0.04,500,12,0.196466,0.891136,0.704878,0.341831,0.356503,0.755453,0.031393,-0.024548,3.7227,3.6163,11,5
moore,27,0.04,1000,12,0.211183,0.933493,0.729951,0.299965,0.366052,0.661423,0.030692,0.010514,3.6078,3.7241,12,7
moore,28,0.04,500,12,0.209204,0.886805,0.754643,0.372593,0.36691,0.802223,0.028985,-0.038239,3.8109,3.5148,6,7
moore,28,0.04,1000,12,0.215434,0.920048,0.724798,0.33166,0.369414,0.842962,0.030111,0.016684,3.6778,3.5172,10,6
moore,29,0.04,500,12,0.155396,0.881796,0.687861,0.354707,0.35101,0.723698,0.030451,0.04897,3.7666,3.5804,11,5
moore,29,0.04,1000,12,0.212883,0.879759,0.67242,0.322837,0.3756,0.737133,0.029159,-0.015084,3.5957,3.5992,10,6
moore,30,0.04,500,12,0.224123,0.879627,0.74106,0.336774,0.355727,0.792832,0.031651,0.049415,3.6817,3.4719,8,9
moore,30,0.04,1000,12,0.15614,0.811591,0.645032,0.322255,0.359671,0.833824,0.029359,-0.046341,3.5967,3.535,13,4
moore,31,0.04,500,12,0.220735,0.8096,0.681416,0.331455,0.36698,0.717301,0.028927,-0.030594,3.6679,3.6361,8,5
moore,31,0.04,1000,12,0.175808,0.885584,0.691324,0.353294,0.348003,0.674054,0.029281,0.004871,3.7134,3.6417,12,6
moore,32,0.04,500,12,0.126865,0.86516,0.653538,0.326718,0.364514,0.847926,0.0312,0.016186,3.6533,3.3591,10,5
moore,32,0.04,1000,12,0.171279,0.853215,0.731045,0.360012,0.373477,0.766764,0.028449,-0.03475,3.7969,3.6583,12,8
moore,33,0.04,500,12,0.196948,0.883021,0.658336,0.320934,0.375563,0.742491,0.029113,-0.027158,3.6226,3.7188,10,5
moore,33,0.04,1000,12,0.140212,0.860074,0.627831,0.334797,0.3386,0.702938,0.028827,-0.0377,3.6929,3.6528,10,4
moore,34,0.04,500,12,0.170419,0.857646,0.699296,0.335102,0.354467,0.780109,0.029777,0.028069,3.693,3.5337,9,7
moore,34,0.04,1000,12,0.159063,0.870982,0.691903,0.314428,0.358673,0.764533,0.0287,0.007729,3.6347,3.49,12,6
moore,35,0.04,500,12,0.19819,0.886116,0.726351,0.350506,0.367313,0.718481,0.032001,0.030552,3.7311,3.7341,8,6
moore,35,0.04,1000,12,0.160902,0.876477,0.721559,0.353437,0.357683,0.88374,0.031924,0.022044,3.7906,3.362,10,7
moore,36,0.04,500,12,0.172577,0.963024,0.7308,0.342976,0.347844,0.853685,0.031185,0.005288,3.7362,3.4856,6,7
moore,36,0.04,1000,12,0.159236,0.82408,0.625244,0.342797,0.353895,0.843538,0.027608,-0.011437,3.6777,3.5718,11,4
moore,37,0.04,500,12,0.223976,0.887973,0.645884,0.315008,0.361029,0.78631,0.029495,-0.083467,3.543,3.511,14,5
moore,37,0.04,1000,12,0.20715,0.78316,0.65124,0.320807,0.368241,0.832316,0.029892,0.108173,3.5827,3.5847,8,4
moore,38,0.04,500,12,0.127108,0.847777,0.610518,0.355013,0.359441,0.83756,0.027625,-0.022459,3.7257,3.3584,10,3
moore,38,0.04,1000,12,0.197235,0.762572,0.678417,0.328213,0.362097,0.820205,0.028824,0.0195,3.6267,3.6047,10,4
moore,39,0.04,500,12,0.16771,0.831771,0.724582,0.381769,0.369344,0.76186,0.029281,-0.035596,3.8322,3.6462,8,7
moore,39,0.04,1000,12,0.160004,0.932671,0.663365,0.324523,0.375459,0.673056,0.028467,-0.013737,3.6724,3.7262,11,6
moore,40,0.04,500,12,0.205417,0.834113,0.643786,0.33136,0.361683,0.692182,0.028367,-0.021212,3.5888,3.6544,11,3
moore,40,0.04,1000,12,0.166136,0.85215,0.662756,0.374037,0.364373,0.79426,0.031596,-0.068978,3.7811,3.6997,14,4
moore,41,0.04,500,12,0.137835,0.820694,0.71542,0.367502,0.326476,0.684411,0.03147,-0.023809,3.808,3.5732,14,6
moore,41,0.04,1000,12,0.201543,0.848843,0.696438,0.331487,0.347352,0.718104,0.031905,-0.016785,3.6666,3.5137,8,5
moore,42,0.04,500,12,0.234225,0.939501,0.725663,0.294625,0.351183,0.698505,0.029688,-0.004944,3.5689,3.6765,9,8
moore,42,0.04,1000,12,0.225073,0.829636,0.703352,0.320034,0.370523,0.76703,0.031348,-0.012665,3.644,3.6039,8,7
moore,43,0.04,500,12,0.196084,0.844572,0.688463,0.327319,0.372115,0.685288,0.029301,-0.032064,3.6578,3.624,11,5
moore,43,0.04,1000,12,0.183578,0.852621,0.656526,0.326295,0.341245,0.768152,0.029855,-0.011005,3.6554,3.3976,12,6
moore,44,0.04,500,12,0.142087,0.857977,0.697333,0.340814,0.351798,0.767595,0.030875,0.027135,3.6847,3.4763,12,8
moore,44,0.04,1000,12,0.183146,0.9247,0.666087,0.328718,0.34577,0.765968,0.030571,-0.00384,3.6694,3.5001,7,3
moore,45,0.04,500,12,0.16927,0.877763,0.709706,0.344735,0.363999,0.817243,0.030711,0.034222,3.7629,3.4471,8,9
moore,45,0.04,1000,12,0.229421,0.851448,0.743801,0.334474,0.367276,0.767766,0.029537,-0.009892,3.6692,3.7323,9,8
moore,46,0.04,500,12,0.172364,0.864429,0.682531,0.366428,0.354016,0.74812,0.032471,0.00819,3.7639,3.5996,12,6
moore,46,0.04,1000,12,0.207431,0.864945,0.723795,0.358679,0.365635,0.922345,0.030013,0.002778,3.6909,3.4528,6,8
moore,47,0.04,500,12,0.158831,0.814893,0.649429,0.317625,0.342181,0.701029,0.029726,-0.067457,3.6059,3.5768,9,2
moore,47,0.04,1000,12,0.196258,0.887541,0.681174,0.324012,0.384152,0.689998,0.032022,0.022923,3.6402,3.7405,11,6
moore,48,0.04,500,12,0.206958,0.947728,0.734952,0.363528,0.387723,0.706007,0.030336,-0.019495,3.8302,3.75,9,6
moore,48,0.04,1000,12,0.164075,0.82847,0.720572,0.353108,0.389101,0.844316,0.029015,-0.00262,3.7987,3.5255,9,7
moore,49,0.04,500,12,0.185456,0.766091,0.702623,0.326807,0.348999,0.77955,0.03001,-0.044633,3.6028,3.4572,11,6
moore,49,0.04,1000,12,0.180644,0.880116,0.66773,0.340854,0.362716,0.720044,0.031215,-0.007748,3.7346,3.5578,11,2
moore,50,0.04,500,12,0.247973,0.905339,0.7903,0.359073,0.392872,0.899557,0.02923,0.011488,3.795,3.3014,10,10
moore,50,0.04,1000,12,0.149236,0.892613,0.654447,0.338517,0.340167,0.847269,0.033008,0.020861,3.7214,3.4412,8,4
hex,1,0.04,500,12,0.217809,0.81144,0.680686,0.319498,0.359958,0.748219,0.034376,-0.044943,3.669,3.7204,11,6
hex,1,0.04,1000,12,0.19178,0.814794,0.703288,0.345584,0.349685,0.663297,0.032123,0.050511,3.7182,3.8062,9,8
hex,2,0.04,500,12,0.227497,0.853404,0.709755,0.328967,0.37117,0.738806,0.033533,0.057958,3.6803,3.7083,11,6
hex,2,0.04,1000,12,0.179948,0.941313,0.726571,0.350374,0.31299,0.67151,0.033993,0.036631,3.7498,3.5862,11,7
hex,3,0.04,500,12,0.173614,0.925038,0.692069,0.345578,0.336472,0.755891,0.038074,0.009294,3.7567,3.5792,11,7
hex,3,0.04,1000,12,0.172634,0.894137,0.701189,0.33889,0.308987,0.67699,0.034474,0.042114,3.7101,3.6027,11,7
hex,4,0.04,500,12,0.173516,0.940792,0.659101,0.332466,0.345581,0.629471,0.03431,-0.099081,3.6302,3.7712,16,5
hex,4,0.04,1000,12,0.157205,0.779917,0.650247,0.368649,0.33572,0.777429,0.033736,0.041381,3.7428,3.5551,14,5
hex,5,0.04,500,12,0.207947,0.890178,0.732022,0.338494,0.329661,0.738335,0.034089,-0.020064,3.6284,3.5547,15,11
hex,5,0.04,1000,12,0.20664,0.850373,0.662639,0.323581,0.368802,0.791655,0.033274,0.016696,3.591,3.7022,14,5
hex,6,0.04,500,12,0.20913,0.855645,0.74375,0.349093,0.370758,0.751375,0.032459,0.005102,3.7599,3.6359,13,9
hex,6,0.04,1000,12,0.179767,0.834596,0.720025,0.323654,0.340256,0.728256,0.033346,-0.014008,3.6172,3.5819,12,7
hex,7,0.04,500,12,0.21302,0.869146,0.728368,0.347311,0.350071,0.81886,0.033201,0.060811,3.7237,3.5778,12,8
hex,7,0.04,1000,12,0.217681,0.912623,0.705975,0.337518,0.347112,0.797903,0.034198,-0.086549,3.7546,3.5043,16,8
hex,8,0.04,500,12,0.200539,0.901657,0.686765,0.32824,0.332344,0.681459,0.033437,-0.011596,3.6938,3.6132,17,5
hex,8,0.04,1000,12,0.229092,0.893215,0.678924,0.325709,0.362435,0.769195,0.033893,-0.050475,3.6269,3.5821,18,6
hex,9,0.04,500,12,0.18708,0.867923,0.679631,0.323812,0.327454,0.730698,0.034471,0.075671,3.6371,3.6047,13,6
hex,9,0.04,1000,12,0.228951,0.936602,0.743273,0.344494,0.358133,0.775259,0.033842,0.034214,3.7264,3.7173,11,9
hex,10,0.04,500,12,0.209335,0.885564,0.741195,0.346298,0.368305,0.702754,0.033809,-0.035114,3.6682,3.6985,11,7
hex,10,0.04,1000,12,0.197868,0.960462,0.697033,0.335437,0.334817,0.699935,0.035717,-0.063345,3.6738,3.7085,13,7
hex,11,0.04,500,12,0.232022,0.921175,0.754654,0.33675,0.339765,0.740532,0.032462,0.035753,3.6952,3.6942,16,6
hex,11,0.04,1000,12,0.219242,0.884917,0.680826,0.33014,0.340884,0.850686,0.034807,0.03645,3.6299,3.4547,12,6
hex,12,0.04,500,12,0.187148,0.91692,0.718562,0.342228,0.319035,0.712629,0.035864,0.068731,3.7495,3.5621,14,6
hex,12,0.04,1000,12,0.195566,0.845281,0.628839,0.308609,0.342632,0.764666,0.036441,0.011766,3.5884,3.5821,14,7
hex,13,0.04,500,12,0.25813,0.801382,0.680378,0.287713,0.38138,0.798733,0.034192,0.007759,3.4789,3.7524,15,5
hex,13,0.04,1000,12,0.15742,0.878062,0.703997,0.363668,0.330713,0.706884,0.032341,0.074085,3.7333,3.6022,9,8
hex,14,0.04,500,12,0.226642,0.908555,0.693892,0.338534,0.358167,0.789772,0.033609,0.076566,3.6661,3.616,12,5
hex,14,0.04,1000,12,0.13747,0.865254,0.695644,0.336204,0.319096,0.789152,0.031982,0.07461,3.6862,3.551,16,7
hex,15,0.04,500,12,0.191995,0.875376,0.727275,0.338741,0.332454,0.704206,0.034038,0.021626,3.7155,3.5701,15,8
hex,15,0.04,1000,12,0.18201,0.984219,0.713578,0.355277,0.335059,0.75277,0.034775,0.031862,3.7798,3.6165,12,9
hex,16,0.04,500,12,0.160355,0.924956,0.762874,0.391795,0.34459,0.785242,0.034362,0.089109,3.9026,3.5071,12,9
hex,16,0.04,1000,12,0.106335,0.802593,0.679607,0.351238,0.356325,0.736495,0.034201,-0.032753,3.7031,3.7199,17,7
hex,17,0.04,500,12,0.160248,0.896086,0.704814,0.361983,0.342044,0.74805,0.03325,0.028516,3.7954,3.6764,12,7
hex,17,0.04,1000,12,0.217577,0.901251,0.734378,0.346499,0.371946,0.826617,0.032007,-0.001252,3.7368,3.5478,15,8
hex,18,0.04,500,12,0.151513,0.906861,0.732452,0.379385,0.336031,0.646625,0.033496,-0.03558,3.8691,3.7499,17,9
hex,18,0.04,1000,12,0.180146,0.816092,0.650733,0.34047,0.331634,0.681365,0.03421,-0.108123,3.6802,3.7487,13,4
hex,19,0.04,500,12,0.139964,0.802619,0.655158,0.330304,0.331096,0.699038,0.037222,-0.014441,3.7127,3.7103,12,4
hex,19,0.04,1000,12,0.148167,0.834236,0.730051,0.355766,0.311591,0.640632,0.032097,0.028087,3.7948,3.5929,11,10
hex,20,0.04,500,12,0.193905,0.865592,0.712498,0.345201,0.326392,0.802324,0.033863,0.019869,3.7224,3.5918,12,7
hex,20,0.04,1000,12,0.156221,0.927727,0.652768,0.314782,0.332412,0.749284,0.033457,0.028203,3.6283,3.5823,12,3
hex,21,0.04,500,12,0.181959,0.80298,0.678966,0.326074,0.329906,0.757659,0.034413,-0.016718,3.681,3.591,16,5
hex,21,0.04,1000,12,0.185394,0.856061,0.684284,0.335303,0.341358,0.633594,0.03372,0.025355,3.7013,3.8443,12,5
hex,22,0.04,500,12,0.226778,0.868581,0.725269,0.329953,0.344906,0.767779,0.035163,0.042508,3.6721,3.6618,11,7
hex,22,0.04,1000,12,0.142823,0.896642,0.755602,0.391821,0.329079,0.753776,0.033592,-0.01256,3.865,3.5671,13,11
hex,23,0.04,500,12,0.242361,0.843719,0.703153,0.308311,0.374956,0.739946,0.037265,0.043193,3.5714,3.7298,14,8
hex,23,0.04,1000,12,0.226352,0.926398,0.73124,0.327638,0.342424,0.75005,0.034998,-0.037361,3.6712,3.7663,14,9
hex,24,0.04,500,12,0.162194,0.816838,0.67477,0.361312,0.324094,0.796213,0.03446,-0.153752,3.6984,3.5468,17,3
hex,24,0.04,1000,12,0.216172,0.847272,0.674821,0.328701,0.351999,0.755525,0.034686,0.022297,3.6569,3.5777,12,7
hex,25,0.04,500,12,0.184286,0.85847,0.741833,0.356318,0.353557,0.842057,0.034181,-0.031743,3.7821,3.466,13,10
hex,25,0.04,1000,12,0.22731,0.912787,0.698473,0.321995,0.365141,0.744864,0.033654,0.006634,3.6153,3.7294,15,7
hex,26,0.04,500,12,0.227182,0.826767,0.728127,0.325704,0.362223,0.783835,0.03263,-0.000726,3.6245,3.5525,12,7
hex,26,0.04,1000,12,0.212019,0.785295,0.690538,0.31819,0.343589,0.719755,0.035772,0.010991,3.5548,3.675,12,7
hex,27,0.04,500,12,0.191686,0.877221,0.714814,0.351356,0.337606,0.623576,0.035007,-0.025988,3.778,3.7461,11,7
hex,27,0.04,1000,12,0.211057,0.873508,0.717721,0.31671,0.335786,0.673326,0.0347,0.011796,3.5566,3.6795,16,7
hex,28,0.04,500,12,0.211309,0.892038,0.778713,0.370006,0.349075,0.722305,0.032958,-0.042711,3.7921,3.7198,13,10
hex,28,0.04,1000,12,0.232627,0.851807,0.698017,0.335333,0.349495,0.824458,0.03387,0.065632,3.6574,3.5147,13,7
hex,29,0.04,500,12,0.166946,0.836822,0.693208,0.367947,0.33347,0.696333,0.033947,0.015435,3.7761,3.5758,12,4
hex,29,0.04,1000,12,0.224248,0.903365,0.682515,0.324662,0.361617,0.66844,0.033265,-0.031578,3.6589,3.7595,16,6
hex,30,0.04,500,12,0.216497,0.911552,0.719465,0.3533,0.330258,0.680436,0.035533,0.047507,3.727,3.7103,12,10
hex,30,0.04,1000,12,0.146547,0.879548,0.63745,0.325123,0.338926,0.783654,0.033671,-0.052097,3.6797,3.5519,14,4
hex,31,0.04,500,12,0.213818,0.859147,0.676395,0.347814,0.344929,0.795512,0.033187,-0.022219,3.6788,3.5264,14,5
hex,31,0.04,1000,12,0.17498,0.920931,0.672689,0.350921,0.330692,0.637657,0.033672,-0.047567,3.7261,3.7994,16,7
hex,32,0.04,500,12,0.131328,0.874877,0.611063,0.321294,0.347717,0.751256,0.03539,-0.017399,3.6385,3.4959,12,5
hex,32,0.04,1000,12,0.177183,0.865236,0.669837,0.336412,0.344516,0.686787,0.032508,-0.011842,3.697,3.6781,15,6
hex,33,0.04,500,12,0.18921,0.911743,0.654919,0.324082,0.353063,0.694332,0.032846,0.002587,3.6625,3.7884,12,5
hex,33,0.04,1000,12,0.144989,0.863817,0.687188,0.345521,0.319707,0.565248,0.032881,-0.044746,3.6964,3.8567,13,5
hex,34,0.04,500,12,0.175947,0.857274,0.691173,0.348562,0.339877,0.702413,0.033321,0.005672,3.757,3.6854,17,5
hex,34,0.04,1000,12,0.16261,0.845062,0.685551,0.328253,0.345104,0.668157,0.03277,0.015624,3.6677,3.6545,15,6
hex,35,0.04,500,12,0.183216,0.823491,0.729693,0.349335,0.344749,0.68753,0.035484,-0.00223,3.7641,3.7911,14,9
hex,35,0.04,1000,12,0.148309,0.876479,0.690208,0.353611,0.340629,0.855285,0.036063,0.040719,3.7541,3.4451,15,7
hex,36,0.04,500,12,0.182187,0.938465,0.706764,0.350802,0.330594,0.7774,0.035417,-0.003686,3.734,3.5727,14,7
hex,36,0.04,1000,12,0.158682,0.824188,0.627608,0.331348,0.338092,0.733711,0.03209,0.011955,3.6838,3.6618,11,4
hex,37,0.04,500,12,0.238736,0.931949,0.672411,0.309378,0.344325,0.778471,0.032882,-0.13364,3.5487,3.5449,15,5
hex,37,0.04,1000,12,0.208551,0.791987,0.651369,0.313298,0.342304,0.739301,0.033591,0.111025,3.5724,3.637,12,5
hex,38,0.04,500,12,0.119872,0.794623,0.61219,0.342881,0.333391,0.724194,0.032082,0.015133,3.6771,3.4856,10,2
hex,38,0.04,1000,12,0.198162,0.826605,0.665352,0.327239,0.343761,0.774033,0.032732,-0.003664,3.6681,3.6218,15,7
hex,39,0.04,500,12,0.162655,0.945704,0.738891,0.376805,0.337935,0.740452,0.033151,0.019583,3.8601,3.615,12,9
hex,39,0.04,1000,12,0.156477,0.837706,0.700109,0.336362,0.350767,0.688447,0.032666,0.002135,3.6974,3.6852,11,8
hex,40,0.04,500,12,0.20485,0.869616,0.65073,0.33596,0.344563,0.701267,0.032497,-0.044365,3.6569,3.7779,17,5
hex,40,0.04,1000,12,0.15337,0.92269,0.730998,0.373796,0.33619,0.722057,0.035674,-0.035382,3.9013,3.7792,15,7
hex,41,0.04,500,12,0.136635,0.863957,0.628902,0.352359,0.310921,0.621298,0.035579,-0.059633,3.7489,3.8089,13,4
hex,41,0.04,1000,12,0.217153,0.789037,0.692439,0.324978,0.330428,0.665615,0.036273,-0.047851,3.5887,3.597,15,6
hex,42,0.04,500,12,0.250386,0.943948,0.695826,0.299075,0.338859,0.719561,0.033372,0.02721,3.5623,3.7093,17,6
hex,42,0.04,1000,12,0.244607,0.89349,0.781281,0.333621,0.355834,0.794583,0.03532,-0.053859,3.6876,3.5355,16,8
hex,43,0.04,500,12,0.202352,0.832587,0.673234,0.328662,0.355359,0.677249,0.032957,-0.031042,3.6376,3.6657,15,6
hex,43,0.04,1000,12,0.190207,0.922945,0.70581,0.319631,0.323073,0.683542,0.033887,-0.040472,3.6411,3.6033,13,6
hex,44,0.04,500,12,0.140595,0.835145,0.680504,0.339593,0.335137,0.813267,0.034326,-0.033225,3.7127,3.4631,12,4
hex,44,0.04,1000,12,0.183187,0.943007,0.627566,0.310609,0.333081,0.792433,0.034678,-0.003226,3.5643,3.4617,12,3
hex,45,0.04,500,12,0.177423,0.958248,0.71976,0.350391,0.347082,0.81293,0.034307,0.010463,3.7854,3.4663,12,8
hex,45,0.04,1000,12,0.22342,0.835275,0.701609,0.319231,0.346425,0.711283,0.033166,-0.083916,3.6183,3.8189,13,8
hex,46,0.04,500,12,0.177723,0.894035,0.700015,0.370835,0.33285,0.731937,0.035818,0.01804,3.8143,3.5601,11,7
hex,46,0.04,1000,12,0.220509,0.883137,0.716559,0.349601,0.350205,0.837668,0.033492,-0.031814,3.7235,3.5384,15,8
hex,47,0.04,500,12,0.181852,0.79959,0.702993,0.309174,0.324032,0.824039,0.033402,-0.027635,3.5695,3.3784,14,7
hex,47,0.04,1000,12,0.200328,0.948122,0.728359,0.326017,0.366208,0.717762,0.035525,0.036142,3.6754,3.7406,13,9
hex,48,0.04,500,12,0.206932,0.866136,0.734274,0.361875,0.371314,0.710554,0.034271,-0.041171,3.7662,3.7444,12,6
hex,48,0.04,1000,12,0.175253,0.900046,0.719458,0.349712,0.371972,0.916917,0.032893,-0.006679,3.7652,3.4987,15,7
hex,49,0.04,500,12,0.186345,0.765342,0.71613,0.331339,0.330648,0.725936,0.034125,-0.03375,3.6587,3.5704,11,9
hex,49,0.04,1000,12,0.177083,0.902267,0.697411,0.355397,0.342352,0.734312,0.034459,-0.029674,3.7697,3.5409,14,4
hex,50,0.04,500,12,0.238109,0.921853,0.735027,0.34767,0.361893,0.729495,0.032987,0.015711,3.7174,3.6324,15,9
hex,50,0.04,1000,12,0.143919,0.907428,0.679182,0.340039,0.315167,0.85243,0.036548,-0.031543,3.7675,3.3884,15,5
random,1,0.04,500,12,0.19486,0.888171,0.753464,0.351452,0.335651,0.809568,0.039731,-0.051989,3.7354,3.5233,20,12
random,1,0.04,1000,12,0.15612,0.797628,0.676183,0.32951,0.346197,0.750038,0.039085,0.008167,3.6053,3.7207,19,5
random,2,0.04,500,12,0.166655,0.893947,0.668419,0.341001,0.336264,0.743641,0.039792,-0.022852,3.7057,3.7802,22,3
random,2,0.04,1000,12,0.181088,0.820702,0.698783,0.341269,0.324851,0.748529,0.038023,0.015554,3.7565,3.6771,19,7
random,3,0.04,500,12,0.208745,0.84725,0.674072,0.332295,0.32621,0.654708,0.041159,0.027684,3.6722,3.7493,16,6
random,3,0.04,1000,12,0.190472,0.824095,0.728671,0.331457,0.351836,0.734682,0.038404,-0.035809,3.6229,3.7037,18,7
random,4,0.04,500,12,0.223725,0.904474,0.764386,0.34933,0.357951,0.860592,0.036569,0.046086,3.7702,3.6291,12,9
random,4,0.04,1000,12,0.154939,0.821526,0.695968,0.362685,0.330241,0.630967,0.037541,0.01386,3.7223,3.7644,19,8
random,5,0.04,500,12,0.197022,0.918161,0.760042,0.35942,0.343685,0.829852,0.036631,0.052386,3.8197,3.5536,14,9
random,5,0.04,1000,12,0.199492,0.787567,0.668988,0.332225,0.364552,0.817651,0.039438,-0.017922,3.6564,3.5928,17,6
random,6,0.04,500,12,0.193984,0.924264,0.731258,0.34952,0.350215,0.888913,0.036548,-0.017462,3.7421,3.4271,17,8
random,6,0.04,1000,12,0.125764,0.901738,0.704141,0.373051,0.343809,0.72043,0.037827,-0.033284,3.8266,3.7481,16,8
random,7,0.04,500,12,0.185896,0.867962,0.748251,0.3495,0.347461,0.708533,0.036892,-0.02158,3.7529,3.7775,18,9
random,7,0.04,1000,12,0.111721,0.834206,0.663857,0.342227,0.335239,0.69731,0.038033,-0.07649,3.7195,3.7553,17,4
random,8,0.04,500,12,0.14907,0.82342,0.677833,0.33734,0.349794,0.719822,0.037025,0.003141,3.6902,3.7377,16,5
random,8,0.04,1000,12,0.181786,0.813147,0.700682,0.332166,0.350309,0.683293,0.037896,-0.021509,3.6716,3.8899,17,7
random,9,0.04,500,12,0.224612,0.879538,0.70975,0.331923,0.352621,0.754882,0.038421,-0.046327,3.6664,3.7226,18,8
random,9,0.04,1000,12,0.183139,0.821424,0.670083,0.325427,0.335285,0.735179,0.036991,0.01578,3.6223,3.7222,15,3
random,10,0.04,500,12,0.209133,0.815111,0.681421,0.317948,0.359274,0.830638,0.037762,0.010476,3.6506,3.5222,14,6
random,10,0.04,1000,12,0.202574,0.905068,0.719025,0.337923,0.348349,0.684582,0.039341,-0.023607,3.7134,3.8186,24,6
random,11,0.04,500,12,0.208554,0.907724,0.688681,0.346456,0.339201,0.795211,0.039307,0.011323,3.6993,3.5328,23,6
random,11,0.04,1000,12,0.276571,0.932197,0.710233,0.305598,0.360036,0.866439,0.0382,0.03265,3.5245,3.5465,18,7
random,12,0.04,500,12,0.15846,0.812678,0.639449,0.32942,0.33056,0.699418,0.039918,-0.036563,3.6702,3.6214,15,4
random,12,0.04,1000,12,0.192897,0.918237,0.700366,0.329216,0.358293,0.764489,0.039032,-0.007138,3.7174,3.5622,18,7
random,13,0.04,500,12,0.183908,0.914027,0.76877,0.37961,0.34083,0.79116,0.036393,-0.009094,3.8102,3.6538,18,10
random,13,0.04,1000,12,0.164803,0.889526,0.720011,0.349668,0.338097,0.700966,0.037159,0.032037,3.7321,3.6131,16,8
random,14,0.04,500,12,0.188616,0.915605,0.731756,0.357533,0.342673,0.743394,0.036939,-0.054801,3.8126,3.729,19,9
random,14,0.04,1000,12,0.141822,0.768497,0.632779,0.323463,0.35636,0.758967,0.03927,-0.020568,3.6235,3.6715,11,3
random,15,0.04,500,12,0.193515,0.829028,0.675405,0.304561,0.356478,0.792337,0.038362,0.033601,3.5877,3.7568,17,7
random,15,0.04,1000,12,0.195184,0.888069,0.695917,0.332429,0.367041,0.806199,0.039537,-0.036987,3.6914,3.6232,17,7
random,16,0.04,500,12,0.20519,0.835331,0.726211,0.310507,0.343928,0.708925,0.037221,-0.029577,3.6085,3.8265,15,6
random,16,0.04,1000,12,0.161463,0.87077,0.756429,0.355867,0.345553,0.707234,0.039551,-0.01018,3.8054,3.808,18,11
random,17,0.04,500,12,0.147529,0.847487,0.671079,0.347156,0.325009,0.620675,0.038667,0.022889,3.751,3.8487,18,5
random,17,0.04,1000,12,0.191691,0.837568,0.709081,0.324817,0.347022,0.727492,0.038526,-0.010956,3.6459,3.7386,16,8
random,18,0.04,500,12,0.183236,0.800016,0.695455,0.360768,0.344644,0.734903,0.040181,0.030372,3.75,3.7459,13,5
random,18,0.04,1000,12,0.187654,0.913894,0.675903,0.348772,0.324021,0.650666,0.038322,0.039499,3.7716,3.7182,19,6
random,19,0.04,500,12,0.197872,0.857413,0.694751,0.329415,0.335094,0.817142,0.040414,0.042349,3.666,3.5908,23,6
random,19,0.04,1000,12,0.202522,0.900133,0.768854,0.37771,0.347647,0.861223,0.039096,-0.115586,3.8491,3.61,22,12
random,20,0.04,500,12,0.160122,0.916563,0.649418,0.336089,0.343414,0.88636,0.039204,0.004506,3.6973,3.5309,13,5
random,20,0.04,1000,12,0.20122,0.883297,0.760159,0.329798,0.342403,0.719222,0.038619,0.039457,3.6644,3.6749,14,8
random,21,0.04,500,12,0.176356,0.894081,0.634505,0.339347,0.331925,0.75807,0.036763,-0.016987,3.6851,3.656,22,3
random,21,0.04,1000,12,0.137759,0.859583,0.632527,0.332027,0.337457,0.742905,0.03959,0.000428,3.6973,3.6946,19,4
random,22,0.04,500,12,0.167615,0.858146,0.733368,0.333106,0.333862,0.719134,0.036765,-0.023332,3.6742,3.6783,19,9
random,22,0.04,1000,12,0.192918,0.821018,0.673761,0.310338,0.345864,0.79168,0.039602,0.022684,3.5377,3.6012,16,5
random,23,0.04,500,12,0.180579,0.77346,0.645656,0.318282,0.366373,0.785076,0.040348,-0.022782,3.5927,3.6978,18,3
random,23,0.04,1000,12,0.168808,0.922119,0.685759,0.340371,0.345153,0.814988,0.039739,0.018603,3.7177,3.4012,14,7
random,24,0.04,500,12,0.158252,0.944269,0.599576,0.305467,0.329025,0.70496,0.039995,0.045796,3.5702,3.5815,15,4
random,24,0.04,1000,12,0.186203,0.779221,0.683224,0.327067,0.335448,0.653802,0.040253,-0.031364,3.6567,3.863,15,5
random,25,0.04,500,12,0.140491,0.837009,0.634707,0.348298,0.331083,0.680241,0.036724,0.010119,3.7383,3.7487,15,6
random,25,0.04,1000,12,0.215388,0.894926,0.762082,0.343606,0.359969,0.786606,0.040017,-0.033387,3.7058,3.7264,17,12
random,26,0.04,500,12,0.18182,0.801289,0.67264,0.316472,0.355953,0.857598,0.038287,-0.020675,3.5855,3.513,13,6
random,26,0.04,1000,12,0.200524,0.929759,0.722835,0.330845,0.364928,0.850436,0.038541,-0.007458,3.701,3.505,17,8
random,27,0.04,500,12,0.227065,0.940802,0.75366,0.364147,0.347415,0.832073,0.038181,-0.028608,3.7906,3.4443,21,9
random,27,0.04,1000,12,0.184646,0.901115,0.706285,0.353738,0.363042,0.760132,0.037134,0.071129,3.7573,3.7383,22,9
random,28,0.04,500,12,0.151754,0.901187,0.716278,0.337875,0.317898,0.674249,0.037251,0.012975,3.6925,3.7844,18,6
random,28,0.04,1000,12,0.188019,0.833364,0.70072,0.359274,0.34309,0.795717,0.038089,0.132252,3.776,3.5702,16,8
random,29,0.04,500,12,0.169656,0.812699,0.755657,0.35919,0.344002,0.739277,0.039023,-0.062376,3.7599,3.6897,18,8
random,29,0.04,1000,12,0.162878,0.906616,0.719894,0.368876,0.341387,0.694465,0.038876,0.000281,3.8693,3.8245,23,10
random,30,0.04,500,12,0.175012,0.864623,0.685958,0.334456,0.333355,0.619565,0.039334,0.006914,3.713,3.9106,18,7
random,30,0.04,1000,12,0.170852,0.890274,0.65784,0.358888,0.337052,0.827659,0.03893,-0.00157,3.7601,3.5166,19,4
random,31,0.04,500,12,0.196632,0.914687,0.713567,0.323047,0.359604,0.74161,0.040296,-0.005899,3.6377,3.7407,15,7
random,31,0.04,1000,12,0.215027,0.921028,0.670333,0.331601,0.336788,0.815454,0.03853,0.075345,3.6861,3.5804,16,4
random,32,0.04,500,12,0.149134,0.753009,0.659468,0.338399,0.34526,0.717795,0.038446,-0.007621,3.6735,3.6524,13,5
random,32,0.04,1000,12,0.159306,0.882616,0.651443,0.323203,0.33922,0.818019,0.037814,0.003685,3.631,3.5262,16,3
random,33,0.04,500,12,0.170872,0.901784,0.650355,0.328997,0.345625,0.781231,0.038818,0.004822,3.6596,3.6214,20,5
random,33,0.04,1000,12,0.192203,0.879776,0.739454,0.358102,0.338528,0.745843,0.039057,0.051133,3.7998,3.7013,13,10
random,34,0.04,500,12,0.154028,0.821219,0.641299,0.317805,0.351507,0.77246,0.038821,0.037815,3.6777,3.6278,13,6
random,34,0.04,1000,12,0.172968,0.950674,0.755942,0.361608,0.355875,0.825404,0.038431,-0.080924,3.828,3.5399,16,9
random,35,0.04,500,12,0.160993,0.85452,0.686759,0.338816,0.346323,0.6786,0.03942,-0.044089,3.7443,3.7917,16,7
random,35,0.04,1000,12,0.221849,0.874146,0.702184,0.342224,0.332975,0.826589,0.040853,0.045967,3.7296,3.4628,14,7
random,36,0.04,500,12,0.189577,0.75204,0.663499,0.328913,0.337977,0.668424,0.039233,-0.014891,3.5985,3.8282,14,4
random,36,0.04,1000,12,0.164418,0.803512,0.650813,0.323447,0.346938,0.737061,0.037494,-0.018623,3.6375,3.7187,18,3
random,37,0.04,500,12,0.206695,0.809635,0.733373,0.32715,0.354859,0.790847,0.038106,-0.035286,3.658,3.4722,21,9
random,37,0.04,1000,12,0.197059,0.931367,0.680602,0.333069,0.338632,0.635831,0.036974,0.040459,3.7025,3.8493,16,3
random,38,0.04,500,12,0.133112,0.817835,0.651719,0.348847,0.332934,0.675342,0.03732,0.059679,3.7824,3.8646,14,5
random,38,0.04,1000,12,0.193109,0.829532,0.613606,0.295164,0.338016,0.679683,0.037999,-0.068471,3.5335,3.8855,18,4
random,39,0.04,500,12,0.167599,0.817766,0.678083,0.341413,0.345901,0.760229,0.038321,-0.030684,3.7488,3.7407,22,6
random,39,0.04,1000,12,0.195449,0.920131,0.703639,0.347504,0.326234,0.745866,0.040364,0.026768,3.6859,3.6368,20,8
random,40,0.04,500,12,0.164369,0.90786,0.62777,0.333098,0.360908,0.777859,0.039063,-0.033803,3.6767,3.6575,16,4
random,40,0.04,1000,12,0.197611,0.829934,0.662316,0.313856,0.341267,0.853921,0.040105,-0.008409,3.5468,3.539,14,5
random,41,0.04,500,12,0.230213,0.88713,0.778343,0.340329,0.363667,0.803462,0.03925,-0.004009,3.6853,3.6511,20,11
random,41,0.04,1000,12,0.142172,0.858564,0.687212,0.350952,0.34304,0.760502,0.040829,-0.014453,3.7543,3.7033,18,7
random,42,0.04,500,12,0.198537,0.843911,0.713881,0.341147,0.325252,0.719494,0.038131,-0.053795,3.7222,3.6303,16,7
random,42,0.04,1000,12,0.193819,0.837692,0.680213,0.347595,0.337335,0.846235,0.038346,0.047618,3.706,3.4885,15,5
random,43,0.04,500,12,0.155487,0.77572,0.636538,0.32479,0.334974,0.803727,0.036869,0.057789,3.6641,3.5203,13,3
random,43,0.04,1000,12,0.178935,0.799758,0.664133,0.33166,0.338805,0.718573,0.038726,0.018936,3.6543,3.5456,17,6
random,44,0.04,500,12,0.146441,0.831553,0.655538,0.359913,0.339208,0.819797,0.039166,0.036588,3.7601,3.6144,16,4
random,44,0.04,1000,12,0.205589,0.806586,0.679277,0.340573,0.319297,0.6627,0.04053,-0.009127,3.6731,3.6534,20,5
random,45,0.04,500,12,0.19061,0.803649,0.712829,0.319204,0.343804,0.694856,0.038673,0.008362,3.5904,3.7585,15,8
random,45,0.04,1000,12,0.237847,0.863751,0.725343,0.339154,0.370224,0.824466,0.038216,-0.0245,3.6569,3.5483,24,11
random,46,0.04,500,12,0.160176,0.858641,0.704283,0.366202,0.353346,0.694333,0.038923,-0.098623,3.8223,3.8114,19,7
random,46,0.04,1000,12,0.178642,0.887833,0.718667,0.326001,0.33896,0.711619,0.039087,-0.039703,3.6846,3.5476,18,8
random,47,0.04,500,12,0.189691,0.901125,0.685743,0.341717,0.337145,0.814157,0.038141,-0.090039,3.71,3.5971,17,6
random,47,0.04,1000,12,0.158058,0.854645,0.777538,0.364145,0.351737,0.729576,0.03762,0.030834,3.7657,3.8026,19,11
random,48,0.04,500,12,0.183318,0.88718,0.704855,0.337641,0.355803,0.808042,0.039434,-0.000713,3.7025,3.5926,16,8
random,48,0.04,1000,12,0.208066,0.856371,0.696593,0.316355,0.362015,0.724535,0.038566,0.006203,3.646,3.702,18,8
random,49,0.04,500,12,0.189419,0.826238,0.718926,0.352928,0.328498,0.71698,0.037519,0.002758,3.7605,3.5363,17,11
random,49,0.04,1000,12,0.151653,0.824787,0.710603,0.32733,0.353375,0.834955,0.037474,0.014381,3.6741,3.6395,17,7
random,50,0.04,500,12,0.207236,0.909136,0.677019,0.305196,0.340006,0.764711,0.03787,-0.011126,3.5735,3.5668,23,5
random,50,0.04,1000,12,0.184056,0.845027,0.664394,0.333661,0.323906,0.701352,0.037724,0.001652,3.6636,3.657,17,5
small_world,1,0.04,500,12,0.224836,0.777451,0.694027,0.329458,0.315024,0.716832,0.043642,0.025304,3.6219,3.5658,19,7
small_world,1,0.04,1000,12,0.189639,0.864081,0.735795,0.362186,0.328727,0.754839,0.040436,0.046543,3.8181,3.7553,19,9
small_world,2,0.04,500,12,0.233138,0.853475,0.725069,0.323882,0.335873,0.780902,0.0407,0.007765,3.6599,3.7219,19,9
small_world,2,0.04,1000,12,0.168942,0.840237,0.690694,0.36538,0.301919,0.891329,0.041994,-0.017683,3.7785,3.3751,12,7
small_world,3,0.04,500,12,0.208748,0.908116,0.75392,0.360625,0.326637,0.670269,0.045356,-0.025934,3.8156,3.8172,23,12
small_world,3,0.04,1000,12,0.184427,0.80671,0.686644,0.342622,0.318014,0.757142,0.04217,-0.138037,3.7295,3.552,22,7
small_world,4,0.04,500,12,0.226907,0.93435,0.714848,0.332701,0.312339,0.668858,0.040213,0.025186,3.6816,3.8,19,7
small_world,4,0.04,1000,12,0.148096,0.792,0.660159,0.333072,0.314427,0.749597,0.04206,0.002927,3.6503,3.5654,16,4
small_world,5,0.04,500,12,0.231413,0.883741,0.664615,0.306238,0.32125,0.757603,0.041188,-0.013424,3.5858,3.4607,18,7
small_world,5,0.04,1000,12,0.168603,0.86379,0.665876,0.342059,0.30732,0.772088,0.043061,0.099145,3.6749,3.6559,15,5
small_world,6,0.04,500,12,0.191101,0.8663,0.684913,0.336802,0.331724,0.774871,0.040874,-0.008174,3.7416,3.6386,23,6
small_world,6,0.04,1000,12,0.197085,0.853713,0.72644,0.35032,0.323809,0.727633,0.042202,0.008537,3.7301,3.6945,24,7
small_world,7,0.04,500,12,0.202256,0.883019,0.739411,0.345761,0.340033,0.75047,0.039044,0.045349,3.719,3.8423,16,7
small_world,7,0.04,1000,12,0.156957,0.880168,0.724233,0.333804,0.307144,0.789678,0.040502,0.026573,3.6933,3.626,19,8
small_world,8,0.04,500,12,0.176345,0.977327,0.683493,0.35999,0.314947,0.792542,0.041772,0.043847,3.7475,3.5202,16,6
small_world,8,0.04,1000,12,0.184301,0.878696,0.74096,0.386803,0.330956,0.726372,0.04005,0.014955,3.8871,3.6605,19,12
small_world,9,0.04,500,12,0.162826,0.826968,0.68541,0.364956,0.283172,0.672671,0.041021,-0.06789,3.7725,3.6453,20,5
small_world,9,0.04,1000,12,0.183997,0.88328,0.688567,0.319424,0.318573,0.774905,0.040513,-0.002077,3.6393,3.5478,17,7
small_world,10,0.04,500,12,0.173214,0.801874,0.669005,0.3365,0.330333,0.806825,0.041481,-0.013528,3.6835,3.6546,20,6
small_world,10,0.04,1000,12,0.17173,0.812582,0.706993,0.341577,0.309888,0.659713,0.042725,-0.034676,3.6941,3.7539,19,8
small_world,11,0.04,500,12,0.182342,0.832911,0.714363,0.350614,0.318022,0.700666,0.040209,-0.017454,3.7416,3.6908,17,9
small_world,11,0.04,1000,12,0.247563,0.94951,0.785028,0.33785,0.321149,0.678321,0.043972,0.010979,3.6929,3.8755,17,12
small_world,12,0.04,500,12,0.195303,0.858506,0.682808,0.353731,0.299387,0.598792,0.043003,-0.05119,3.7629,3.8184,19,6
small_world,12,0.04,1000,12,0.235893,0.851475,0.732899,0.336585,0.324318,0.684723,0.043495,-0.077578,3.6731,3.5907,26,10
small_world,13,0.04,500,12,0.193894,0.806778,0.64645,0.343426,0.338947,0.851484,0.040536,-0.106321,3.6643,3.5786,19,3
small_world,13,0.04,1000,12,0.188192,0.952007,0.714339,0.352017,0.323755,0.808633,0.039692,-0.091221,3.7851,3.661,16,9
small_world,14,0.04,500,12,0.168564,0.843468,0.672922,0.332058,0.303129,0.755245,0.042112,-0.035129,3.6438,3.6714,17,4
small_world,14,0.04,1000,12,0.196735,0.878696,0.735089,0.331279,0.310431,0.705078,0.041599,0.008702,3.7152,3.7,13,10
small_world,15,0.04,500,12,0.204925,0.903478,0.72674,0.336193,0.316127,0.807703,0.040615,0.048773,3.6993,3.4488,13,9
small_world,15,0.04,1000,12,0.163768,0.885285,0.673057,0.333957,0.301287,0.706964,0.043618,0.010525,3.7296,3.7119,19,6
small_world,16,0.04,500,12,0.195383,0.875481,0.718265,0.331157,0.321041,0.729648,0.041808,-0.075541,3.69,3.6076,16,7
small_world,16,0.04,1000,12,0.118282,0.847946,0.62318,0.362921,0.339395,0.859398,0.043606,0.055605,3.7934,3.4721,16,3
small_world,17,0.04,500,12,0.162054,0.875095,0.670063,0.34854,0.310938,0.640776,0.038848,-0.01939,3.7224,3.7979,18,4
small_world,17,0.04,1000,12,0.211113,0.873334,0.759339,0.373362,0.33107,0.711482,0.040873,0.052451,3.7532,3.6329,15,10
small_world,18,0.04,500,12,0.177638,0.896483,0.78304,0.342602,0.325092,0.745294,0.040677,-0.037855,3.7215,3.6813,13,9
small_world,18,0.04,1000,12,0.145731,0.893892,0.70118,0.358383,0.303939,0.681153,0.043639,-0.027539,3.7932,3.7237,16,6
small_world,19,0.04,500,12,0.136793,0.915219,0.619089,0.333448,0.308834,0.764192,0.042091,-0.004089,3.7166,3.4664,15,3
small_world,19,0.04,1000,12,0.135293,0.805088,0.65165,0.349338,0.284445,0.69873,0.040121,0.00073,3.759,3.6823,12,5
small_world,20,0.04,500,12,0.176548,0.879393,0.671059,0.332449,0.304123,0.70196,0.041302,0.06046,3.6949,3.728,14,5
small_world,20,0.04,1000,12,0.186378,0.88654,0.655335,0.338197,0.321062,0.707807,0.041684,0.101127,3.7017,3.776,13,5
small_world,21,0.04,500,12,0.175588,0.8565,0.647796,0.338003,0.318675,0.8141,0.043376,0.002343,3.7079,3.5477,17,5
small_world,21,0.04,1000,12,0.179419,0.913404,0.752615,0.354007,0.330236,0.778284,0.0424,-0.008515,3.805,3.6708,18,11
small_world,22,0.04,500,12,0.171616,0.8753,0.72876,0.378866,0.304011,0.723848,0.042841,0.017117,3.8372,3.5771,17,11
small_world,22,0.04,1000,12,0.147814,0.835127,0.68811,0.351107,0.299766,0.741399,0.041332,0.039101,3.7607,3.5709,16,5
small_world,23,0.04,500,12,0.177206,0.8366,0.718706,0.3331,0.324608,0.755368,0.041439,-0.074158,3.6708,3.6331,17,9
small_world,23,0.04,1000,12,0.141002,0.913977,0.599706,0.309446,0.306935,0.68053,0.040963,-0.022435,3.548,3.6797,17,1
small_world,24,0.04,500,12,0.232646,0.944872,0.71293,0.317691,0.327053,0.715303,0.042223,0.023912,3.6601,3.7593,20,9
small_world,24,0.04,1000,12,0.193645,0.946295,0.691271,0.339548,0.313894,0.702987,0.042949,0.009121,3.7427,3.6802,17,6
small_world,25,0.04,500,12,0.204164,0.907318,0.718752,0.31291,0.322445,0.699336,0.041453,-0.164293,3.6318,3.6694,17,8
small_world,25,0.04,1000,12,0.139246,0.844266,0.694156,0.359732,0.32117,0.738405,0.044036,-0.026138,3.7679,3.7629,11,5
small_world,26,0.04,500,12,0.207471,0.844758,0.678113,0.324886,0.330924,0.805792,0.042524,-0.031125,3.6461,3.5258,17,7
small_world,26,0.04,1000,12,0.1472,0.784708,0.685397,0.372269,0.312096,0.748913,0.042769,0.079199,3.7812,3.5814,15,5
small_world,27,0.04,500,12,0.251817,0.837935,0.689143,0.301851,0.33811,0.690673,0.041398,-0.042155,3.4959,3.853,20,5
small_world,27,0.04,1000,12,0.229481,0.836209,0.728173,0.341754,0.334248,0.762105,0.042176,-0.075775,3.685,3.6183,19,8
small_world,28,0.04,500,12,0.126922,0.776555,0.672302,0.324392,0.309783,0.688174,0.039878,0.066459,3.6504,3.6667,14,3
small_world,28,0.04,1000,12,0.177073,0.881544,0.731893,0.352983,0.311139,0.684809,0.043927,-0.071192,3.7742,3.6855,20,9
small_world,29,0.04,500,12,0.207722,0.84441,0.701804,0.356716,0.295488,0.700641,0.042834,0.017619,3.7348,3.5648,19,8
small_world,29,0.04,1000,12,0.175194,0.876752,0.68876,0.359202,0.318292,0.743342,0.042208,0.025069,3.7311,3.6696,18,6
small_world,30,0.04,500,12,0.201381,0.938168,0.705347,0.342331,0.319566,0.748281,0.042428,0.003664,3.7058,3.7105,14,7
small_world,30,0.04,1000,12,0.161069,0.885215,0.688266,0.337174,0.304234,0.586672,0.040674,-0.06692,3.6572,3.8277,16,5
small_world,31,0.04,500,12,0.183062,0.868466,0.74507,0.334807,0.32335,0.667153,0.042433,-0.030341,3.6983,3.758,16,9
small_world,31,0.04,1000,12,0.185983,0.851777,0.696519,0.3412,0.308294,0.778811,0.04161,0.012471,3.6898,3.6162,20,7
small_world,32,0.04,500,12,0.145723,0.841052,0.639915,0.335441,0.309729,0.747375,0.042232,0.005633,3.7165,3.5475,14,5
small_world,32,0.04,1000,12,0.212838,0.890039,0.702547,0.332184,0.3268,0.788019,0.039418,-0.089321,3.6708,3.5872,19,7
small_world,33,0.04,500,12,0.198132,0.803289,0.651597,0.345982,0.327515,0.722442,0.040209,-0.015297,3.6783,3.744,17,5
small_world,33,0.04,1000,12,0.14326,0.865019,0.630945,0.339547,0.294337,0.778585,0.041979,0.056302,3.684,3.4811,14,3
small_world,34,0.04,500,12,0.181164,0.83321,0.676583,0.341062,0.311396,0.627532,0.041306,0.022981,3.7416,3.7893,12,7
small_world,34,0.04,1000,12,0.193841,0.847366,0.624068,0.301429,0.312368,0.73737,0.044364,-0.001981,3.5197,3.563,16,2
small_world,35,0.04,500,12,0.148491,0.814813,0.640729,0.312831,0.300386,0.658192,0.041253,-0.031643,3.5406,3.6634,6,3
small_world,35,0.04,1000,12,0.182166,0.728344,0.66213,0.346561,0.327529,0.72824,0.044164,0.06353,3.6944,3.736,17,5
small_world,36,0.04,500,12,0.177226,0.896035,0.687435,0.333046,0.305192,0.817288,0.042915,-0.001093,3.6739,3.5221,16,5
small_world,36,0.04,1000,12,0.210057,0.861839,0.713572,0.35204,0.323395,0.737184,0.040897,-0.035138,3.7591,3.526,20,8
small_world,37,0.04,500,12,0.216023,0.887503,0.719922,0.337631,0.319152,0.813421,0.044643,-0.038537,3.6907,3.653,19,8
small_world,37,0.04,1000,12,0.212053,0.832064,0.648829,0.320188,0.328804,0.735257,0.042573,0.026128,3.5502,3.7271,14,3
small_world,38,0.04,500,12,0.19595,0.818126,0.699845,0.354936,0.317299,0.704554,0.041609,0.000704,3.742,3.7638,16,7
small_world,38,0.04,1000,12,0.1828,0.859039,0.69882,0.336828,0.320424,0.866958,0.039103,0.004536,3.7321,3.4783,10,7
small_world,39,0.04,500,12,0.229484,0.923035,0.69667,0.334942,0.337955,0.697807,0.04071,0.024176,3.6504,3.9297,22,6
small_world,39,0.04,1000,12,0.18486,0.914109,0.789283,0.36701,0.31258,0.752089,0.041999,0.016358,3.7639,3.48,20,9
small_world,40,0.04,500,12,0.14657,0.838351,0.673789,0.340754,0.304291,0.720583,0.039176,0.03498,3.7098,3.6342,18,4
small_world,40,0.04,1000,12,0.185905,0.879038,0.633231,0.329575,0.319299,0.699658,0.041367,-0.070982,3.6243,3.6107,20,3
small_world,41,0.04,500,12,0.173981,0.885458,0.67647,0.325331,0.304043,0.722493,0.043671,0.071928,3.6603,3.5826,17,7
small_world,41,0.04,1000,12,0.218618,0.898611,0.722136,0.352149,0.307309,0.723755,0.043088,0.019459,3.7182,3.559,14,10
small_world,42,0.04,500,12,0.207402,0.900731,0.774065,0.354948,0.305338,0.789279,0.0419,-0.031999,3.7388,3.5847,17,10
small_world,42,0.04,1000,12,0.186785,0.944419,0.728135,0.359601,0.321217,0.809658,0.042519,-0.01346,3.7772,3.5959,16,7
small_world,43,0.04,500,12,0.16635,0.823144,0.712469,0.345469,0.321005,0.800332,0.041814,-0.026783,3.707,3.4905,12,7
small_world,43,0.04,1000,12,0.20364,0.901783,0.718131,0.349736,0.312783,0.694437,0.041931,0.02817,3.753,3.5739,13,7
small_world,44,0.04,500,12,0.153809,0.813416,0.728435,0.357922,0.326647,0.834062,0.042534,0.067037,3.7292,3.6169,15,7
small_world,44,0.04,1000,12,0.151663,0.933784,0.69889,0.365349,0.32033,0.713407,0.04186,0.057489,3.8209,3.7616,16,8
small_world,45,0.04,500,12,0.132919,0.862404,0.671079,0.366554,0.316577,0.802505,0.043136,-0.042463,3.8209,3.6565,18,5
small_world,45,0.04,1000,12,0.146964,0.89932,0.734681,0.342024,0.310104,0.624836,0.041246,-0.086662,3.7383,3.8124,17,7
small_world,46,0.04,500,12,0.162477,0.905662,0.76376,0.35095,0.30974,0.659075,0.042139,-0.01191,3.8203,3.7486,14,10
small_world,46,0.04,1000,12,0.187937,0.855223,0.708641,0.35412,0.329765,0.793395,0.041082,-0.027992,3.7449,3.5655,18,9
small_world,47,0.04,500,12,0.204058,0.900703,0.738224,0.343929,0.331405,0.83434,0.040135,-0.112943,3.7773,3.3961,20,9
small_world,47,0.04,1000,12,0.199874,0.844421,0.660175,0.331923,0.338164,0.728329,0.042362,-0.05397,3.5905,3.7477,19,5
small_world,48,0.04,500,12,0.209081,0.897009,0.690526,0.338782,0.331758,0.806556,0.042547,0.000833,3.7132,3.4859,21,5
small_world,48,0.04,1000,12,0.197663,0.808396,0.71423,0.336242,0.327841,0.749142,0.038858,-0.021611,3.6371,3.5915,14,4
small_world,49,0.04,500,12,0.164667,0.814987,0.648704,0.328865,0.303765,0.745327,0.041501,0.004647,3.676,3.614,19,5
small_world,49,0.04,1000,12,0.198033,0.801545,0.678393,0.33265,0.318321,0.862205,0.04112,0.088002,3.6089,3.5316,21,4
small_world,50,0.04,500,12,0.229165,0.801757,0.686748,0.319514,0.345343,0.801701,0.039611,0.022496,3.5941,3.5408,16,7
small_world,50,0.04,1000,12,0.19354,0.867626,0.665369,0.315871,0.321074,0.772389,0.042158,0.023682,3.5888,3.5391,17,4
von_neumann,1,0.08,500,12,0.223357,0.917246,0.715177,0.339888,0.284642,0.697022,0.066976,-0.070701,3.7014,3.6742,20,8
von_neumann,1,0.08,1000,12,0.152616,0.750243,0.618765,0.334726,0.268659,0.67782,0.065929,0.046917,3.6162,3.5369,16,3
von_neumann,2,0.08,500,12,0.252583,0.925113,0.724392,0.316598,0.294821,0.74139,0.067647,0.036132,3.5834,3.676,17,7
von_neumann,2,0.08,1000,12,0.193199,0.917039,0.731655,0.352661,0.221931,0.618617,0.072437,0.047285,3.7366,3.4838,20,6
von_neumann,3,0.08,500,12,0.162332,0.888982,0.691609,0.355387,0.257603,0.65506,0.073194,0.105517,3.7684,3.5247,14,7
von_neumann,3,0.08,1000,12,0.174705,0.896176,0.693027,0.36904,0.229517,0.639405,0.070728,0.069305,3.7606,3.5443,15,5
von_neumann,4,0.08,500,12,0.179752,0.811784,0.699004,0.345914,0.257926,0.590999,0.068229,-0.034196,3.6762,3.7061,15,8
von_neumann,4,0.08,1000,12,0.189639,0.893713,0.694242,0.358914,0.254642,0.759593,0.071335,0.064342,3.7059,3.4438,16,6
von_neumann,5,0.08,500,12,0.232157,0.898021,0.715061,0.333911,0.263033,0.650929,0.070975,0.007462,3.6867,3.7409,18,11
von_neumann,5,0.08,1000,12,0.193208,0.866936,0.722617,0.32791,0.278753,0.736454,0.068797,-0.013017,3.7006,3.6326,22,8
von_neumann,6,0.08,500,12,0.15311,0.893412,0.697696,0.336469,0.278926,0.603768,0.067903,-0.114121,3.6678,3.8453,17,8
von_neumann,6,0.08,1000,12,0.185297,0.803274,0.668085,0.318709,0.257744,0.556511,0.069617,0.056217,3.6512,3.787,20,5
von_neumann,7,0.08,500,12,0.173553,0.800219,0.660501,0.325216,0.262883,0.65161,0.065636,0.122466,3.6302,3.5785,13,4
von_neumann,7,0.08,1000,12,0.216978,0.903858,0.751749,0.316744,0.269852,0.640718,0.069284,-0.196156,3.646,3.6824,25,9
von_neumann,8,0.08,500,12,0.221426,0.955972,0.728346,0.36287,0.270375,0.753985,0.068063,-0.044689,3.7937,3.5949,23,9
von_neumann,8,0.08,1000,12,0.196557,0.895137,0.673577,0.329241,0.284629,0.727986,0.065822,-0.060806,3.6347,3.5256,16,5
von_neumann,9,0.08,500,12,0.17507,0.871653,0.723068,0.353448,0.251073,0.645135,0.068948,-0.032228,3.7602,3.5786,17,9
von_neumann,9,0.08,1000,12,0.193004,0.784053,0.689675,0.317553,0.259826,0.599427,0.068692,-0.001728,3.6096,3.7627,14,5
von_neumann,10,0.08,500,12,0.20811,0.891619,0.734003,0.337013,0.283486,0.665701,0.06618,0.080017,3.6959,3.7054,15,9
von_neumann,10,0.08,1000,12,0.204451,0.853101,0.686101,0.342103,0.26349,0.600058,0.067903,-0.090889,3.7013,3.6385,16,6
von_neumann,11,0.08,500,12,0.209989,0.755787,0.708716,0.34925,0.273912,0.689457,0.064508,-0.021627,3.6803,3.6665,16,8
von_neumann,11,0.08,1000,12,0.248028,0.897546,0.685006,0.302339,0.26992,0.598654,0.06988,0.0354,3.5127,3.7253,19,7
von_neumann,12,0.08,500,12,0.183525,0.755368,0.664353,0.330283,0.260108,0.740466,0.069546,0.010578,3.646,3.4657,18,7
von_neumann,12,0.08,1000,12,0.223315,0.802757,0.698092,0.309931,0.266899,0.712319,0.070989,-0.010125,3.611,3.6509,12,8
von_neumann,13,0.08,500,12,0.211689,0.825737,0.649723,0.31875,0.278583,0.682041,0.068822,-0.041522,3.6247,3.7724,16,4
von_neumann,13,0.08,1000,12,0.146253,0.943799,0.625378,0.341687,0.248324,0.595445,0.064549,0.063951,3.7314,3.5367,13,5
von_neumann,14,0.08,500,12,0.170509,0.895882,0.722454,0.351394,0.276157,0.74515,0.065417,0.075493,3.7486,3.632,11,8
von_neumann,14,0.08,1000,12,0.139051,0.859148,0.681887,0.348962,0.243867,0.755591,0.067489,-0.031102,3.7342,3.455,19,5
von_neumann,15,0.08,500,12,0.189435,0.913708,0.72467,0.346,0.246033,0.671095,0.068404,-0.014154,3.6969,3.4407,16,11
von_neumann,15,0.08,1000,12,0.187853,0.85948,0.73019,0.338331,0.256255,0.559624,0.071161,-0.024563,3.7165,3.8325,19,10
von_neumann,16,0.08,500,12,0.175686,0.937513,0.710817,0.350983,0.267885,0.820002,0.067129,0.014002,3.7834,3.4661,18,8
von_neumann,16,0.08,1000,12,0.180324,0.90774,0.67316,0.361781,0.283649,0.593929,0.068488,0.035446,3.7952,3.7677,17,5
von_neumann,17,0.08,500,12,0.144936,0.817941,0.697685,0.357069,0.254911,0.603652,0.066925,0.019438,3.7598,3.7357,15,8
von_neumann,17,0.08,1000,12,0.246048,0.829437,0.718932,0.333477,0.304247,0.748893,0.064654,0.038556,3.6931,3.5961,18,10
von_neumann,18,0.08,500,12,0.165088,0.89945,0.696112,0.341511,0.261298,0.642299,0.067349,0.111872,3.7056,3.5304,13,7
von_neumann,18,0.08,1000,12,0.183036,0.886718,0.693216,0.366245,0.258917,0.660268,0.071622,-0.076565,3.8238,3.6747,18,7
von_neumann,19,0.08,500,12,0.174397,0.851697,0.691834,0.350428,0.263978,0.662413,0.074981,-0.036033,3.7631,3.5714,15,6
von_neumann,19,0.08,1000,12,0.163401,0.889005,0.707302,0.35634,0.251076,0.710426,0.067904,0.084097,3.7499,3.5082,13,7
von_neumann,20,0.08,500,12,0.203066,0.925308,0.741259,0.344102,0.230749,0.670927,0.072166,0.084675,3.7235,3.3543,15,9
von_neumann,20,0.08,1000,12,0.180249,0.877137,0.694441,0.324224,0.2574,0.595712,0.069857,0.016686,3.6044,3.7917,18,5
von_neumann,21,0.08,500,12,0.165014,0.813725,0.651161,0.320647,0.230058,0.713592,0.070477,-0.055257,3.5813,3.2742,17,5
von_neumann,21,0.08,1000,12,0.195496,0.857148,0.665422,0.306903,0.253984,0.545904,0.066797,-0.01986,3.5582,3.903,13,6
von_neumann,22,0.08,500,12,0.1925,0.900613,0.711444,0.370329,0.266695,0.81546,0.06975,-0.080242,3.8044,3.3717,18,7
von_neumann,22,0.08,1000,12,0.150864,0.903113,0.700472,0.353036,0.260912,0.514603,0.064444,0.027138,3.8121,3.8862,15,8
von_neumann,23,0.08,500,12,0.205874,0.912074,0.674428,0.310472,0.268941,0.667725,0.073832,0.009557,3.6184,3.6176,16,6
von_neumann,23,0.08,1000,12,0.19411,0.899504,0.715597,0.360596,0.256012,0.662183,0.070079,-0.087577,3.7372,3.6843,21,8
von_neumann,24,0.08,500,12,0.194365,0.840201,0.707853,0.341745,0.251782,0.647396,0.071868,-0.053357,3.6726,3.6634,17,11
von_neumann,24,0.08,1000,12,0.201387,0.883183,0.673288,0.30806,0.261642,0.56137,0.068231,-0.045142,3.6002,3.7299,20,7
von_neumann,25,0.08,500,12,0.187172,0.817421,0.702135,0.354794,0.283534,0.660909,0.066156,0.072804,3.7489,3.7756,18,7
von_neumann,25,0.08,1000,12,0.191149,0.893647,0.711674,0.299328,0.283878,0.684232,0.069176,0.013493,3.5658,3.7224,15,8
von_neumann,26,0.08,500,12,0.16079,0.864551,0.68422,0.355516,0.264696,0.705347,0.068737,0.009967,3.6043,3.5996,16,4
von_neumann,26,0.08,1000,12,0.215306,0.783602,0.695545,0.350083,0.249708,0.577307,0.073729,-0.003453,3.6678,3.74,13,6
von_neumann,27,0.08,500,12,0.162421,0.864612,0.736175,0.364425,0.250414,0.57677,0.073591,0.026608,3.7921,3.6767,17,10
von_neumann,27,0.08,1000,12,0.214069,0.862588,0.679101,0.343774,0.259608,0.546672,0.067239,-0.031674,3.6733,3.7989,20,6
von_neumann,28,0.08,500,12,0.211226,0.861702,0.731747,0.353659,0.261651,0.62174,0.072891,-0.007263,3.7441,3.6572,18,7
von_neumann,28,0.08,1000,12,0.238405,0.905543,0.708936,0.323501,0.266543,0.613633,0.068975,-0.028603,3.6498,3.6875,16,7
von_neumann,29,0.08,500,12,0.128692,0.846916,0.61731,0.366744,0.248363,0.560074,0.067513,0.056684,3.7846,3.7553,17,5
von_neumann,29,0.08,1000,12,0.231168,0.940633,0.768273,0.322913,0.280868,0.622613,0.067557,-0.005974,3.6669,3.7883,18,11
von_neumann,30,0.08,500,12,0.213056,0.92096,0.752527,0.353462,0.257969,0.581201,0.068962,0.114771,3.7682,3.8076,15,11
von_neumann,30,0.08,1000,12,0.180375,0.844557,0.67295,0.308392,0.262932,0.708448,0.067831,-0.129866,3.5815,3.5312,15,4
von_neumann,31,0.08,500,12,0.204531,0.872517,0.74575,0.354635,0.259659,0.640936,0.066968,-0.063415,3.755,3.6604,20,12
von_neumann,31,0.08,1000,12,0.219189,0.91683,0.693397,0.336332,0.267469,0.608428,0.069001,-0.05358,3.6263,3.6728,19,6
von_neumann,32,0.08,500,12,0.163912,0.8178,0.682327,0.324857,0.267773,0.686428,0.069596,-0.032333,3.649,3.6809,18,7
von_neumann,32,0.08,1000,12,0.193503,0.825025,0.685072,0.326537,0.267291,0.611705,0.0657,0.056406,3.6172,3.7326,14,7
von_neumann,33,0.08,500,12,0.167291,0.925229,0.686075,0.345981,0.266656,0.617757,0.065438,0.016416,3.7379,3.7006,17,5
von_neumann,33,0.08,1000,12,0.18427,0.879486,0.679026,0.337124,0.253717,0.670695,0.065507,-0.06573,3.6541,3.5738,18,3
von_neumann,34,0.08,500,12,0.174524,0.897092,0.713117,0.330247,0.257623,0.621111,0.068974,-0.079041,3.6659,3.7474,16,8
von_neumann,34,0.08,1000,12,0.171616,0.810147,0.660307,0.336914,0.269532,0.577112,0.066177,-0.044071,3.7114,3.8117,15,5
von_neumann,35,0.08,500,12,0.157686,0.888418,0.637675,0.351654,0.260641,0.744171,0.070543,0.054137,3.7146,3.5068,18,6
von_neumann,35,0.08,1000,12,0.125264,0.872561,0.668054,0.349708,0.253307,0.547603,0.074316,0.13283,3.7511,3.818,13,5
von_neumann,36,0.08,500,12,0.150127,0.85442,0.714218,0.335273,0.249592,0.579573,0.070809,-0.030063,3.7507,3.7776,14,9
von_neumann,36,0.08,1000,12,0.152371,0.866366,0.638401,0.323505,0.257337,0.61843,0.064306,-0.035848,3.6795,3.6408,16,5
von_neumann,37,0.08,500,12,0.225105,0.896948,0.716997,0.340739,0.270925,0.708032,0.066893,-0.161805,3.717,3.6413,23,10
von_neumann,37,0.08,1000,12,0.191898,0.85596,0.667227,0.328139,0.252752,0.578564,0.069863,0.041652,3.6733,3.5854,14,5
von_neumann,38,0.08,500,12,0.138929,0.861157,0.686768,0.362016,0.269369,0.668881,0.068874,-0.016615,3.7663,3.6055,17,6
von_neumann,38,0.08,1000,12,0.192507,0.870602,0.67596,0.341854,0.257944,0.629843,0.065449,0.011694,3.6944,3.7145,12,6
von_neumann,39,0.08,500,12,0.169512,0.850183,0.680045,0.32963,0.276781,0.778007,0.064805,0.059864,3.6579,3.512,15,4
von_neumann,39,0.08,1000,12,0.163822,0.873686,0.658611,0.327582,0.264317,0.619524,0.070072,-0.074935,3.6446,3.7477,16,4
von_neumann,40,0.08,500,12,0.18795,0.881524,0.664534,0.329413,0.241413,0.578792,0.071088,0.00959,3.6969,3.7135,18,5
von_neumann,40,0.08,1000,12,0.1619,0.948713,0.737566,0.391896,0.253292,0.727964,0.072068,-0.093328,3.9294,3.3485,21,11
von_neumann,41,0.08,500,12,0.13903,0.907263,0.664152,0.340268,0.231036,0.584534,0.073337,-0.075611,3.6967,3.5992,17,4
von_neumann,41,0.08,1000,12,0.19489,0.900969,0.717734,0.334951,0.247865,0.60704,0.07044,0.014837,3.6428,3.5432,13,7
von_neumann,42,0.08,500,12,0.196806,0.866167,0.739532,0.355549,0.260993,0.652265,0.065844,0.181707,3.7317,3.7127,14,10
von_neumann,42,0.08,1000,12,0.219822,0.948054,0.762122,0.352188,0.272182,0.847051,0.071813,-0.020488,3.7688,3.2904,20,8
von_neumann,43,0.08,500,12,0.18808,0.853447,0.631687,0.312986,0.283327,0.620506,0.064641,0.007117,3.559,3.6988,17,3
von_neumann,43,0.08,1000,12,0.187325,0.835551,0.680082,0.309889,0.241592,0.69565,0.066959,-0.059437,3.6381,3.4403,17,7
von_neumann,44,0.08,500,12,0.192676,0.904699,0.694893,0.345795,0.265088,0.764113,0.066891,-0.081877,3.7403,3.4371,17,5
von_neumann,44,0.08,1000,12,0.200707,0.866712,0.680036,0.339389,0.254664,0.661276,0.071641,-0.005175,3.6671,3.5814,16,6
von_neumann,45,0.08,500,12,0.162663,0.874613,0.67856,0.355074,0.269643,0.780528,0.065213,-0.010496,3.7001,3.4065,15,5
von_neumann,45,0.08,1000,12,0.220034,0.827323,0.706798,0.320584,0.253414,0.759043,0.06947,-0.086692,3.6357,3.3441,19,8
von_neumann,46,0.08,500,12,0.211282,0.915921,0.669283,0.330978,0.259795,0.719242,0.069801,0.044762,3.6869,3.5024,15,5
von_neumann,46,0.08,1000,12,0.200358,0.835415,0.739036,0.352312,0.2668,0.740404,0.070085,0.049232,3.7551,3.4652,15,7
von_neumann,47,0.08,500,12,0.221758,0.869446,0.710893,0.329661,0.252214,0.641453,0.067772,-0.062903,3.5867,3.5241,19,9
von_neumann,47,0.08,1000,12,0.18448,0.895271,0.629573,0.325155,0.269693,0.594501,0.072686,-0.009484,3.6764,3.7508,18,4
von_neumann,48,0.08,500,12,0.197517,0.759978,0.664592,0.315299,0.283257,0.709578,0.068754,0.032609,3.6149,3.795,12,2
von_neumann,48,0.08,1000,12,0.185866,0.865277,0.713009,0.323724,0.286166,0.728987,0.066494,-0.018855,3.6386,3.554,17,8
von_neumann,49,0.08,500,12,0.156202,0.85928,0.633962,0.347999,0.248895,0.754475,0.072613,-0.009412,3.7239,3.4695,20,3
von_neumann,49,0.08,1000,12,0.191506,0.874235,0.714506,0.34383,0.266435,0.700287,0.067393,0.079856,3.7211,3.5679,18,9
von_neumann,50,0.08,500,12,0.235159,0.888041,0.77764,0.325743,0.26877,0.610307,0.068832,0.119659,3.6673,3.6527,19,9
von_neumann,50,0.08,1000,12,0.150385,0.839534,0.672152,0.329362,0.240199,0.704561,0.069247,0.035185,3.6654,3.5111,19,5
moore,1,0.08,500,12,0.218881,0.884805,0.638431,0.331604,0.337036,0.796449,0.043042,-0.005936,3.5589,3.5729,10,1
moore,1,0.08,1000,12,0.187188,0.811959,0.663636,0.33806,0.320364,0.64886,0.04102,0.030196,3.6851,3.6477,12,4
moore,2,0.08,500,12,0.226595,0.83944,0.701414,0.326307,0.344034,0.679191,0.043648,0.077889,3.6186,3.7096,6,8
moore,2,0.08,1000,12,0.22785,0.870711,0.775514,0.334763,0.276668,0.639697,0.045175,0.088107,3.6869,3.5437,5,7
moore,3,0.08,500,12,0.181833,0.893592,0.673155,0.346654,0.302186,0.818181,0.047756,0.081681,3.7017,3.2298,9,5
moore,3,0.08,1000,12,0.18238,0.913342,0.705544,0.341836,0.260171,0.612665,0.0447,0.064354,3.7318,3.5121,8,5
moore,4,0.08,500,12,0.178436,0.789039,0.708539,0.335962,0.320111,0.661244,0.045844,-0.104114,3.6697,3.7098,16,10
moore,4,0.08,1000,12,0.141251,0.870201,0.710207,0.369781,0.308669,0.693733,0.043066,0.067545,3.8268,3.4896,10,7
moore,5,0.08,500,12,0.258199,0.842765,0.769499,0.312122,0.310818,0.699259,0.04612,0.055634,3.5994,3.6147,5,8
moore,5,0.08,1000,12,0.208977,0.902783,0.72353,0.329431,0.331788,0.742725,0.04393,-0.022113,3.655,3.7382,9,6
moore,6,0.08,500,12,0.219041,0.851067,0.716029,0.340587,0.34381,0.912544,0.04191,-0.029783,3.6936,3.4138,10,6
moore,6,0.08,1000,12,0.171409,0.87512,0.626513,0.304214,0.315844,0.607344,0.042721,-0.04862,3.5658,3.5214,10,3
moore,7,0.08,500,12,0.197112,0.900184,0.753806,0.366161,0.317082,0.884788,0.041433,0.0463,3.8437,3.321,8,7
moore,7,0.08,1000,12,0.224694,0.850598,0.692034,0.317966,0.326494,0.687584,0.044825,-0.003888,3.6274,3.6568,9,7
moore,8,0.08,500,12,0.235914,0.906934,0.703412,0.342423,0.313555,0.698186,0.043331,-0.013023,3.6608,3.6842,12,7
moore,8,0.08,1000,12,0.22811,0.832406,0.699736,0.325153,0.330751,0.737822,0.043534,0.043347,3.6482,3.4595,9,8
moore,9,0.08,500,12,0.174247,0.913998,0.707119,0.352821,0.301971,0.635882,0.044492,0.04173,3.7954,3.661,8,6
moore,9,0.08,1000,12,0.233137,0.95436,0.714562,0.319011,0.314151,0.698866,0.046741,0.059376,3.6245,3.605,5,6
moore,10,0.08,500,12,0.226598,0.87995,0.761959,0.339885,0.341754,0.681771,0.045369,-0.04403,3.6976,3.6535,10,8
moore,10,0.08,1000,12,0.216865,0.893574,0.724949,0.329818,0.306525,0.645986,0.046751,-0.047292,3.6069,3.6248,16,7
moore,11,0.08,500,12,0.247159,0.868522,0.72061,0.322455,0.323255,0.86422,0.041402,0.046862,3.5996,3.2777,10,7
moore,11,0.08,1000,12,0.244649,0.831584,0.733362,0.297581,0.322083,0.735749,0.044981,0.006174,3.5103,3.5582,10,7
moore,12,0.08,500,12,0.194343,0.950348,0.670642,0.3243,0.301217,0.641626,0.044784,0.013677,3.6523,3.7758,10,4
moore,12,0.08,1000,12,0.220296,0.815777,0.667236,0.306048,0.313995,0.729422,0.048718,0.011248,3.5699,3.5809,12,4
moore,13,0.08,500,12,0.233004,0.871724,0.692919,0.287196,0.347165,0.741767,0.04444,0.034093,3.4878,3.7336,13,4
moore,13,0.08,1000,12,0.192651,0.805639,0.675149,0.328194,0.297044,0.621548,0.04382,0.027656,3.6265,3.661,9,5
moore,14,0.08,500,12,0.242532,0.952177,0.702723,0.338626,0.327112,0.66697,0.044062,0.088734,3.6833,3.6413,9,6
moore,14,0.08,1000,12,0.11727,0.889084,0.681628,0.345153,0.269607,0.623594,0.044696,0.059321,3.7388,3.6406,11,6
moore,15,0.08,500,12,0.172112,0.784632,0.649024,0.322701,0.291941,0.620897,0.044732,-0.034337,3.6437,3.6345,10,3
moore,15,0.08,1000,12,0.171305,0.853964,0.749866,0.370011,0.304143,0.690331,0.044518,0.041972,3.8055,3.6048,9,6
moore,16,0.08,500,12,0.171662,0.923593,0.778722,0.371421,0.302985,0.632571,0.044352,0.110479,3.8156,3.6059,9,9
moore,16,0.08,1000,12,0.162551,0.888825,0.66189,0.340449,0.357019,0.776902,0.043723,-0.011592,3.6779,3.6044,12,2
moore,17,0.08,500,12,0.1929,0.89225,0.677679,0.345546,0.313403,0.776427,0.044127,0.027274,3.7221,3.5863,7,5
moore,17,0.08,1000,12,0.23754,0.906301,0.695401,0.333629,0.354833,0.750885,0.04141,0.017741,3.7146,3.6861,12,6
moore,18,0.08,500,12,0.157843,0.882194,0.737709,0.38068,0.299963,0.587638,0.045941,0.009969,3.8331,3.7271,12,10
moore,18,0.08,1000,12,0.201482,0.91629,0.715004,0.360364,0.307176,0.72662,0.044516,-0.05324,3.7887,3.6327,11,6
moore,19,0.08,500,12,0.15909,0.753309,0.625429,0.311385,0.305484,0.637413,0.051804,-0.001246,3.5931,3.6617,11,3
moore,19,0.08,1000,12,0.193865,0.81682,0.735397,0.322024,0.289451,0.716356,0.042108,-0.001183,3.6619,3.2653,10,9
moore,20,0.08,500,12,0.189122,0.887937,0.756336,0.378409,0.292456,0.644285,0.044814,0.052339,3.8279,3.6465,4,6
moore,20,0.08,1000,12,0.182577,0.786255,0.669054,0.313307,0.318846,0.608389,0.043569,-0.008629,3.5988,3.7654,12,4
moore,21,0.08,500,12,0.178821,0.809045,0.70626,0.334378,0.289771,0.780485,0.046218,0.047222,3.7199,3.3602,7,5
moore,21,0.08,1000,12,0.184323,0.881872,0.661548,0.336866,0.314847,0.755848,0.043602,0.012039,3.7151,3.5922,9,4
moore,22,0.08,500,12,0.222736,0.93141,0.658819,0.340978,0.310698,0.741209,0.045903,0.030957,3.7007,3.5963,9,4
moore,22,0.08,1000,12,0.169413,0.884833,0.728905,0.384274,0.299339,0.627126,0.042644,-0.026568,3.8391,3.7888,10,8
moore,23,0.08,500,12,0.257156,0.824454,0.681173,0.325758,0.337028,0.744947,0.050377,0.057348,3.5967,3.6501,7,5
moore,23,0.08,1000,12,0.212564,0.874162,0.765735,0.357489,0.302941,0.717827,0.04675,0.046084,3.734,3.6438,8,6
moore,24,0.08,500,12,0.176955,0.862306,0.720821,0.369554,0.299947,0.798463,0.046233,-0.058927,3.7883,3.5147,11,9
moore,24,0.08,1000,12,0.201146,0.863975,0.687609,0.334324,0.320892,0.697046,0.045177,-0.012963,3.7029,3.6299,13,6
moore,25,0.08,500,12,0.178465,0.920441,0.764631,0.367058,0.325137,0.732656,0.043065,-0.021558,3.8297,3.6476,11,7
moore,25,0.08,1000,12,0.190591,0.848201,0.728445,0.34683,0.337293,0.675784,0.044955,0.08677,3.7431,3.7587,9,7
moore,26,0.08,500,12,0.207941,0.830585,0.659547,0.334301,0.311727,0.830292,0.041986,0.027492,3.7026,3.3471,10,6
moore,26,0.08,1000,12,0.214519,0.818338,0.681561,0.31976,0.305114,0.65872,0.048638,0.000506,3.5885,3.5998,9,6
moore,27,0.08,500,12,0.206061,0.918144,0.699127,0.333979,0.303984,0.760301,0.047472,0.070127,3.6682,3.4319,10,7
moore,27,0.08,1000,12,0.235342,0.848236,0.68338,0.304872,0.312348,0.641668,0.044914,-0.010682,3.5781,3.5991,8,6
moore,28,0.08,500,12,0.23005,0.837544,0.774307,0.367004,0.318557,0.679301,0.042748,-0.031288,3.7697,3.6753,10,7
moore,28,0.08,1000,12,0.250435,0.948374,0.710822,0.325635,0.321612,0.636792,0.044911,0.042554,3.6317,3.6912,8,7
moore,29,0.08,500,12,0.166619,0.845998,0.69084,0.360457,0.310666,0.707605,0.044525,0.016263,3.7431,3.5351,10,5
moore,29,0.08,1000,12,0.227333,0.781752,0.688309,0.321665,0.327482,0.8675,0.042669,-0.046366,3.6141,3.298,10,7
moore,30,0.08,500,12,0.234311,0.873562,0.80524,0.355352,0.304225,0.74378,0.047487,0.116446,3.7277,3.4467,7,4
moore,30,0.08,1000,12,0.173628,0.770717,0.684252,0.330403,0.313262,0.679851,0.04304,-0.020843,3.6592,3.7308,11,5
moore,31,0.08,500,12,0.204372,0.789131,0.685545,0.347385,0.30858,0.705014,0.040365,-0.029152,3.6655,3.5191,8,5
moore,31,0.08,1000,12,0.186782,0.890242,0.710339,0.36144,0.303224,0.735422,0.044417,0.005396,3.7873,3.4288,7,8
moore,32,0.08,500,12,0.16457,0.80319,0.646545,0.309774,0.316945,0.796184,0.046127,0.03022,3.6389,3.3984,11,6
moore,32,0.08,1000,12,0.180461,0.909458,0.70802,0.35547,0.324492,0.712166,0.041587,-0.02301,3.7967,3.6509,12,8
moore,33,0.08,500,12,0.198858,0.87071,0.708991,0.315674,0.32416,0.789044,0.042248,-0.036854,3.5882,3.587,11,6
moore,33,0.08,1000,12,0.170592,0.877758,0.679012,0.333486,0.297769,0.644251,0.043813,0.028261,3.7066,3.7147,11,7
moore,34,0.08,500,12,0.168662,0.872114,0.703313,0.361811,0.303901,0.755914,0.04471,0.090052,3.805,3.502,10,8
moore,34,0.08,1000,12,0.186804,0.937025,0.690263,0.322062,0.315094,0.668641,0.042638,0.043521,3.6372,3.6405,12,6
moore,35,0.08,500,12,0.210206,0.888294,0.737616,0.347996,0.317723,0.7596,0.048561,0.041704,3.7059,3.5764,8,8
moore,35,0.08,1000,12,0.165511,0.898055,0.699281,0.345083,0.297342,0.777,0.048193,0.027796,3.7248,3.3978,11,7
moore,36,0.08,500,12,0.158677,0.975507,0.692605,0.334876,0.288281,0.713417,0.046843,-0.00306,3.7034,3.5218,8,5
moore,36,0.08,1000,12,0.16887,0.823052,0.713593,0.350737,0.297983,0.701939,0.040433,0.008999,3.8134,3.5839,9,6
moore,37,0.08,500,12,0.240773,0.927172,0.674096,0.309939,0.307402,0.715849,0.04327,-0.046264,3.6079,3.5602,12,6
moore,37,0.08,1000,12,0.209142,0.817526,0.664853,0.322836,0.316433,0.701941,0.04376,0.054052,3.5985,3.7235,12,4
moore,38,0.08,500,12,0.148101,0.844802,0.676964,0.34927,0.312393,0.62336,0.040361,0.007697,3.7366,3.583,10,4
moore,38,0.08,1000,12,0.201156,0.861809,0.659077,0.325888,0.307421,0.706307,0.042034,0.008393,3.619,3.6965,8,2
moore,39,0.08,500,12,0.169005,0.850905,0.741669,0.380134,0.328877,0.699508,0.042908,-0.013092,3.8516,3.7522,7,11
moore,39,0.08,1000,12,0.163673,0.941455,0.6647,0.315413,0.3248,0.663538,0.042265,0.00599,3.6618,3.7399,13,6
moore,40,0.08,500,12,0.161932,0.875196,0.641854,0.334033,0.302114,0.599934,0.042037,-0.025443,3.6801,3.6701,10,3
moore,40,0.08,1000,12,0.169891,0.81769,0.734957,0.389691,0.31303,0.742052,0.04732,-0.042946,3.8513,3.6363,12,8
moore,41,0.08,500,12,0.154825,0.907749,0.679948,0.359442,0.286555,0.696057,0.047212,0.002518,3.7558,3.5214,12,5
moore,41,0.08,1000,12,0.201603,0.877072,0.717976,0.331044,0.29836,0.652476,0.04686,0.003024,3.6674,3.3756,11,8
moore,42,0.08,500,12,0.243607,0.880683,0.715867,0.295687,0.311311,0.704872,0.043963,0.03721,3.5507,3.6035,8,7
moore,42,0.08,1000,12,0.207994,0.900508,0.662811,0.331809,0.315147,0.63744,0.046209,0.001527,3.6742,3.6263,7,4
moore,43,0.08,500,12,0.223528,0.854319,0.7077,0.332707,0.334064,0.66578,0.043782,-0.000765,3.6858,3.6749,13,8
moore,43,0.08,1000,12,0.202112,0.807456,0.671181,0.314717,0.287461,0.653562,0.044441,-0.036872,3.623,3.5488,11,4
moore,44,0.08,500,12,0.161435,0.836302,0.688465,0.3288,0.30555,0.732936,0.044521,0.068283,3.6558,3.4462,12,6
moore,44,0.08,1000,12,0.190961,0.877284,0.691099,0.348959,0.295716,0.764046,0.04575,-0.0009,3.7473,3.4213,9,5
moore,45,0.08,500,12,0.174016,0.89231,0.717863,0.342129,0.315087,0.597113,0.043693,0.089198,3.7338,3.7375,10,9
moore,45,0.08,1000,12,0.269234,0.828025,0.736674,0.31398,0.30495,0.72809,0.044487,0.025769,3.5917,3.5631,8,9
moore,46,0.08,500,12,0.201265,0.877433,0.715428,0.361031,0.315525,0.675769,0.049536,0.013841,3.759,3.5468,10,7
moore,46,0.08,1000,12,0.191911,0.864555,0.722272,0.36877,0.320117,0.826956,0.045124,0.006795,3.7691,3.4218,9,9
moore,47,0.08,500,12,0.181585,0.830055,0.670265,0.332646,0.288943,0.729054,0.044257,-0.025477,3.6716,3.4083,11,4
moore,47,0.08,1000,12,0.215748,0.797408,0.718495,0.331881,0.334953,0.692944,0.047087,0.000812,3.6072,3.6639,10,9
moore,48,0.08,500,12,0.200617,0.925321,0.772285,0.361819,0.33131,0.640386,0.044675,-0.052985,3.8043,3.8135,9,7
moore,48,0.08,1000,12,0.170594,0.82694,0.720201,0.348234,0.333951,0.648231,0.04224,-0.026225,3.7493,3.7402,10,7
moore,49,0.08,500,12,0.180361,0.847782,0.68765,0.341415,0.300132,0.789947,0.046087,-0.034622,3.722,3.3953,12,6
moore,49,0.08,1000,12,0.1688,0.877757,0.701547,0.368017,0.306505,0.671514,0.045707,0.039661,3.7467,3.6869,9,4
moore,50,0.08,500,12,0.255503,0.925237,0.793925,0.355961,0.33166,0.766754,0.043082,0.077048,3.7877,3.4061,9,8
moore,50,0.08,1000,12,0.151652,0.883095,0.637033,0.337604,0.28807,0.905771,0.049055,0.082963,3.7161,3.2901,11,3
hex,1,0.08,500,12,0.209217,0.874347,0.655186,0.325308,0.32458,0.723331,0.049996,-0.05732,3.5965,3.7618,12,3
hex,1,0.08,1000,12,0.200605,0.918879,0.694177,0.337431,0.302278,0.759877,0.047229,0.074118,3.6953,3.416,10,5
hex,2,0.08,500,12,0.253859,0.909142,0.790069,0.319376,0.327928,0.662864,0.050397,0.0145,3.6547,3.7613,14,10
hex,2,0.08,1000,12,0.199614,0.841916,0.746823,0.34019,0.263016,0.582095,0.052287,0.10484,3.6808,3.6743,14,9
hex,3,0.08,500,12,0.178721,0.928601,0.712805,0.359539,0.29067,0.831753,0.055724,0.036259,3.8002,3.2626,12,5
hex,3,0.08,1000,12,0.188224,0.883167,0.704839,0.360548,0.251431,0.587206,0.050657,0.062581,3.7702,3.6099,10,8
hex,4,0.08,500,12,0.178477,0.908075,0.680777,0.339819,0.302553,0.737768,0.051029,-0.068582,3.69,3.5535,16,4
hex,4,0.08,1000,12,0.180914,0.829772,0.709558,0.37697,0.295477,0.663668,0.049869,0.052246,3.787,3.6461,15,10
hex,5,0.08,500,12,0.244145,0.900503,0.736303,0.318867,0.296054,0.811352,0.05188,0.100472,3.6229,3.4115,14,8
hex,5,0.08,1000,12,0.19815,0.930795,0.68508,0.322704,0.322389,0.733864,0.050065,-0.008435,3.6379,3.7622,15,5
hex,6,0.08,500,12,0.196583,0.870034,0.711348,0.33673,0.322607,0.728208,0.04749,-0.027248,3.7299,3.6726,11,9
hex,6,0.08,1000,12,0.177678,0.842193,0.641296,0.322491,0.301654,0.682294,0.048965,0.027979,3.6666,3.5398,13,4
hex,7,0.08,500,12,0.185362,0.909704,0.693365,0.337643,0.300539,0.929827,0.048333,0.113253,3.7206,3.3072,12,7
hex,7,0.08,1000,12,0.238306,0.900212,0.684358,0.309462,0.304383,0.646109,0.051043,-0.045007,3.5928,3.6116,14,6
hex,8,0.08,500,12,0.209895,0.891256,0.7031,0.358061,0.297882,0.657745,0.04941,0.003596,3.7504,3.7419,16,8
hex,8,0.08,1000,12,0.229866,0.782773,0.674588,0.315884,0.31346,0.642168,0.050079,-0.034171,3.5607,3.6331,18,7
hex,9,0.08,500,12,0.183233,0.865168,0.708904,0.351711,0.290861,0.609559,0.051152,0.108,3.7589,3.7748,9,5
hex,9,0.08,1000,12,0.238791,0.8668,0.742125,0.323295,0.3009,0.745875,0.051705,0.028603,3.6598,3.5765,13,9
hex,10,0.08,500,12,0.238757,0.919647,0.753344,0.326353,0.324766,0.735717,0.051122,-0.01092,3.6542,3.4788,13,7
hex,10,0.08,1000,12,0.22059,0.94495,0.742964,0.337015,0.29185,0.662846,0.053016,-0.118065,3.6872,3.7007,17,10
hex,11,0.08,500,12,0.24757,0.842814,0.74377,0.330266,0.304521,0.68268,0.047955,0.048112,3.6653,3.6509,13,7
hex,11,0.08,1000,12,0.252637,0.886098,0.697642,0.310824,0.306969,0.760636,0.051706,-0.017971,3.5655,3.4208,13,7
hex,12,0.08,500,12,0.191312,0.93684,0.718078,0.34585,0.29228,0.684274,0.052144,0.053383,3.7599,3.6753,16,7
hex,12,0.08,1000,12,0.198114,0.77997,0.693842,0.314676,0.291686,0.607739,0.054065,0.016484,3.5376,3.786,14,8
hex,13,0.08,500,12,0.254725,0.834326,0.683047,0.301217,0.330112,0.785801,0.050487,0.002713,3.5249,3.6023,14,5
hex,13,0.08,1000,12,0.180189,0.914639,0.703701,0.338224,0.28483,0.724836,0.047999,0.070251,3.7416,3.3889,12,6
hex,14,0.08,500,12,0.223331,0.888688,0.700808,0.348204,0.310966,0.658672,0.0509,0.00938,3.712,3.6861,16,7
hex,14,0.08,1000,12,0.127696,0.849712,0.727854,0.329452,0.264267,0.656151,0.049469,0.021859,3.683,3.6522,18,8
hex,15,0.08,500,12,0.177059,0.847471,0.644168,0.323445,0.279819,0.660382,0.05149,-0.003413,3.6382,3.4434,12,4
hex,15,0.08,1000,12,0.181563,0.896605,0.742092,0.364834,0.292442,0.594525,0.050987,0.036064,3.8044,3.7873,11,9
hex,16,0.08,500,12,0.181619,0.937567,0.762776,0.378743,0.296108,0.688654,0.051234,0.102343,3.8487,3.655,12,9
hex,16,0.08,1000,12,0.148534,0.836615,0.651654,0.350465,0.327777,0.76735,0.049685,0.000447,3.7372,3.5926,14,3
hex,17,0.08,500,12,0.178413,0.840877,0.716255,0.333462,0.296624,0.75826,0.04947,0.001787,3.6347,3.5541,12,7
hex,17,0.08,1000,12,0.228431,0.895134,0.748808,0.352667,0.331241,0.739826,0.046598,-0.038079,3.7476,3.5641,15,9
hex,18,0.08,500,12,0.157704,0.901936,0.745755,0.368839,0.290913,0.711501,0.051697,-0.027381,3.8166,3.5217,12,8
hex,18,0.08,1000,12,0.210339,0.886682,0.730714,0.36155,0.28889,0.677142,0.05142,-0.030282,3.7334,3.7077,14,8
hex,19,0.08,500,12,0.167076,0.887088,0.695562,0.32368,0.29732,0.672004,0.057921,0.028226,3.6791,3.6206,12,7
hex,19,0.08,1000,12,0.191361,0.9299,0.75907,0.345795,0.285167,0.709246,0.047693,0.020478,3.7648,3.4529,12,10
hex,20,0.08,500,12,0.198626,0.875622,0.73991,0.355076,0.270593,0.60194,0.051756,0.055287,3.7672,3.6223,9,5
hex,20,0.08,1000,12,0.174904,0.884653,0.715389,0.320483,0.299312,0.772672,0.049515,-0.038182,3.6754,3.5071,16,6
hex,21,0.08,500,12,0.182651,0.878712,0.720254,0.330333,0.27956,0.677478,0.052663,-0.038936,3.6703,3.5759,11,6
hex,21,0.08,1000,12,0.208725,0.946914,0.663579,0.319439,0.297501,0.616432,0.050965,-0.011831,3.6417,3.8263,12,4
hex,22,0.08,500,12,0.225592,0.850629,0.714569,0.353516,0.303613,0.753575,0.05265,0.081101,3.7418,3.5389,12,6
hex,22,0.08,1000,12,0.17308,0.899294,0.743174,0.3724,0.294753,0.66503,0.048501,-0.023458,3.8186,3.6111,12,8
hex,23,0.08,500,12,0.225386,0.861772,0.670029,0.30918,0.308977,0.763026,0.056767,0.072628,3.5571,3.4325,14,6
hex,23,0.08,1000,12,0.218668,0.92968,0.77245,0.340073,0.292728,0.789915,0.053096,-0.037016,3.7128,3.5805,15,7
hex,24,0.08,500,12,0.17516,0.833519,0.668069,0.372024,0.282954,0.784979,0.052035,-0.055229,3.7939,3.4869,15,7
hex,24,0.08,1000,12,0.202902,0.875414,0.624078,0.318521,0.297419,0.8104,0.050611,-0.037242,3.5246,3.3169,14,5
hex,25,0.08,500,12,0.195111,0.883463,0.74476,0.356179,0.317269,0.823122,0.050434,-0.023609,3.7785,3.4905,14,11
hex,25,0.08,1000,12,0.215913,0.852453,0.718526,0.315604,0.319404,0.675127,0.05078,0.066627,3.6397,3.7294,16,7
hex,26,0.08,500,12,0.196346,0.860985,0.650725,0.335255,0.303266,0.71142,0.048685,-0.006972,3.6182,3.6322,13,6
hex,26,0.08,1000,12,0.226371,0.813848,0.691611,0.34179,0.291793,0.611657,0.055366,0.064192,3.6516,3.732,13,7
hex,27,0.08,500,12,0.180027,0.898499,0.711788,0.352362,0.2898,0.602463,0.05329,0.074292,3.7629,3.6489,14,5
hex,27,0.08,1000,12,0.23209,0.843436,0.729134,0.330975,0.286884,0.753448,0.05125,-0.026055,3.6528,3.4078,15,10
hex,28,0.08,500,12,0.2318,0.858484,0.736471,0.337089,0.304132,0.599024,0.048867,0.007666,3.6895,3.8033,12,9
hex,28,0.08,1000,12,0.261457,0.910021,0.705185,0.314531,0.30857,0.712803,0.051008,0.070777,3.4828,3.5078,10,6
hex,29,0.08,500,12,0.18267,0.848723,0.70252,0.368152,0.295398,0.710128,0.050355,-0.019715,3.7856,3.4693,15,8
hex,29,0.08,1000,12,0.25007,0.874067,0.733992,0.319072,0.319052,0.696207,0.049308,-0.036373,3.5839,3.6375,15,9
hex,30,0.08,500,12,0.218044,0.890703,0.786588,0.367868,0.282283,0.645118,0.053304,0.094893,3.7978,3.6588,10,10
hex,30,0.08,1000,12,0.168509,0.822318,0.636226,0.311636,0.296707,0.69223,0.04939,-0.045428,3.6297,3.5869,11,4
hex,31,0.08,500,12,0.205069,0.798396,0.711901,0.345455,0.291376,0.653903,0.047069,-0.028345,3.6568,3.6051,13,8
hex,31,0.08,1000,12,0.199771,0.881599,0.718731,0.348359,0.292772,0.701289,0.050954,-0.050154,3.7521,3.6645,16,7
hex,32,0.08,500,12,0.175367,0.903389,0.637288,0.312721,0.304974,0.745694,0.052878,-0.002362,3.6313,3.4295,14,4
hex,32,0.08,1000,12,0.198127,0.781038,0.667061,0.329401,0.30402,0.720148,0.048046,-0.01692,3.6292,3.5952,12,4
hex,33,0.08,500,12,0.184107,0.890241,0.659704,0.32188,0.30294,0.657204,0.048956,0.013541,3.6306,3.7564,13,3
hex,33,0.08,1000,12,0.175574,0.859356,0.716768,0.335996,0.28145,0.613793,0.050143,-0.008907,3.7194,3.7613,10,8
hex,34,0.08,500,12,0.184872,0.883154,0.734984,0.359786,0.294868,0.708888,0.050782,0.037687,3.8097,3.5651,15,7
hex,34,0.08,1000,12,0.193757,0.846823,0.674294,0.325354,0.306517,0.710649,0.048445,-0.001557,3.624,3.6296,17,6
hex,35,0.08,500,12,0.195388,0.867196,0.698308,0.367329,0.295218,0.742567,0.054414,0.029248,3.7737,3.5401,10,7
hex,35,0.08,1000,12,0.151576,0.842709,0.659139,0.341843,0.289349,0.689668,0.055172,0.065603,3.7422,3.5906,16,5
hex,36,0.08,500,12,0.17122,0.931606,0.720068,0.340942,0.274973,0.636164,0.053594,0.004708,3.6719,3.5335,9,8
hex,36,0.08,1000,12,0.175324,0.819654,0.639251,0.330472,0.291462,0.722661,0.047142,-0.001094,3.6021,3.5858,13,3
hex,37,0.08,500,12,0.250409,0.889162,0.722441,0.308411,0.299363,0.602351,0.048601,-0.110073,3.5667,3.8276,17,9
hex,37,0.08,1000,12,0.20409,0.770958,0.682659,0.322575,0.294081,0.679816,0.050037,0.026995,3.6137,3.5404,12,3
hex,38,0.08,500,12,0.131296,0.812274,0.618601,0.33412,0.289955,0.672004,0.0477,0.053932,3.7048,3.446,12,2
hex,38,0.08,1000,12,0.207645,0.812336,0.683323,0.337015,0.290775,0.734334,0.048606,-0.001165,3.6047,3.5712,11,6
hex,39,0.08,500,12,0.162093,0.920532,0.686703,0.350279,0.293932,0.786283,0.049124,0.031634,3.7476,3.3949,12,6
hex,39,0.08,1000,12,0.162331,0.864599,0.715739,0.337877,0.304837,0.69777,0.048635,0.014178,3.72,3.6362,11,9
hex,40,0.08,500,12,0.17476,0.830253,0.616769,0.332336,0.287325,0.610336,0.048514,-0.08173,3.6531,3.7145,14,4
hex,40,0.08,1000,12,0.156478,0.92213,0.755059,0.379728,0.286932,0.726697,0.053713,-0.015162,3.8535,3.6399,16,11
hex,41,0.08,500,12,0.161063,0.877197,0.716369,0.338588,0.274616,0.686524,0.053876,-0.006771,3.7079,3.5786,13,8
hex,41,0.08,1000,12,0.219153,0.87679,0.685053,0.339477,0.287036,0.62414,0.053407,-0.016134,3.6902,3.5968,15,6
hex,42,0.08,500,12,0.262875,0.852737,0.69082,0.301053,0.301216,0.802983,0.049659,0.055559,3.5388,3.4713,14,5
hex,42,0.08,1000,12,0.235749,0.9107,0.732831,0.356673,0.312595,0.854201,0.052919,-0.035105,3.7634,3.4125,13,7
hex,43,0.08,500,12,0.221343,0.835814,0.695904,0.32029,0.320467,0.635532,0.049417,0.02811,3.6348,3.7419,15,8
hex,43,0.08,1000,12,0.19635,0.872243,0.641157,0.310671,0.273681,0.655036,0.050826,-0.022043,3.5845,3.538,10,6
hex,44,0.08,500,12,0.166293,0.855068,0.654181,0.325334,0.292897,0.736021,0.05085,-0.043716,3.6584,3.4548,12,2
hex,44,0.08,1000,12,0.19251,0.914656,0.686553,0.334443,0.285015,0.613269,0.052255,0.0059,3.6876,3.6777,15,6
hex,45,0.08,500,12,0.19309,0.85382,0.720442,0.343741,0.299666,0.604767,0.04908,0.022222,3.7662,3.7471,10,8
hex,45,0.08,1000,12,0.248711,0.775915,0.727209,0.305004,0.287918,0.615646,0.051016,-0.060911,3.5122,3.7355,13,9
hex,46,0.08,500,12,0.199797,0.898059,0.699896,0.357772,0.29779,0.763288,0.054543,0.036449,3.7102,3.4352,12,5
hex,46,0.08,1000,12,0.214032,0.824571,0.755873,0.354838,0.306103,0.73205,0.051062,-0.002817,3.7283,3.5774,14,12
hex,47,0.08,500,12,0.200553,0.843209,0.665951,0.31948,0.276457,0.639635,0.050415,-0.015034,3.5606,3.6143,14,4
hex,47,0.08,1000,12,0.220618,0.824767,0.764511,0.325772,0.316691,0.639353,0.052949,0.010294,3.637,3.7665,15,8
hex,48,0.08,500,12,0.202595,0.902001,0.691556,0.358343,0.319944,0.682434,0.051017,-0.036961,3.7676,3.7715,10,5
hex,48,0.08,1000,12,0.173463,0.911607,0.730796,0.356824,0.322488,0.711527,0.048612,-0.046684,3.8442,3.6568,17,8
hex,49,0.08,500,12,0.188128,0.836755,0.67498,0.332511,0.285527,0.763778,0.052909,-0.061324,3.6791,3.3764,15,6
hex,49,0.08,1000,12,0.172663,0.871821,0.717196,0.362816,0.292721,0.726784,0.051033,-0.025186,3.781,3.5674,14,7
hex,50,0.08,500,12,0.236978,0.924415,0.783555,0.361287,0.30638,0.5826,0.048693,0.078479,3.7796,3.7443,12,9
hex,50,0.08,1000,12,0.158182,0.835693,0.658415,0.327437,0.269323,0.837291,0.055199,0.032283,3.6893,3.3647,12,5
random,1,0.08,500,12,0.216113,0.935389,0.737356,0.34647,0.333731,0.73067,0.056832,-0.054293,3.7089,3.6734,21,11
random,1,0.08,1000,12,0.135381,0.815913,0.65827,0.316514,0.340475,0.869078,0.056158,-0.033361,3.5607,3.5844,14,6
random,2,0.08,500,12,0.181748,0.898044,0.672619,0.330562,0.335093,0.710167,0.055824,0.011045,3.6652,3.7261,21,6
random,2,0.08,1000,12,0.184636,0.857585,0.699212,0.347585,0.327561,0.74782,0.054185,0.039364,3.7535,3.7327,17,6
random,3,0.08,500,12,0.221427,0.861552,0.742786,0.336064,0.319739,0.769937,0.058384,-0.004965,3.6656,3.6349,18,8
random,3,0.08,1000,12,0.189424,0.892764,0.725403,0.327705,0.351146,0.844987,0.053988,-0.014127,3.6692,3.5924,18,6
random,4,0.08,500,12,0.238461,0.897951,0.74282,0.347769,0.356074,0.842659,0.051247,0.010316,3.697,3.6536,18,10
random,4,0.08,1000,12,0.151937,0.844454,0.665716,0.343871,0.324382,0.710163,0.054355,-0.019871,3.7451,3.7198,23,7
random,5,0.08,500,12,0.202048,0.926927,0.701519,0.346661,0.343219,0.794417,0.053086,-0.018011,3.7536,3.5922,21,7
random,5,0.08,1000,12,0.217408,0.821028,0.70044,0.325255,0.36342,0.877298,0.054911,-0.014278,3.6044,3.5274,18,7
random,6,0.08,500,12,0.188759,0.941623,0.672898,0.355962,0.339762,0.74584,0.051585,0.035531,3.7449,3.6778,15,7
random,6,0.08,1000,12,0.138495,0.855821,0.678173,0.359334,0.342493,0.715683,0.052489,0.003609,3.761,3.7045,16,7
random,7,0.08,500,12,0.163724,0.828857,0.67022,0.339398,0.335975,0.759104,0.052658,-0.043939,3.7149,3.5699,15,5
random,7,0.08,1000,12,0.112349,0.865387,0.63874,0.337903,0.330663,0.727252,0.055611,-0.066062,3.7178,3.6563,13,4
random,8,0.08,500,12,0.147253,0.885128,0.689924,0.348419,0.343575,0.833448,0.052989,-0.040822,3.7377,3.5999,16,6
random,8,0.08,1000,12,0.203816,0.865287,0.735327,0.338136,0.348331,0.691244,0.055194,-0.03905,3.6929,3.7796,15,8
random,9,0.08,500,12,0.251778,0.87556,0.756338,0.335314,0.364335,0.845026,0.055221,-0.080424,3.6924,3.6026,15,11
random,9,0.08,1000,12,0.178995,0.842496,0.695103,0.333499,0.33152,0.809334,0.052315,0.024367,3.6793,3.6599,16,6
random,10,0.08,500,12,0.189135,0.855645,0.670186,0.323894,0.346417,0.817323,0.05373,-0.028875,3.6555,3.593,15,5
random,10,0.08,1000,12,0.21856,0.882836,0.733777,0.323712,0.365516,0.712677,0.055893,-0.030055,3.6505,3.8059,22,9
random,11,0.08,500,12,0.196298,0.857029,0.682082,0.315694,0.341763,0.699347,0.056471,0.009242,3.5787,3.7024,17,4
random,11,0.08,1000,12,0.29244,0.936217,0.686701,0.291973,0.370997,0.773451,0.055246,0.04888,3.4937,3.7359,9,6
random,12,0.08,500,12,0.160781,0.884432,0.664531,0.342291,0.321529,0.745098,0.056375,-0.014181,3.6845,3.5382,15,6
random,12,0.08,1000,12,0.192255,0.888118,0.704605,0.335588,0.353899,0.755518,0.055587,-0.0436,3.7033,3.5906,15,6
random,13,0.08,500,12,0.20711,0.94349,0.72691,0.356752,0.327958,0.668342,0.052469,0.033919,3.8137,3.8185,20,7
random,13,0.08,1000,12,0.146162,0.871583,0.654496,0.358181,0.325315,0.686736,0.053301,0.013956,3.7325,3.6567,17,7
random,14,0.08,500,12,0.185817,0.859841,0.729039,0.340465,0.337742,0.77709,0.051361,-0.00872,3.7185,3.6228,21,8
random,14,0.08,1000,12,0.167344,0.817239,0.658633,0.318889,0.364134,0.816726,0.055844,-0.006648,3.6231,3.7133,12,3
random,15,0.08,500,12,0.186532,0.86734,0.647393,0.303361,0.341921,0.772462,0.054784,0.012601,3.584,3.7094,18,5
random,15,0.08,1000,12,0.201264,0.797247,0.663176,0.31272,0.363692,0.765078,0.056408,0.001376,3.4932,3.5338,19,3
random,16,0.08,500,12,0.197272,0.802147,0.675781,0.314951,0.330136,0.683356,0.054494,0.001893,3.6402,3.7894,16,6
random,16,0.08,1000,12,0.179813,0.942839,0.716968,0.344904,0.345757,0.874977,0.055028,-0.040014,3.6858,3.5377,21,8
random,17,0.08,500,12,0.145557,0.864679,0.70424,0.352533,0.311583,0.700651,0.052871,0.025292,3.7317,3.7021,12,7
random,17,0.08,1000,12,0.189859,0.791848,0.725598,0.341831,0.348884,0.796594,0.054151,-0.015399,3.6884,3.6636,17,8
random,18,0.08,500,12,0.198218,0.828105,0.723195,0.340985,0.352215,0.686648,0.058229,0.007919,3.6943,3.8418,23,10
random,18,0.08,1000,12,0.191007,0.876592,0.733939,0.362033,0.330402,0.755694,0.053838,0.039206,3.8024,3.5508,18,9
random,19,0.08,500,12,0.218072,0.841577,0.694812,0.329013,0.335338,0.81828,0.057765,0.008781,3.6667,3.6802,18,6
random,19,0.08,1000,12,0.217029,0.931871,0.793903,0.372889,0.3422,0.771615,0.054468,-0.093535,3.8018,3.7584,19,10
random,20,0.08,500,12,0.175215,0.873576,0.693025,0.340336,0.342929,0.859297,0.056033,-0.074531,3.7406,3.6362,21,6
random,20,0.08,1000,12,0.163919,0.798276,0.725326,0.333657,0.334201,0.742513,0.053948,0.044385,3.6522,3.6334,16,7
random,21,0.08,500,12,0.180046,0.850286,0.645659,0.32916,0.328978,0.755955,0.051903,-0.01739,3.6431,3.6461,20,4
random,21,0.08,1000,12,0.132595,0.85578,0.650602,0.329897,0.326192,0.635575,0.05644,-0.01011,3.6865,3.9082,16,6
random,22,0.08,500,12,0.160696,0.826143,0.740686,0.342944,0.334557,0.768908,0.051127,-0.013819,3.7643,3.6156,17,7
random,22,0.08,1000,12,0.198779,0.809982,0.672074,0.309378,0.339541,0.718989,0.055947,0.02456,3.5756,3.6357,13,5
random,23,0.08,500,12,0.190569,0.805151,0.648169,0.335352,0.356724,0.795819,0.058164,-0.030765,3.6381,3.6379,9,5
random,23,0.08,1000,12,0.18051,0.858326,0.708285,0.348878,0.34411,0.70933,0.058272,0.034854,3.7409,3.7283,16,9
random,24,0.08,500,12,0.182994,0.840747,0.701452,0.303703,0.32861,0.81408,0.056793,0.01076,3.5941,3.4164,16,7
random,24,0.08,1000,12,0.186594,0.78404,0.665229,0.329421,0.346016,0.688613,0.056334,0.01407,3.6352,3.7871,15,4
random,25,0.08,500,12,0.174117,0.87089,0.68365,0.325389,0.328545,0.695071,0.051929,0.020332,3.6783,3.7472,19,7
random,25,0.08,1000,12,0.19948,0.909369,0.711053,0.340442,0.3541,0.784253,0.056609,-0.046485,3.7211,3.7322,20,8
random,26,0.08,500,12,0.159173,0.883348,0.626812,0.311764,0.347015,0.844631,0.053918,-0.032113,3.5693,3.5882,19,3
random,26,0.08,1000,12,0.196724,0.829856,0.698621,0.318569,0.362168,0.752209,0.055331,-0.030475,3.6543,3.643,13,8
random,27,0.08,500,12,0.218653,0.940893,0.731493,0.357936,0.342673,0.799122,0.052833,-0.05564,3.7373,3.5712,21,11
random,27,0.08,1000,12,0.198501,0.92587,0.719001,0.359316,0.359333,0.707007,0.051254,0.037681,3.8118,3.7278,22,9
random,28,0.08,500,12,0.183539,0.851625,0.673927,0.325374,0.319985,0.686789,0.052675,-0.006655,3.6369,3.7836,18,3
random,28,0.08,1000,12,0.217478,0.879167,0.703576,0.349003,0.334427,0.660345,0.054406,0.07469,3.7219,3.6387,21,8
random,29,0.08,500,12,0.142878,0.847676,0.704992,0.362553,0.344332,0.729382,0.05398,-0.062693,3.8043,3.6224,21,8
random,29,0.08,1000,12,0.169133,0.876299,0.734771,0.350049,0.332971,0.726429,0.055505,-0.005549,3.7247,3.6579,13,9
random,30,0.08,500,12,0.174396,0.878173,0.712618,0.335897,0.331468,0.668446,0.057015,-0.002049,3.7211,3.8525,19,10
random,30,0.08,1000,12,0.177803,0.881855,0.695732,0.342545,0.336795,0.759622,0.054717,0.037114,3.7269,3.6119,27,7
random,31,0.08,500,12,0.199035,0.871904,0.677094,0.315629,0.354725,0.763165,0.056448,-0.043267,3.6333,3.6672,15,6
random,31,0.08,1000,12,0.216441,0.930092,0.74987,0.334746,0.34508,0.876906,0.054512,0.02879,3.7265,3.5168,18,8
random,32,0.08,500,12,0.153354,0.764665,0.675039,0.329663,0.332797,0.73974,0.053537,-0.00129,3.6694,3.6716,15,5
random,32,0.08,1000,12,0.145304,0.908736,0.59413,0.327184,0.331623,0.687729,0.052626,0.001849,3.6365,3.8068,10,3
random,33,0.08,500,12,0.172663,0.928999,0.666156,0.3322,0.346392,0.681718,0.055342,-0.001398,3.6403,3.829,16,6
random,33,0.08,1000,12,0.17799,0.896125,0.772901,0.370711,0.330471,0.908385,0.054363,0.052073,3.7559,3.5271,11,9
random,34,0.08,500,12,0.16599,0.810882,0.681405,0.326029,0.349533,0.755053,0.053402,0.000388,3.6699,3.7017,15,7
random,34,0.08,1000,12,0.184646,0.924132,0.715429,0.376757,0.355983,0.813538,0.054893,-0.042775,3.8197,3.7072,14,7
random,35,0.08,500,12,0.171914,0.896063,0.691975,0.335683,0.340369,0.636532,0.05639,-0.103495,3.7067,3.8403,18,7
random,35,0.08,1000,12,0.219944,0.90448,0.718065,0.344579,0.330668,0.777578,0.061282,0.022399,3.6828,3.5753,17,9
random,36,0.08,500,12,0.174841,0.775312,0.677158,0.326349,0.325835,0.710474,0.054533,-0.009479,3.6237,3.7135,16,6
random,36,0.08,1000,12,0.198626,0.843103,0.629883,0.312525,0.354926,0.737787,0.053393,-0.064853,3.6009,3.7972,21,4
random,37,0.08,500,12,0.201378,0.836875,0.739947,0.340631,0.348929,0.814314,0.053653,-0.039246,3.6793,3.5121,19,8
random,37,0.08,1000,12,0.186627,0.858928,0.69062,0.335432,0.344963,0.727053,0.051661,0.038186,3.6551,3.6811,18,6
random,38,0.08,500,12,0.138328,0.821292,0.650521,0.338935,0.342441,0.686883,0.05242,0.094753,3.7059,3.7709,11,4
random,38,0.08,1000,12,0.161749,0.875304,0.65041,0.334408,0.323428,0.654992,0.0531,-0.074779,3.7059,3.7843,15,6
random,39,0.08,500,12,0.138283,0.851289,0.678773,0.345519,0.321983,0.741804,0.054723,-0.031722,3.7163,3.6919,18,5
random,39,0.08,1000,12,0.203869,0.929671,0.717646,0.346288,0.311026,0.631653,0.057416,0.014397,3.6743,3.7861,21,9
random,40,0.08,500,12,0.168646,0.92542,0.633166,0.33681,0.36375,0.793768,0.055154,-0.043485,3.6718,3.5246,19,5
random,40,0.08,1000,12,0.172636,0.830616,0.663403,0.315197,0.332002,0.821519,0.056823,-0.045381,3.5594,3.654,14,3
random,41,0.08,500,12,0.258946,0.850078,0.784921,0.341996,0.365691,0.766111,0.055329,0.01053,3.7146,3.7817,20,13
random,41,0.08,1000,12,0.122776,0.871809,0.679339,0.340143,0.337446,0.736072,0.057062,0.000215,3.7431,3.6862,16,6
random,42,0.08,500,12,0.190868,0.906468,0.675496,0.351911,0.317403,0.687286,0.054056,-0.012871,3.7798,3.717,16,6
random,42,0.08,1000,12,0.228425,0.845231,0.710834,0.330838,0.338832,0.727269,0.054815,0.006503,3.613,3.6398,13,6
random,43,0.08,500,12,0.165895,0.856714,0.617236,0.307582,0.330582,0.709887,0.053259,0.006841,3.6297,3.7306,13,5
random,43,0.08,1000,12,0.192046,0.880723,0.657614,0.327428,0.33756,0.638406,0.054789,0.065158,3.6361,3.7957,13,4
random,44,0.08,500,12,0.161115,0.87646,0.715712,0.346102,0.341524,0.826437,0.054519,0.014105,3.7467,3.6853,14,8
random,44,0.08,1000,12,0.198223,0.872302,0.677894,0.364917,0.318412,0.710566,0.058624,-0.013511,3.7497,3.584,20,5
random,45,0.08,500,12,0.197385,0.812143,0.696947,0.305343,0.340429,0.719707,0.053592,0.006308,3.5875,3.7373,15,7
random,45,0.08,1000,12,0.2501,0.84961,0.728956,0.34039,0.374657,0.807643,0.052843,-0.021387,3.6609,3.5549,25,7
random,46,0.08,500,12,0.164143,0.759804,0.648137,0.332614,0.352885,0.712091,0.057583,-0.080119,3.6661,3.7571,17,3
random,46,0.08,1000,12,0.1898,0.945221,0.709757,0.315238,0.341179,0.817002,0.055104,-0.028309,3.6818,3.4258,20,8
random,47,0.08,500,12,0.162627,0.820483,0.637831,0.349437,0.335277,0.792278,0.054247,-0.064302,3.7335,3.5482,18,7
random,47,0.08,1000,12,0.171439,0.854073,0.770309,0.362859,0.346208,0.678872,0.054107,-0.012684,3.8156,3.7877,20,12
random,48,0.08,500,12,0.182248,0.829219,0.674075,0.345613,0.344347,0.837504,0.058545,0.043949,3.7461,3.5519,15,6
random,48,0.08,1000,12,0.204526,0.831803,0.728994,0.32516,0.349056,0.731881,0.054509,-0.007298,3.6562,3.6867,18,8
random,49,0.08,500,12,0.202024,0.835011,0.682565,0.337861,0.323585,0.659714,0.053877,0.015948,3.6868,3.6571,21,7
random,49,0.08,1000,12,0.117129,0.834999,0.591874,0.316137,0.336449,0.756155,0.053774,0.009107,3.6536,3.6315,14,2
random,50,0.08,500,12,0.179973,0.876874,0.657706,0.32767,0.333757,0.792832,0.053254,-0.044214,3.6896,3.5545,16,5
random,50,0.08,1000,12,0.161429,0.823033,0.661285,0.341162,0.311387,0.656578,0.053194,-0.045784,3.7336,3.8003,18,5
small_world,1,0.08,500,12,0.228707,0.841705,0.68274,0.339453,0.294795,0.65101,0.065896,0.002726,3.6711,3.74,17,6
small_world,1,0.08,1000,12,0.169196,0.876773,0.77638,0.35684,0.286337,0.797862,0.061653,0.101067,3.7316,3.6439,18,8
small_world,2,0.08,500,12,0.228941,0.894219,0.729567,0.319281,0.304226,0.866441,0.062351,-0.028532,3.6372,3.5204,21,9
small_world,2,0.08,1000,12,0.17746,0.884281,0.731525,0.366682,0.27336,0.835993,0.064371,0.022262,3.8205,3.4573,14,7
small_world,3,0.08,500,12,0.231775,0.92707,0.771034,0.34719,0.291063,0.781805,0.070356,-0.072136,3.7476,3.5004,21,11
small_world,3,0.08,1000,12,0.202327,0.931168,0.71692,0.349694,0.282098,0.775003,0.064726,-0.118113,3.7493,3.5072,16,8
small_world,4,0.08,500,12,0.223053,0.922846,0.75397,0.349719,0.27592,0.640952,0.061881,0.043235,3.6983,3.6763,18,11
small_world,4,0.08,1000,12,0.156481,0.761756,0.634737,0.336897,0.279144,0.588065,0.064614,-0.040482,3.679,3.8235,15,3
small_world,5,0.08,500,12,0.26265,0.855742,0.705134,0.302493,0.293454,0.673095,0.063938,-0.00878,3.525,3.5738,18,9
small_world,5,0.08,1000,12,0.157296,0.852065,0.63512,0.35648,0.265304,0.630929,0.066528,0.029787,3.7267,3.6884,18,4
small_world,6,0.08,500,12,0.166391,0.83383,0.684093,0.353259,0.296939,0.706623,0.063223,0.00158,3.7809,3.6286,21,5
small_world,6,0.08,1000,12,0.233149,0.864007,0.759069,0.334359,0.297014,0.789297,0.06382,0.021152,3.6942,3.5174,16,14
small_world,7,0.08,500,12,0.213925,0.889204,0.677399,0.338579,0.302751,0.780642,0.061203,-0.015303,3.6622,3.6188,15,4
small_world,7,0.08,1000,12,0.157632,0.856156,0.61261,0.314479,0.277771,0.740255,0.063096,0.008372,3.5888,3.6006,17,7
small_world,8,0.08,500,12,0.169525,0.93545,0.671909,0.349419,0.28205,0.798743,0.065279,0.019592,3.7435,3.4227,17,6
small_world,8,0.08,1000,12,0.215707,0.877641,0.761369,0.368933,0.311384,0.811408,0.061749,0.015647,3.7804,3.4389,18,10
small_world,9,0.08,500,12,0.164728,0.920889,0.712672,0.364541,0.262659,0.660214,0.063381,-0.081665,3.8089,3.6498,20,9
small_world,9,0.08,1000,12,0.181219,0.87987,0.61146,0.303723,0.288001,0.823398,0.062447,-0.059995,3.5646,3.4635,20,4
small_world,10,0.08,500,12,0.163014,0.878035,0.653265,0.326622,0.302648,0.82712,0.065131,-0.050477,3.6455,3.5848,16,7
small_world,10,0.08,1000,12,0.147872,0.784687,0.687665,0.355803,0.288405,0.657237,0.065851,-0.046235,3.7698,3.7362,17,4
small_world,11,0.08,500,12,0.170457,0.914993,0.706395,0.354958,0.297254,0.701327,0.061693,0.000304,3.7711,3.7024,18,8
small_world,11,0.08,1000,12,0.24177,0.959872,0.767497,0.337384,0.293103,0.627309,0.067896,-0.016826,3.7085,3.918,16,10
small_world,12,0.08,500,12,0.205617,0.907584,0.713445,0.351378,0.272494,0.674932,0.066465,-0.069386,3.7723,3.688,26,10
small_world,12,0.08,1000,12,0.231837,0.886829,0.705626,0.321572,0.303872,0.682686,0.066323,0.031835,3.6212,3.6491,20,8
small_world,13,0.08,500,12,0.177424,0.75124,0.640083,0.335185,0.298781,0.576764,0.064471,-0.071358,3.6889,3.9403,18,5
small_world,13,0.08,1000,12,0.19375,0.879936,0.73944,0.363183,0.288664,0.699745,0.061146,-0.060148,3.7751,3.7761,14,11
small_world,14,0.08,500,12,0.198711,0.89774,0.702552,0.340584,0.281974,0.666059,0.064219,-0.06359,3.7195,3.7417,18,8
small_world,14,0.08,1000,12,0.182701,0.890353,0.729169,0.344547,0.281639,0.62864,0.063351,-0.017276,3.6599,3.8542,17,7
small_world,15,0.08,500,12,0.20649,0.877166,0.688038,0.33312,0.275104,0.732223,0.061796,0.10758,3.5964,3.4454,13,4
small_world,15,0.08,1000,12,0.184795,0.834995,0.707979,0.337168,0.274788,0.649082,0.067878,-0.012108,3.7295,3.7406,18,8
small_world,16,0.08,500,12,0.206124,0.886653,0.722191,0.343114,0.293118,0.636078,0.064356,-0.053207,3.7406,3.8489,18,11
small_world,16,0.08,1000,12,0.135521,0.883923,0.640826,0.376587,0.312412,0.769295,0.066172,0.132921,3.7856,3.6104,13,4
small_world,17,0.08,500,12,0.13691,0.891035,0.665882,0.331562,0.274823,0.572413,0.060147,-0.003141,3.7076,3.8771,13,6
small_world,17,0.08,1000,12,0.218209,0.882348,0.743672,0.373336,0.307626,0.739542,0.060229,0.097691,3.801,3.6789,15,8
small_world,18,0.08,500,12,0.186987,0.86428,0.758097,0.352877,0.299474,0.686802,0.061173,-0.067683,3.764,3.8413,15,11
small_world,18,0.08,1000,12,0.144719,0.793238,0.658317,0.332056,0.298036,0.708431,0.06629,0.020378,3.6758,3.7011,15,3
small_world,19,0.08,500,12,0.145239,0.907435,0.67763,0.331226,0.295687,0.626671,0.065119,-0.046148,3.6972,3.7321,16,4
small_world,19,0.08,1000,12,0.145923,0.836587,0.658693,0.36881,0.258285,0.631574,0.062472,0.067065,3.7935,3.7766,13,6
small_world,20,0.08,500,12,0.186318,0.803209,0.684372,0.332688,0.273312,0.874559,0.064719,0.012842,3.6448,3.3208,16,6
small_world,20,0.08,1000,12,0.194029,0.861564,0.70895,0.337928,0.284896,0.729865,0.063628,0.117139,3.5912,3.6697,14,7
small_world,21,0.08,500,12,0.184567,0.8467,0.694934,0.339115,0.292531,0.773166,0.068435,-0.019556,3.6678,3.6207,17,6
small_world,21,0.08,1000,12,0.18427,0.8958,0.716465,0.335507,0.296851,0.857404,0.066692,0.037638,3.6897,3.5525,18,10
small_world,22,0.08,500,12,0.191734,0.808289,0.716637,0.357119,0.278275,0.743646,0.066401,-0.007241,3.681,3.5292,24,9
small_world,22,0.08,1000,12,0.129058,0.878143,0.674866,0.359126,0.270848,0.744361,0.063288,0.002448,3.7969,3.5523,17,6
small_world,23,0.08,500,12,0.196014,0.830977,0.727274,0.324331,0.292944,0.85377,0.0657,-0.009561,3.6738,3.397,19,11
small_world,23,0.08,1000,12,0.135953,0.804379,0.619504,0.326173,0.272792,0.79887,0.062478,0.026657,3.6774,3.4076,13,2
small_world,24,0.08,500,12,0.263383,0.954563,0.720833,0.323176,0.291421,0.60021,0.062996,0.044198,3.6175,3.8528,20,6
small_world,24,0.08,1000,12,0.197089,0.880946,0.704094,0.342254,0.285731,0.638997,0.064534,-0.043677,3.709,3.7884,20,8
small_world,25,0.08,500,12,0.225806,0.953149,0.716629,0.31863,0.302726,0.702825,0.063427,-0.104684,3.6426,3.8125,17,9
small_world,25,0.08,1000,12,0.147492,0.759539,0.651519,0.362906,0.291615,0.723511,0.066097,-0.029449,3.7543,3.6401,17,4
small_world,26,0.08,500,12,0.187358,0.805659,0.697289,0.329304,0.306601,0.851479,0.067563,-0.012743,3.6315,3.4483,17,6
small_world,26,0.08,1000,12,0.154757,0.866568,0.643155,0.382221,0.276274,0.694125,0.065608,0.116777,3.8232,3.5656,17,3
small_world,27,0.08,500,12,0.245233,0.858565,0.754223,0.338267,0.309669,0.717358,0.062494,-0.014016,3.6846,3.7548,19,8
small_world,27,0.08,1000,12,0.267761,0.954216,0.731541,0.334084,0.30085,0.739064,0.065089,-0.060624,3.6158,3.5205,26,8
small_world,28,0.08,500,12,0.159315,0.817109,0.674293,0.322201,0.281008,0.767023,0.061785,0.059556,3.6487,3.5497,16,7
small_world,28,0.08,1000,12,0.182936,0.813208,0.661402,0.346624,0.287425,0.654662,0.067584,-0.06731,3.6775,3.6054,21,7
small_world,29,0.08,500,12,0.209024,0.870005,0.718401,0.342196,0.271146,0.827805,0.066031,-0.04329,3.6705,3.3984,21,9
small_world,29,0.08,1000,12,0.160987,0.785626,0.675939,0.343091,0.281827,0.814002,0.064578,0.036761,3.6195,3.4339,15,4
small_world,30,0.08,500,12,0.233213,0.883645,0.704583,0.332708,0.289007,0.695819,0.065375,-0.025774,3.6805,3.7247,18,8
small_world,30,0.08,1000,12,0.1708,0.885219,0.655346,0.31959,0.279737,0.623131,0.062524,-0.133187,3.656,3.7616,17,6
small_world,31,0.08,500,12,0.210487,0.851462,0.716401,0.303031,0.290703,0.700252,0.065475,0.002212,3.5361,3.7712,14,8
small_world,31,0.08,1000,12,0.199883,0.835344,0.748169,0.363865,0.289887,0.843032,0.065918,-0.041069,3.7589,3.5681,20,9
small_world,32,0.08,500,12,0.132202,0.791039,0.694913,0.347609,0.272201,0.621845,0.06459,-0.011684,3.7093,3.6964,19,7
small_world,32,0.08,1000,12,0.235869,0.834109,0.675637,0.315849,0.300847,0.76421,0.061149,-0.124021,3.6059,3.5948,23,5
small_world,33,0.08,500,12,0.177755,0.84717,0.675158,0.369691,0.293145,0.615459,0.061705,-0.051413,3.7299,3.8632,21,5
small_world,33,0.08,1000,12,0.146749,0.841233,0.679453,0.342998,0.268159,0.606278,0.064101,0.08254,3.7375,3.7571,12,3
small_world,34,0.08,500,12,0.176416,0.929189,0.726435,0.36169,0.294092,0.844546,0.063785,0.033466,3.7989,3.4053,20,10
small_world,34,0.08,1000,12,0.192776,0.782069,0.634628,0.30689,0.285087,0.710296,0.067918,-0.009945,3.4939,3.5157,15,4
small_world,35,0.08,500,12,0.16053,0.929738,0.613559,0.307684,0.269939,0.63516,0.064824,-0.04447,3.5646,3.6797,10,4
small_world,35,0.08,1000,12,0.20107,0.847509,0.704094,0.338346,0.296134,0.645541,0.068728,0.054382,3.7056,3.8433,15,6
small_world,36,0.08,500,12,0.174308,0.882483,0.653179,0.338052,0.275723,0.721566,0.066728,0.053146,3.7232,3.5804,21,7
small_world,36,0.08,1000,12,0.201454,0.893805,0.720858,0.356117,0.293671,0.715248,0.063541,-0.04486,3.7565,3.5674,24,8
small_world,37,0.08,500,12,0.210644,0.862816,0.747538,0.336895,0.281223,0.734883,0.069121,-0.038126,3.6777,3.7048,19,10
small_world,37,0.08,1000,12,0.211097,0.78083,0.642834,0.304812,0.299429,0.732613,0.065181,0.01956,3.5413,3.7125,13,3
small_world,38,0.08,500,12,0.185159,0.88074,0.714776,0.344036,0.294321,0.706652,0.064287,-0.007593,3.7058,3.7073,14,6
small_world,38,0.08,1000,12,0.171356,0.83444,0.664934,0.340885,0.284774,0.864519,0.05842,0.015844,3.6958,3.3122,18,4
small_world,39,0.08,500,12,0.194957,0.809082,0.684844,0.33482,0.301037,0.751754,0.062214,0.103576,3.7065,3.694,13,6
small_world,39,0.08,1000,12,0.18763,0.911761,0.766832,0.36602,0.28166,0.736239,0.065457,0.013877,3.7802,3.4743,20,12
small_world,40,0.08,500,12,0.148422,0.832951,0.67085,0.34758,0.268091,0.588475,0.060866,0.018602,3.7485,3.7045,16,6
small_world,40,0.08,1000,12,0.156391,0.76545,0.65955,0.349755,0.283222,0.712056,0.061838,-0.054119,3.6915,3.5724,19,5
small_world,41,0.08,500,12,0.140791,0.751429,0.680491,0.346176,0.26608,0.647944,0.067191,0.090583,3.68,3.5745,16,4
small_world,41,0.08,1000,12,0.191826,0.945793,0.612083,0.351423,0.273853,0.842759,0.066693,0.023081,3.6511,3.3267,18,2
small_world,42,0.08,500,12,0.193483,0.892782,0.693857,0.342129,0.27014,0.763349,0.064852,-0.06729,3.7051,3.5128,19,7
small_world,42,0.08,1000,12,0.181133,0.84201,0.721423,0.369469,0.306767,0.834057,0.0662,-0.047549,3.8091,3.5226,18,7
small_world,43,0.08,500,12,0.167216,0.864104,0.743696,0.369865,0.278588,0.821351,0.067097,-0.060588,3.8461,3.381,14,7
small_world,43,0.08,1000,12,0.195119,0.944915,0.751005,0.338291,0.291452,0.718492,0.062743,0.047274,3.7479,3.5612,15,6
small_world,44,0.08,500,12,0.169812,0.877805,0.708406,0.37861,0.302271,0.742436,0.064046,0.085984,3.8283,3.6606,20,9
small_world,44,0.08,1000,12,0.143191,0.926821,0.668656,0.372499,0.301975,0.654495,0.064222,0.030245,3.8154,3.8832,21,7
small_world,45,0.08,500,12,0.128826,0.7581,0.605991,0.348695,0.289802,0.721366,0.065223,-0.024497,3.7342,3.6382,14,5
small_world,45,0.08,1000,12,0.180348,0.919013,0.636745,0.343391,0.281965,0.657045,0.064713,-0.035627,3.7485,3.6987,18,7
small_world,46,0.08,500,12,0.172613,0.890523,0.734354,0.351074,0.27072,0.692172,0.066112,0.012618,3.7713,3.5701,18,9
small_world,46,0.08,1000,12,0.20679,0.905532,0.706416,0.354619,0.294596,0.865825,0.064507,-0.044285,3.7838,3.3005,21,10
small_world,47,0.08,500,12,0.210327,0.90586,0.769053,0.370521,0.308075,0.768678,0.06078,-0.047568,3.8249,3.655,21,11
small_world,47,0.08,1000,12,0.185594,0.894143,0.675707,0.347842,0.304624,0.690882,0.063837,-0.105989,3.6904,3.5654,18,6
small_world,48,0.08,500,12,0.205992,0.873308,0.71902,0.348649,0.287822,0.675818,0.067235,-0.030635,3.713,3.6399,21,9
small_world,48,0.08,1000,12,0.19231,0.804083,0.71326,0.348935,0.296829,0.812481,0.060904,-0.089159,3.6949,3.462,18,5
small_world,49,0.08,500,12,0.165499,0.763999,0.68613,0.327694,0.27006,0.718913,0.06478,0.013622,3.637,3.6721,16,6
small_world,49,0.08,1000,12,0.145965,0.719833,0.620776,0.331464,0.276209,0.715304,0.064849,0.051099,3.6394,3.5889,16,3
small_world,50,0.08,500,12,0.235604,0.8858,0.733516,0.319364,0.321878,0.760251,0.061698,-0.011701,3.5824,3.5672,16,10
small_world,50,0.08,1000,12,0.181871,0.82652,0.683586,0.314135,0.282125,0.727415,0.065041,0.03621,3.6327,3.5329,16,5
von_neumann,1,0.12,500,12,0.224409,0.863067,0.72889,0.340504,0.265102,0.641275,0.09384,-0.06907,3.6753,3.7452,17,9
von_neumann,1,0.12,1000,12,0.158412,0.736807,0.649018,0.322438,0.247369,0.696495,0.093718,0.066417,3.6221,3.4177,16,3
von_neumann,2,0.12,500,12,0.259491,0.903167,0.708023,0.322355,0.273804,0.761979,0.095857,0.04006,3.6491,3.6,18,7
von_neumann,2,0.12,1000,12,0.200275,0.942078,0.726674,0.342625,0.204717,0.602227,0.102395,-0.019659,3.7688,3.4062,21,9
von_neumann,3,0.12,500,12,0.155723,0.857907,0.706746,0.356658,0.238649,0.55606,0.101737,0.083021,3.8156,3.7009,15,6
von_neumann,3,0.12,1000,12,0.189217,0.903007,0.705408,0.370862,0.209857,0.642898,0.099136,0.086627,3.8235,3.4747,16,7
von_neumann,4,0.12,500,12,0.173952,0.796282,0.683325,0.356003,0.239041,0.569996,0.096305,0.021783,3.7312,3.6962,13,4
von_neumann,4,0.12,1000,12,0.20168,0.847105,0.713879,0.347657,0.234938,0.665301,0.100413,0.04704,3.7525,3.5401,13,8
von_neumann,5,0.12,500,12,0.237271,0.91882,0.726097,0.337228,0.24699,0.680957,0.100051,0.023403,3.6904,3.6066,18,9
von_neumann,5,0.12,1000,12,0.188574,0.868655,0.714403,0.324977,0.25766,0.776148,0.097316,-0.041126,3.6516,3.4924,19,8
von_neumann,6,0.12,500,12,0.145829,0.863154,0.620763,0.329251,0.250985,0.567294,0.096306,-0.074189,3.6578,3.8288,15,5
von_neumann,6,0.12,1000,12,0.181892,0.819574,0.671274,0.327534,0.23656,0.590506,0.098608,0.045673,3.7065,3.5927,17,6
von_neumann,7,0.12,500,12,0.154701,0.735546,0.628828,0.318482,0.242463,0.631257,0.092445,0.101064,3.6023,3.5936,15,3
von_neumann,7,0.12,1000,12,0.219355,0.860364,0.698744,0.31082,0.249951,0.571133,0.098261,-0.196439,3.5856,3.8191,26,6
von_neumann,8,0.12,500,12,0.229183,0.905819,0.733213,0.366301,0.256348,0.773825,0.095622,-0.041452,3.8241,3.5511,24,10
von_neumann,8,0.12,1000,12,0.19383,0.915296,0.709773,0.34,0.262119,0.645387,0.093044,-0.051487,3.6529,3.6452,16,9
von_neumann,9,0.12,500,12,0.184658,0.902231,0.744513,0.359319,0.235698,0.557108,0.096548,-0.076626,3.7869,3.6385,18,10
von_neumann,9,0.12,1000,12,0.19288,0.811152,0.70102,0.326208,0.232849,0.528668,0.097462,0.016269,3.6041,3.7557,17,6
von_neumann,10,0.12,500,12,0.208652,0.874446,0.736898,0.336708,0.257616,0.603169,0.093749,0.103431,3.6627,3.7127,14,10
von_neumann,10,0.12,1000,12,0.210575,0.8716,0.689392,0.340805,0.244151,0.570071,0.095411,-0.093506,3.6985,3.6741,17,4
von_neumann,11,0.12,500,12,0.211189,0.813817,0.710282,0.346592,0.255824,0.681059,0.091532,-0.020503,3.7229,3.5682,16,8
von_neumann,11,0.12,1000,12,0.257413,0.88988,0.775395,0.311516,0.257175,0.563058,0.098513,0.025754,3.5955,3.7508,19,8
von_neumann,12,0.12,500,12,0.180556,0.759392,0.658097,0.335999,0.250279,0.748189,0.097579,0.013338,3.6763,3.4891,19,4
von_neumann,12,0.12,1000,12,0.227876,0.861074,0.715779,0.318741,0.243884,0.634819,0.099251,0.029133,3.6186,3.7132,13,9
von_neumann,13,0.12,500,12,0.199746,0.806362,0.665181,0.319298,0.25319,0.664488,0.097475,-0.043629,3.6266,3.6752,18,4
von_neumann,13,0.12,1000,12,0.14422,0.895626,0.649283,0.349973,0.230165,0.610721,0.092218,0.02366,3.7551,3.5135,15,3
von_neumann,14,0.12,500,12,0.163802,0.866761,0.733242,0.351609,0.252584,0.708339,0.093181,0.062681,3.7795,3.6189,15,9
von_neumann,14,0.12,1000,12,0.138128,0.865957,0.677518,0.357564,0.22035,0.728445,0.096206,-0.048573,3.7772,3.3787,19,6
von_neumann,15,0.12,500,12,0.182047,0.867253,0.700001,0.344131,0.225834,0.594995,0.09678,0.010246,3.7021,3.5425,18,8
von_neumann,15,0.12,1000,12,0.193879,0.834433,0.721829,0.334805,0.239825,0.583928,0.100412,-0.031288,3.7089,3.7158,20,8
von_neumann,16,0.12,500,12,0.178981,0.896098,0.693036,0.34993,0.249659,0.723052,0.094201,-0.034337,3.7592,3.6102,16,6
von_neumann,16,0.12,1000,12,0.204297,0.885688,0.688631,0.365483,0.265367,0.604782,0.096441,0.070544,3.7715,3.7046,18,6
von_neumann,17,0.12,500,12,0.137751,0.77966,0.669553,0.347365,0.23242,0.584174,0.09432,-0.019831,3.6531,3.6397,18,7
von_neumann,17,0.12,1000,12,0.255318,0.767915,0.720219,0.331236,0.281928,0.724026,0.091462,0.007337,3.6139,3.5489,16,10
von_neumann,18,0.12,500,12,0.173198,0.860568,0.676389,0.339136,0.242259,0.619155,0.095795,0.117682,3.7375,3.4206,11,7
von_neumann,18,0.12,1000,12,0.180758,0.878814,0.711124,0.374988,0.241016,0.664401,0.100802,-0.069247,3.8429,3.7103,15,8
von_neumann,19,0.12,500,12,0.183337,0.835078,0.714982,0.344816,0.247783,0.654207,0.107113,-0.005282,3.7229,3.5162,18,8
von_neumann,19,0.12,1000,12,0.17762,0.882059,0.730827,0.353754,0.239693,0.732339,0.09727,0.08187,3.7228,3.393,15,8
von_neumann,20,0.12,500,12,0.202817,0.920036,0.709106,0.340451,0.20975,0.561976,0.101822,0.139806,3.7388,3.516,12,8
von_neumann,20,0.12,1000,12,0.198405,0.900959,0.703497,0.315218,0.239184,0.613429,0.099001,0.041833,3.583,3.6957,18,8
von_neumann,21,0.12,500,12,0.168368,0.868213,0.639698,0.315295,0.208744,0.616569,0.100396,-0.054548,3.6125,3.3976,15,4
von_neumann,21,0.12,1000,12,0.199812,0.87565,0.692801,0.310942,0.232535,0.552403,0.094803,-0.032124,3.5588,3.7376,13,6
von_neumann,22,0.12,500,12,0.18039,0.847978,0.750528,0.395266,0.248151,0.860101,0.097903,-0.08552,3.8309,3.2598,19,8
von_neumann,22,0.12,1000,12,0.166904,0.914304,0.714458,0.346144,0.246815,0.540801,0.09017,0.001602,3.7682,3.8483,16,9
von_neumann,23,0.12,500,12,0.193,0.904082,0.611699,0.308751,0.241882,0.65422,0.10522,-0.028533,3.5746,3.5073,20,5
von_neumann,23,0.12,1000,12,0.18798,0.838175,0.660345,0.356906,0.237716,0.701808,0.09928,-0.066351,3.7772,3.5609,18,5
von_neumann,24,0.12,500,12,0.192948,0.84751,0.712105,0.334218,0.236561,0.711219,0.10155,0.002619,3.6452,3.5594,18,8
von_neumann,24,0.12,1000,12,0.197079,0.810352,0.71627,0.30572,0.239296,0.524611,0.095661,-0.038729,3.5232,3.7532,22,8
von_neumann,25,0.12,500,12,0.179312,0.84734,0.705659,0.347781,0.264505,0.61441,0.092826,0.084052,3.7297,3.7942,18,7
von_neumann,25,0.12,1000,12,0.181385,0.82143,0.685105,0.298749,0.26333,0.683389,0.097625,-0.017872,3.5528,3.7442,17,7
von_neumann,26,0.12,500,12,0.143235,0.792246,0.660073,0.363425,0.238178,0.707501,0.098237,0.000587,3.7364,3.541,18,4
von_neumann,26,0.12,1000,12,0.219282,0.769464,0.701508,0.359207,0.229122,0.576481,0.104429,-0.038432,3.7131,3.6815,13,7
von_neumann,27,0.12,500,12,0.153771,0.813811,0.687703,0.355462,0.228599,0.529061,0.10477,0.023949,3.768,3.7647,21,7
von_neumann,27,0.12,1000,12,0.212147,0.835951,0.719182,0.348478,0.237733,0.526328,0.094931,-0.009946,3.7251,3.7762,17,7
von_neumann,28,0.12,500,12,0.205875,0.865715,0.720038,0.349099,0.241944,0.613321,0.102524,0.017108,3.7391,3.6006,16,9
von_neumann,28,0.12,1000,12,0.239259,0.939832,0.668135,0.311016,0.247631,0.553846,0.097113,-0.009851,3.5714,3.7688,13,5
von_neumann,29,0.12,500,12,0.130853,0.852485,0.637207,0.363594,0.231742,0.56497,0.095363,0.031578,3.8133,3.643,14,6
von_neumann,29,0.12,1000,12,0.226669,0.906545,0.740508,0.32585,0.257086,0.612305,0.094973,0.023342,3.657,3.7025,21,10
von_neumann,30,0.12,500,12,0.207158,0.925672,0.764058,0.359124,0.238016,0.533704,0.096668,0.134908,3.7639,3.8346,18,9
von_neumann,30,0.12,1000,12,0.196941,0.844637,0.673486,0.309197,0.244482,0.654597,0.09554,-0.133454,3.6114,3.5329,16,6
von_neumann,31,0.12,500,12,0.199396,0.849012,0.766242,0.349501,0.237281,0.630711,0.093697,-0.06485,3.691,3.6009,20,12
von_neumann,31,0.12,1000,12,0.236237,0.884046,0.711667,0.337708,0.250538,0.614633,0.098405,-0.063539,3.6709,3.5971,20,9
von_neumann,32,0.12,500,12,0.177797,0.799923,0.716089,0.320031,0.247132,0.596281,0.099027,-0.066135,3.5042,3.7226,21,9
von_neumann,32,0.12,1000,12,0.188343,0.816021,0.701455,0.32537,0.247767,0.650423,0.092056,0.070571,3.6237,3.572,13,7
von_neumann,33,0.12,500,12,0.160645,0.929676,0.683428,0.344138,0.246062,0.665335,0.092628,0.028472,3.7664,3.5961,19,6
von_neumann,33,0.12,1000,12,0.198187,0.881128,0.679696,0.334294,0.234554,0.687262,0.09256,-0.055303,3.6141,3.4892,19,6
von_neumann,34,0.12,500,12,0.181736,0.846849,0.683316,0.331495,0.239462,0.627108,0.096846,-0.13634,3.6752,3.6524,18,6
von_neumann,34,0.12,1000,12,0.173174,0.836258,0.640681,0.338139,0.249107,0.52971,0.093438,-0.024763,3.6778,3.8539,17,4
von_neumann,35,0.12,500,12,0.160393,0.88453,0.683313,0.358959,0.237916,0.666186,0.101083,0.083121,3.7717,3.5651,17,7
von_neumann,35,0.12,1000,12,0.143475,0.854507,0.648112,0.335344,0.232978,0.535758,0.105792,0.143518,3.7003,3.8017,14,5
von_neumann,36,0.12,500,12,0.15244,0.854575,0.700988,0.330852,0.230957,0.636867,0.099666,-0.022473,3.7172,3.5266,14,8
von_neumann,36,0.12,1000,12,0.150522,0.864535,0.668581,0.335338,0.237164,0.632781,0.090729,-0.046104,3.7478,3.5529,15,5
von_neumann,37,0.12,500,12,0.207698,0.873661,0.733235,0.360683,0.249312,0.638631,0.094456,-0.140644,3.7613,3.729,22,9
von_neumann,37,0.12,1000,12,0.186911,0.832101,0.646473,0.319402,0.230367,0.605878,0.09811,0.015443,3.5997,3.5018,13,6
von_neumann,38,0.12,500,12,0.139896,0.910913,0.657357,0.356689,0.248835,0.573947,0.097226,0.016834,3.7595,3.7429,17,5
von_neumann,38,0.12,1000,12,0.17803,0.88315,0.677043,0.341015,0.232405,0.66961,0.091994,0.008793,3.7028,3.5193,15,5
von_neumann,39,0.12,500,12,0.156601,0.755392,0.651049,0.322902,0.255192,0.739188,0.092005,0.069715,3.6073,3.5127,15,3
von_neumann,39,0.12,1000,12,0.167953,0.882133,0.662999,0.327424,0.240903,0.57294,0.099238,-0.074392,3.667,3.7922,18,5
von_neumann,40,0.12,500,12,0.178983,0.879311,0.651885,0.332195,0.218851,0.52046,0.101399,-0.026527,3.6696,3.7532,20,4
von_neumann,40,0.12,1000,12,0.167222,0.936046,0.752993,0.384905,0.227973,0.656526,0.101772,-0.072973,3.8595,3.3517,20,12
von_neumann,41,0.12,500,12,0.150927,0.899913,0.684212,0.330972,0.214481,0.606737,0.104485,-0.080519,3.6855,3.5208,18,7
von_neumann,41,0.12,1000,12,0.194724,0.883499,0.721454,0.341634,0.223362,0.53628,0.099015,0.019477,3.686,3.581,13,9
von_neumann,42,0.12,500,12,0.188278,0.858931,0.723925,0.359186,0.243582,0.734713,0.093124,0.189595,3.7509,3.4582,12,10
von_neumann,42,0.12,1000,12,0.21582,0.9534,0.751052,0.36217,0.255977,0.873608,0.101434,0.009338,3.7862,3.29,17,11
von_neumann,43,0.12,500,12,0.191549,0.831398,0.657,0.324117,0.26374,0.627931,0.091792,0.045552,3.6498,3.5949,18,4
von_neumann,43,0.12,1000,12,0.186372,0.870821,0.705433,0.307469,0.223786,0.718757,0.094337,-0.084469,3.608,3.3311,15,8
von_neumann,44,0.12,500,12,0.209984,0.85648,0.688537,0.346683,0.249688,0.64014,0.09381,-0.083097,3.6606,3.6591,19,5
von_neumann,44,0.12,1000,12,0.210326,0.930995,0.670823,0.32777,0.233346,0.617001,0.101119,-0.00841,3.7093,3.6134,19,7
von_neumann,45,0.12,500,12,0.164409,0.807479,0.661122,0.352196,0.244684,0.812381,0.09175,-0.042733,3.761,3.2525,19,6
von_neumann,45,0.12,1000,12,0.218517,0.829637,0.685249,0.320819,0.228998,0.635796,0.098986,-0.048496,3.609,3.5522,20,5
von_neumann,46,0.12,500,12,0.22105,0.905995,0.702732,0.325875,0.240921,0.646459,0.098549,0.043893,3.6686,3.5017,13,7
von_neumann,46,0.12,1000,12,0.198383,0.836946,0.720666,0.34994,0.247309,0.739074,0.099246,0.075456,3.7145,3.4238,11,6
von_neumann,47,0.12,500,12,0.222868,0.878145,0.752362,0.328967,0.231772,0.642257,0.096232,-0.065806,3.595,3.5127,20,9
von_neumann,47,0.12,1000,12,0.182757,0.859225,0.66028,0.323127,0.245956,0.569867,0.102427,-0.035788,3.676,3.7681,17,5
von_neumann,48,0.12,500,12,0.193127,0.792998,0.656938,0.306759,0.257717,0.708233,0.097278,0.061742,3.574,3.7617,11,4
von_neumann,48,0.12,1000,12,0.180812,0.850791,0.722336,0.325947,0.263352,0.694334,0.094267,-0.003889,3.6776,3.5687,17,8
von_neumann,49,0.12,500,12,0.151085,0.917771,0.664953,0.363268,0.229783,0.722182,0.10354,-0.025193,3.8364,3.4547,19,6
von_neumann,49,0.12,1000,12,0.190659,0.849231,0.692284,0.336764,0.244476,0.563841,0.094899,0.054246,3.6648,3.7501,18,6
von_neumann,50,0.12,500,12,0.227758,0.860399,0.753795,0.338818,0.247524,0.659859,0.096741,0.144282,3.7507,3.552,20,11
von_neumann,50,0.12,1000,12,0.141525,0.81187,0.707536,0.333499,0.219819,0.616191,0.097326,0.05409,3.7334,3.5798,19,9
moore,1,0.12,500,12,0.222178,0.782702,0.640962,0.33757,0.306603,0.765229,0.058468,-0.000902,3.6287,3.4875,11,4
moore,1,0.12,1000,12,0.200299,0.814747,0.675622,0.33014,0.288697,0.540564,0.05664,0.027547,3.6701,3.763,12,5
moore,2,0.12,500,12,0.237433,0.83543,0.726713,0.324486,0.312,0.64985,0.05975,0.092467,3.6509,3.6618,4,8
moore,2,0.12,1000,12,0.247261,0.85933,0.756966,0.330454,0.24861,0.559724,0.063297,0.108668,3.6768,3.634,2,9
moore,3,0.12,500,12,0.188606,0.832117,0.649955,0.33975,0.272599,0.767001,0.064677,0.10289,3.6837,3.2054,10,3
moore,3,0.12,1000,12,0.183076,0.86342,0.70956,0.351323,0.225827,0.506598,0.060996,0.099662,3.744,3.6844,10,6
moore,4,0.12,500,12,0.183549,0.802277,0.758838,0.342719,0.290527,0.661153,0.063319,-0.074707,3.6776,3.5806,15,10
moore,4,0.12,1000,12,0.143318,0.899775,0.684225,0.364921,0.281223,0.634778,0.058814,0.053023,3.7948,3.6308,10,7
moore,5,0.12,500,12,0.273539,0.889365,0.765327,0.307267,0.289228,0.742853,0.064408,0.096016,3.594,3.4794,8,6
moore,5,0.12,1000,12,0.198332,0.89344,0.720365,0.340907,0.298637,0.764754,0.060936,-0.031948,3.7224,3.6049,9,5
moore,6,0.12,500,12,0.214696,0.793639,0.690933,0.33108,0.308826,0.798867,0.057357,-0.004531,3.6288,3.5459,10,3
moore,6,0.12,1000,12,0.179656,0.807588,0.613505,0.304759,0.291902,0.652088,0.058384,-0.024866,3.6108,3.4561,10,5
moore,7,0.12,500,12,0.17693,0.940114,0.738179,0.36547,0.285213,0.854313,0.056904,0.055879,3.7969,3.3242,6,7
moore,7,0.12,1000,12,0.238172,0.842037,0.672205,0.317968,0.301035,0.601939,0.061706,0.023738,3.5833,3.7468,7,6
moore,8,0.12,500,12,0.239844,0.950682,0.708717,0.356454,0.290318,0.734202,0.0595,-0.005916,3.6583,3.6284,12,7
moore,8,0.12,1000,12,0.222069,0.826764,0.666083,0.314411,0.297237,0.72966,0.060146,0.042049,3.5826,3.3348,9,5
moore,9,0.12,500,12,0.178312,0.901213,0.69283,0.365741,0.276835,0.622334,0.061069,0.061475,3.7894,3.6873,4,4
moore,9,0.12,1000,12,0.242361,0.912068,0.718826,0.314536,0.276131,0.637273,0.065354,0.081629,3.6231,3.5656,5,6
moore,10,0.12,500,12,0.231175,0.841067,0.747526,0.331324,0.311467,0.71254,0.062774,-0.022486,3.6505,3.5294,9,8
moore,10,0.12,1000,12,0.228914,0.917171,0.750379,0.326618,0.274973,0.670349,0.06422,-0.037877,3.6464,3.4716,13,8
moore,11,0.12,500,12,0.253169,0.873081,0.705516,0.31573,0.296881,0.794762,0.057622,0.058021,3.5418,3.3309,6,5
moore,11,0.12,1000,12,0.27653,0.786246,0.704286,0.286057,0.302576,0.798269,0.061614,-0.021062,3.4363,3.3682,7,7
moore,12,0.12,500,12,0.199583,0.9448,0.682066,0.330564,0.285716,0.668504,0.060713,0.028487,3.7091,3.7854,9,6
moore,12,0.12,1000,12,0.211396,0.848356,0.657942,0.325065,0.283791,0.628523,0.066604,0.039467,3.6494,3.6634,13,4
moore,13,0.12,500,12,0.228274,0.857529,0.670081,0.288431,0.311645,0.694277,0.060603,0.004953,3.507,3.7338,13,5
moore,13,0.12,1000,12,0.212523,0.783752,0.617628,0.310497,0.268485,0.637704,0.060289,0.010942,3.4954,3.4729,10,3
moore,14,0.12,500,12,0.235151,0.976019,0.734082,0.36017,0.297896,0.678226,0.061429,0.060111,3.7709,3.5802,9,10
moore,14,0.12,1000,12,0.104711,0.826334,0.69733,0.355136,0.235804,0.558544,0.06289,0.024296,3.7902,3.7059,10,6
moore,15,0.12,500,12,0.166557,0.791421,0.647063,0.328408,0.259669,0.723526,0.061822,-0.02154,3.6791,3.3304,10,4
moore,15,0.12,1000,12,0.179707,0.853719,0.753945,0.353402,0.27497,0.653344,0.060833,0.037928,3.7857,3.6039,9,6
moore,16,0.12,500,12,0.178511,0.929262,0.744595,0.359465,0.267134,0.594414,0.061805,0.138656,3.8135,3.6418,8,8
moore,16,0.12,1000,12,0.190716,0.864882,0.648326,0.339888,0.338881,0.817235,0.059618,-0.003035,3.6609,3.5136,14,3
moore,17,0.12,500,12,0.201519,0.914314,0.68828,0.338745,0.283244,0.734537,0.061025,0.032624,3.6609,3.5833,6,6
moore,17,0.12,1000,12,0.2521,0.86867,0.758794,0.333699,0.325756,0.716887,0.056772,0.015088,3.6869,3.6296,9,11
moore,18,0.12,500,12,0.16981,0.887628,0.702533,0.365162,0.269389,0.617858,0.064137,0.04303,3.7889,3.4994,13,6
moore,18,0.12,1000,12,0.219572,0.919125,0.727232,0.361631,0.280003,0.726914,0.061864,-0.017204,3.7397,3.6523,11,7
moore,19,0.12,500,12,0.175252,0.813375,0.658403,0.319945,0.278923,0.561686,0.071974,0.000543,3.5728,3.7619,10,3
moore,19,0.12,1000,12,0.227987,0.884369,0.706,0.310792,0.272742,0.747714,0.05838,0.006763,3.6271,3.1784,9,7
moore,20,0.12,500,12,0.195622,0.868035,0.746473,0.37844,0.261848,0.641488,0.062314,0.073264,3.8513,3.5474,6,5
moore,20,0.12,1000,12,0.195099,0.798253,0.688855,0.314217,0.29488,0.637238,0.060084,-0.016697,3.6112,3.7296,11,5
moore,21,0.12,500,12,0.179418,0.895321,0.695015,0.343385,0.258015,0.729348,0.064177,0.021959,3.7516,3.3742,8,5
moore,21,0.12,1000,12,0.203259,0.926476,0.655283,0.329669,0.289544,0.695135,0.060843,0.02032,3.6387,3.6877,8,4
moore,22,0.12,500,12,0.226153,0.879598,0.716822,0.353904,0.283446,0.766129,0.062848,0.055187,3.7324,3.4601,8,6
moore,22,0.12,1000,12,0.196283,0.910042,0.72279,0.363182,0.274453,0.702398,0.057545,-0.034132,3.8236,3.5605,10,10
moore,23,0.12,500,12,0.239126,0.85133,0.720687,0.338731,0.292716,0.611198,0.06963,0.064715,3.6664,3.7015,6,6
moore,23,0.12,1000,12,0.201222,0.885628,0.726785,0.368859,0.269164,0.638412,0.064195,0.068604,3.8095,3.6318,7,7
moore,24,0.12,500,12,0.185346,0.876263,0.762006,0.360332,0.272461,0.69126,0.063893,0.003463,3.7911,3.646,8,10
moore,24,0.12,1000,12,0.189744,0.887982,0.701757,0.324755,0.288167,0.644217,0.061393,-0.008523,3.6728,3.6415,14,7
moore,25,0.12,500,12,0.17546,0.931257,0.768699,0.367719,0.297077,0.76947,0.059051,-0.025768,3.7617,3.6081,8,9
moore,25,0.12,1000,12,0.178758,0.839018,0.770142,0.355207,0.304044,0.676732,0.062149,0.117931,3.7706,3.7406,8,7
moore,26,0.12,500,12,0.189662,0.797256,0.653225,0.340235,0.273671,0.712811,0.057657,0.045268,3.6545,3.455,14,3
moore,26,0.12,1000,12,0.216094,0.827723,0.694774,0.335812,0.27196,0.564323,0.067744,0.030389,3.6331,3.6343,8,7
moore,27,0.12,500,12,0.210223,0.911939,0.708593,0.326539,0.272257,0.672714,0.065934,0.107703,3.6377,3.4642,10,9
moore,27,0.12,1000,12,0.24511,0.814827,0.732526,0.313218,0.281841,0.63428,0.061303,0.001427,3.6171,3.6507,10,9
moore,28,0.12,500,12,0.238734,0.834315,0.77495,0.35213,0.289849,0.677133,0.059297,0.001148,3.7136,3.6114,7,8
moore,28,0.12,1000,12,0.259017,0.911177,0.734087,0.330435,0.289497,0.634882,0.062387,0.051281,3.6145,3.5227,9,7
moore,29,0.12,500,12,0.174963,0.861806,0.690702,0.361939,0.285953,0.64327,0.061026,0.01363,3.7607,3.6118,11,6
moore,29,0.12,1000,12,0.235753,0.855028,0.741765,0.3258,0.297106,0.899105,0.058546,-0.027131,3.6345,3.1688,10,7
moore,30,0.12,500,12,0.239552,0.89123,0.834809,0.365817,0.27559,0.642742,0.06572,0.136273,3.7683,3.5388,6,6
moore,30,0.12,1000,12,0.191519,0.824925,0.676493,0.328701,0.28478,0.723092,0.058821,-0.002649,3.6614,3.5816,9,6
moore,31,0.12,500,12,0.201521,0.865313,0.715483,0.349215,0.274624,0.646055,0.054439,0.011706,3.6827,3.5567,9,8
moore,31,0.12,1000,12,0.206862,0.900053,0.730924,0.351178,0.276387,0.668101,0.062019,0.004334,3.7643,3.4775,6,5
moore,32,0.12,500,12,0.191933,0.834474,0.658107,0.306651,0.287433,0.655816,0.063289,0.025129,3.5841,3.621,13,4
moore,32,0.12,1000,12,0.19213,0.887171,0.691291,0.34677,0.293327,0.722531,0.057201,-0.030518,3.7335,3.5016,16,4
moore,33,0.12,500,12,0.197605,0.826762,0.700047,0.318683,0.293927,0.806617,0.058029,-0.028077,3.6434,3.478,13,5
moore,33,0.12,1000,12,0.192041,0.855546,0.723771,0.33244,0.27301,0.613986,0.061763,0.086358,3.6548,3.6303,8,7
moore,34,0.12,500,12,0.179906,0.872583,0.707243,0.370276,0.274362,0.800275,0.061958,0.095426,3.7989,3.2932,8,9
moore,34,0.12,1000,12,0.198385,0.933055,0.698758,0.333479,0.287975,0.696556,0.058813,0.092398,3.6157,3.4509,8,6
moore,35,0.12,500,12,0.208999,0.878214,0.729417,0.350837,0.287596,0.821628,0.067299,0.018486,3.7117,3.3519,11,6
moore,35,0.12,1000,12,0.178957,0.843291,0.754314,0.331424,0.262831,0.631059,0.066968,0.04473,3.7226,3.5269,10,9
moore,36,0.12,500,12,0.156916,0.979537,0.700882,0.333828,0.255347,0.688619,0.0654,0.001767,3.7275,3.3898,9,7
moore,36,0.12,1000,12,0.170077,0.826884,0.711737,0.362184,0.266788,0.707395,0.05598,0.041274,3.8298,3.5076,8,6
moore,37,0.12,500,12,0.25012,0.865745,0.689004,0.309071,0.274436,0.742703,0.059646,-0.017614,3.5612,3.4513,10,7
moore,37,0.12,1000,12,0.214032,0.803194,0.654781,0.311389,0.284159,0.627017,0.06021,0.011546,3.5805,3.748,12,4
moore,38,0.12,500,12,0.161541,0.842477,0.652927,0.335834,0.281836,0.595749,0.055354,0.038372,3.6541,3.508,8,2
moore,38,0.12,1000,12,0.211874,0.854055,0.654796,0.318154,0.276049,0.699582,0.057492,-0.004687,3.6027,3.4451,10,3
moore,39,0.12,500,12,0.172717,0.857328,0.709405,0.370137,0.295999,0.636769,0.059229,0.010187,3.8119,3.7414,6,9
moore,39,0.12,1000,12,0.173914,0.894033,0.675333,0.316646,0.2943,0.739436,0.05868,0.017153,3.6476,3.5719,9,6
moore,40,0.12,500,12,0.13365,0.838711,0.620983,0.334146,0.267149,0.642177,0.058548,-0.030091,3.7078,3.4382,10,4
moore,40,0.12,1000,12,0.173601,0.87157,0.730076,0.387999,0.280654,0.780031,0.065211,-0.02812,3.7913,3.4875,10,10
moore,41,0.12,500,12,0.166417,0.894272,0.692796,0.350178,0.265635,0.711014,0.065313,0.021259,3.7298,3.5124,11,6
moore,41,0.12,1000,12,0.199286,0.860861,0.741963,0.332128,0.267167,0.597019,0.06405,0.023763,3.6053,3.4975,10,8
moore,42,0.12,500,12,0.242541,0.839581,0.669089,0.308568,0.287625,0.693718,0.060599,0.082059,3.5789,3.6424,8,5
moore,42,0.12,1000,12,0.196987,0.936077,0.67922,0.337222,0.282687,0.610939,0.063648,0.025857,3.7375,3.535,10,4
moore,43,0.12,500,12,0.236486,0.839012,0.727832,0.328078,0.310081,0.62607,0.060705,0.025798,3.6725,3.6328,13,8
moore,43,0.12,1000,12,0.199452,0.82827,0.641408,0.311812,0.257379,0.73468,0.061266,-0.02029,3.6262,3.3481,12,2
moore,44,0.12,500,12,0.174277,0.871616,0.722257,0.33305,0.279096,0.789827,0.060546,0.083525,3.6985,3.2755,9,4
moore,44,0.12,1000,12,0.196209,0.874001,0.746937,0.348136,0.261664,0.630979,0.06356,-0.000843,3.7046,3.5741,10,6
moore,45,0.12,500,12,0.183687,0.91293,0.739933,0.348478,0.286458,0.583811,0.05931,0.111989,3.7596,3.7432,9,8
moore,45,0.12,1000,12,0.282017,0.859511,0.728964,0.309012,0.270427,0.669288,0.062257,0.07343,3.5438,3.5166,8,7
moore,46,0.12,500,12,0.223828,0.865343,0.725509,0.340463,0.291993,0.701185,0.068906,0.033352,3.616,3.5554,8,6
moore,46,0.12,1000,12,0.186021,0.807184,0.719335,0.361217,0.291115,0.684117,0.062531,0.02581,3.7971,3.599,10,8
moore,47,0.12,500,12,0.200045,0.839599,0.717499,0.327611,0.257377,0.746644,0.061502,-2.6e-05,3.6963,3.2843,15,5
moore,47,0.12,1000,12,0.226421,0.853723,0.670672,0.327787,0.303038,0.707149,0.064731,-0.002629,3.6103,3.5388,9,6
moore,48,0.12,500,12,0.200797,0.889196,0.727533,0.348047,0.297853,0.641959,0.061541,-0.030312,3.7102,3.8257,10,8
moore,48,0.12,1000,12,0.177739,0.912371,0.72258,0.335545,0.297689,0.660098,0.058164,-0.030048,3.715,3.5975,11,7
moore,49,0.12,500,12,0.177133,0.835376,0.669547,0.353951,0.270432,0.668786,0.064989,-0.039413,3.7766,3.5122,14,6
moore,49,0.12,1000,12,0.170334,0.865659,0.705442,0.372424,0.275516,0.690155,0.062522,0.063147,3.8129,3.5838,9,5
moore,50,0.12,500,12,0.25954,0.926677,0.759874,0.347216,0.295298,0.756476,0.059658,0.091105,3.7415,3.3696,10,12
moore,50,0.12,1000,12,0.147043,0.912985,0.650141,0.345266,0.257219,0.890057,0.067309,0.115846,3.7652,3.2151,14,5
hex,1,0.12,500,12,0.201826,0.87952,0.682035,0.342307,0.299523,0.660405,0.068222,-0.055736,3.7259,3.7408,10,7
hex,1,0.12,1000,12,0.208806,0.89602,0.701646,0.326807,0.276253,0.673731,0.065479,0.057764,3.6862,3.5455,11,5
hex,2,0.12,500,12,0.258852,0.917703,0.740965,0.320643,0.30365,0.661659,0.06989,0.011443,3.6475,3.7289,12,11
hex,2,0.12,1000,12,0.212623,0.856522,0.693232,0.338847,0.243703,0.575312,0.073366,0.119942,3.6943,3.6189,12,7
hex,3,0.12,500,12,0.18549,0.895726,0.710547,0.361857,0.266884,0.753597,0.075738,0.060685,3.7063,3.3339,12,7
hex,3,0.12,1000,12,0.191937,0.863791,0.691262,0.364975,0.224765,0.619565,0.069466,0.087881,3.786,3.4767,13,5
hex,4,0.12,500,12,0.18897,0.864207,0.675579,0.338142,0.279809,0.763489,0.070721,-0.013337,3.6261,3.4526,13,6
hex,4,0.12,1000,12,0.196256,0.833884,0.73256,0.368961,0.273872,0.656956,0.068533,0.048725,3.7183,3.5822,14,7
hex,5,0.12,500,12,0.253833,0.942073,0.733856,0.311287,0.278848,0.812773,0.072238,0.145131,3.61,3.4624,11,9
hex,5,0.12,1000,12,0.194628,0.91687,0.692815,0.337304,0.297349,0.661434,0.069454,-0.020715,3.7168,3.8026,15,6
hex,6,0.12,500,12,0.191618,0.848549,0.659474,0.323787,0.291482,0.697742,0.065606,-0.011554,3.6641,3.6235,12,6
hex,6,0.12,1000,12,0.176554,0.846722,0.632792,0.325673,0.281052,0.687417,0.067232,0.052688,3.6212,3.3961,11,3
hex,7,0.12,500,12,0.168224,0.877448,0.697147,0.328084,0.273647,0.865836,0.06659,0.131916,3.6366,3.3042,11,6
hex,7,0.12,1000,12,0.24722,0.888943,0.680391,0.29964,0.282389,0.538308,0.070566,-0.015062,3.5163,3.7708,14,5
hex,8,0.12,500,12,0.216,0.880059,0.69555,0.372009,0.281014,0.715339,0.068093,-0.009209,3.6714,3.7134,16,7
hex,8,0.12,1000,12,0.233766,0.828013,0.669469,0.311005,0.288704,0.629545,0.069344,-0.02756,3.5666,3.6043,15,4
hex,9,0.12,500,12,0.183293,0.879293,0.710473,0.359751,0.271364,0.562161,0.070434,0.093056,3.7688,3.8216,9,6
hex,9,0.12,1000,12,0.237504,0.855367,0.714206,0.32184,0.27078,0.687681,0.072531,0.019661,3.6375,3.5928,11,8
hex,10,0.12,500,12,0.245196,0.880196,0.758349,0.317339,0.301491,0.812989,0.071129,0.022084,3.5965,3.3402,14,8
hex,10,0.12,1000,12,0.225205,0.960894,0.745102,0.338329,0.267102,0.635845,0.073021,-0.112704,3.7191,3.6036,19,9
hex,11,0.12,500,12,0.26229,0.870108,0.769089,0.328545,0.285429,0.705342,0.066831,0.03506,3.6509,3.5261,12,8
hex,11,0.12,1000,12,0.272686,0.864019,0.693314,0.310021,0.291136,0.758883,0.071057,-0.046827,3.46,3.4387,15,7
hex,12,0.12,500,12,0.196313,0.91341,0.715977,0.35163,0.280026,0.653335,0.071555,0.045883,3.8104,3.7776,15,7
hex,12,0.12,1000,12,0.208438,0.785233,0.702434,0.325115,0.266313,0.638797,0.07421,0.049606,3.6093,3.6544,12,7
hex,13,0.12,500,12,0.248551,0.894335,0.672774,0.315144,0.298446,0.820557,0.069064,-0.027251,3.5892,3.4028,15,5
hex,13,0.12,1000,12,0.195147,0.932535,0.659008,0.330032,0.264056,0.702881,0.06643,0.070501,3.6309,3.4224,12,3
hex,14,0.12,500,12,0.221379,0.865195,0.729707,0.363455,0.287417,0.628883,0.07094,-0.012423,3.7359,3.7048,14,7
hex,14,0.12,1000,12,0.127914,0.832081,0.695955,0.331311,0.237548,0.689218,0.070073,0.008704,3.6917,3.4504,17,8
hex,15,0.12,500,12,0.174858,0.834318,0.633991,0.316526,0.254136,0.660093,0.071652,-0.011052,3.6121,3.3497,13,3
hex,15,0.12,1000,12,0.191116,0.828592,0.735798,0.351624,0.271448,0.589019,0.070041,0.047966,3.7211,3.7221,13,9
hex,16,0.12,500,12,0.190276,0.930694,0.74171,0.360515,0.270799,0.806335,0.071137,0.106885,3.837,3.3655,9,12
hex,16,0.12,1000,12,0.183122,0.819237,0.667613,0.352156,0.311337,0.749635,0.068056,0.053624,3.7245,3.5554,14,4
hex,17,0.12,500,12,0.181129,0.782837,0.653879,0.311387,0.268782,0.699008,0.068587,-0.011819,3.598,3.586,14,4
hex,17,0.12,1000,12,0.233161,0.845871,0.736937,0.355215,0.306009,0.606764,0.064191,-0.052209,3.7338,3.7621,17,10
hex,18,0.12,500,12,0.162551,0.861759,0.741084,0.360044,0.267525,0.7536,0.072289,0.011561,3.796,3.3285,14,9
hex,18,0.12,1000,12,0.222034,0.859854,0.738136,0.365359,0.266111,0.69707,0.071728,0.021284,3.6821,3.6664,13,8
hex,19,0.12,500,12,0.184212,0.925934,0.692843,0.318454,0.277451,0.563854,0.081202,0.043361,3.6156,3.7864,13,6
hex,19,0.12,1000,12,0.217947,0.909187,0.754181,0.334887,0.273631,0.675243,0.06652,0.025001,3.7165,3.5023,13,12
hex,20,0.12,500,12,0.206809,0.855983,0.726774,0.354698,0.245871,0.497391,0.072117,0.065494,3.73,3.7259,15,6
hex,20,0.12,1000,12,0.192215,0.855472,0.738257,0.31949,0.282136,0.793229,0.068351,-0.06353,3.6462,3.3668,17,6
hex,21,0.12,500,12,0.178323,0.921606,0.729976,0.338739,0.252174,0.710241,0.073467,-0.034506,3.7608,3.3685,10,9
hex,21,0.12,1000,12,0.225368,0.965492,0.662245,0.306935,0.272599,0.652634,0.071196,-0.022109,3.5534,3.6277,14,4
hex,22,0.12,500,12,0.222708,0.936145,0.755754,0.371345,0.281149,0.797159,0.072519,0.086896,3.8095,3.4106,11,10
hex,22,0.12,1000,12,0.200645,0.954562,0.749283,0.359767,0.279226,0.843758,0.066016,-0.021868,3.7575,3.3177,10,9
hex,23,0.12,500,12,0.2134,0.853393,0.725828,0.319693,0.274856,0.755786,0.078921,0.027444,3.5596,3.3692,17,9
hex,23,0.12,1000,12,0.207215,0.956333,0.751406,0.338267,0.266702,0.827375,0.073538,0.014206,3.7374,3.4,14,8
hex,24,0.12,500,12,0.18022,0.797492,0.682937,0.370056,0.262323,0.667288,0.072454,-0.008941,3.7025,3.6854,16,6
hex,24,0.12,1000,12,0.196614,0.904696,0.60919,0.314739,0.269327,0.69092,0.069171,-0.048514,3.5906,3.4509,14,4
hex,25,0.12,500,12,0.199373,0.900319,0.753463,0.355245,0.296508,0.810397,0.069352,-0.012218,3.7404,3.5065,17,10
hex,25,0.12,1000,12,0.203345,0.844968,0.70294,0.323132,0.296133,0.626969,0.070579,0.083314,3.6413,3.7901,14,7
hex,26,0.12,500,12,0.186767,0.842787,0.695279,0.345188,0.271391,0.676946,0.06747,-0.028531,3.7178,3.6323,14,7
hex,26,0.12,1000,12,0.226339,0.835828,0.701427,0.35709,0.26629,0.656578,0.077677,0.067318,3.7588,3.5804,13,6
hex,27,0.12,500,12,0.180817,0.920056,0.735023,0.349275,0.264829,0.541565,0.074202,0.108788,3.765,3.7218,12,7
hex,27,0.12,1000,12,0.242998,0.88917,0.753281,0.335412,0.264061,0.796359,0.070221,-0.016162,3.6929,3.2363,16,11
hex,28,0.12,500,12,0.240048,0.863049,0.695002,0.313053,0.280925,0.556851,0.067945,0.059971,3.5778,3.8544,10,6
hex,28,0.12,1000,12,0.26496,0.922168,0.710489,0.31215,0.284152,0.70436,0.071182,0.060961,3.5934,3.4982,9,7
hex,29,0.12,500,12,0.190334,0.872376,0.728904,0.365003,0.275966,0.660929,0.069458,-0.027383,3.7619,3.5217,17,9
hex,29,0.12,1000,12,0.26015,0.886993,0.699211,0.320383,0.292636,0.680102,0.067954,-0.006353,3.6285,3.58,14,7
hex,30,0.12,500,12,0.223326,0.902019,0.796173,0.368888,0.258894,0.560896,0.073693,0.113638,3.8388,3.761,6,9
hex,30,0.12,1000,12,0.184448,0.832128,0.643725,0.310545,0.273785,0.723812,0.067551,-0.00413,3.5857,3.4739,12,2
hex,31,0.12,500,12,0.205731,0.816,0.721793,0.335809,0.265613,0.701306,0.064001,0.006368,3.6691,3.4442,12,8
hex,31,0.12,1000,12,0.220632,0.841311,0.734429,0.325679,0.271968,0.667003,0.071022,-0.037025,3.6812,3.5378,16,7
hex,32,0.12,500,12,0.201584,0.889615,0.672597,0.307217,0.281927,0.693518,0.072828,0.004902,3.5625,3.5088,17,5
hex,32,0.12,1000,12,0.213316,0.788267,0.674791,0.326637,0.280599,0.748589,0.066302,-0.039563,3.6003,3.4812,13,5
hex,33,0.12,500,12,0.182029,0.810149,0.653972,0.319399,0.278924,0.679008,0.068044,0.024573,3.6543,3.6435,13,4
hex,33,0.12,1000,12,0.188185,0.87654,0.718135,0.333598,0.260472,0.59498,0.070624,0.02143,3.6763,3.7341,15,9
hex,34,0.12,500,12,0.198863,0.898898,0.75778,0.361586,0.269257,0.754319,0.070907,0.04701,3.7427,3.4352,16,8
hex,34,0.12,1000,12,0.201523,0.838537,0.694474,0.329103,0.282358,0.638665,0.066794,0.02688,3.687,3.6447,17,7
hex,35,0.12,500,12,0.203165,0.871463,0.708653,0.36895,0.268507,0.729101,0.075905,0.046166,3.7988,3.5186,9,8
hex,35,0.12,1000,12,0.163808,0.793802,0.632661,0.322894,0.263197,0.629602,0.077022,0.081892,3.6222,3.6271,14,3
hex,36,0.12,500,12,0.169113,0.869287,0.724608,0.343041,0.248552,0.638041,0.074804,0.015998,3.6793,3.4298,11,8
hex,36,0.12,1000,12,0.187501,0.768642,0.652656,0.339615,0.268012,0.721464,0.065204,0.009765,3.6433,3.5274,15,3
hex,37,0.12,500,12,0.250828,0.851363,0.714763,0.3123,0.275972,0.639412,0.067252,-0.054057,3.5996,3.7271,17,7
hex,37,0.12,1000,12,0.196252,0.795469,0.656789,0.31865,0.269454,0.633721,0.06935,-0.012704,3.5948,3.6069,12,4
hex,38,0.12,500,12,0.141557,0.826186,0.601633,0.32899,0.267289,0.639677,0.065746,0.078335,3.6605,3.4634,15,2
hex,38,0.12,1000,12,0.214237,0.802595,0.709129,0.336531,0.262924,0.671821,0.066961,-0.002435,3.6122,3.5576,11,7
hex,39,0.12,500,12,0.168008,0.903305,0.674761,0.329499,0.268084,0.686257,0.067991,0.043933,3.6816,3.5051,11,6
hex,39,0.12,1000,12,0.168375,0.883886,0.735646,0.34267,0.278165,0.698718,0.067523,0.007699,3.7472,3.6107,15,9
hex,40,0.12,500,12,0.154666,0.762661,0.59991,0.331334,0.258734,0.544927,0.067541,-0.097373,3.6631,3.8115,14,3
hex,40,0.12,1000,12,0.159941,0.94844,0.745215,0.374672,0.259861,0.687382,0.074275,0.009078,3.8428,3.593,14,11
hex,41,0.12,500,12,0.17554,0.863938,0.697987,0.330597,0.257947,0.719551,0.074788,0.023984,3.6992,3.5148,15,7
hex,41,0.12,1000,12,0.217828,0.907297,0.690038,0.352295,0.262107,0.56954,0.072921,-0.002378,3.7547,3.6084,13,6
hex,42,0.12,500,12,0.254682,0.848977,0.70053,0.306765,0.281255,0.787701,0.068495,0.068361,3.5778,3.4358,13,7
hex,42,0.12,1000,12,0.232122,0.891669,0.746183,0.355596,0.288454,0.772283,0.073275,-0.025968,3.6841,3.5613,11,9
hex,43,0.12,500,12,0.231512,0.828528,0.695009,0.318152,0.301158,0.668434,0.068564,0.047686,3.6235,3.5679,14,7
hex,43,0.12,1000,12,0.188831,0.914931,0.661044,0.313267,0.249481,0.672462,0.070283,0.010319,3.5504,3.4449,9,2
hex,44,0.12,500,12,0.172293,0.788575,0.657392,0.333331,0.272383,0.652479,0.070013,-0.030433,3.6749,3.6127,13,4
hex,44,0.12,1000,12,0.202016,0.885675,0.706122,0.343099,0.259385,0.642974,0.072683,0.000796,3.6969,3.5489,13,9
hex,45,0.12,500,12,0.198523,0.838412,0.715332,0.349119,0.274386,0.621337,0.06681,0.016405,3.7349,3.6506,13,8
hex,45,0.12,1000,12,0.254327,0.838764,0.724883,0.302946,0.260147,0.622917,0.071721,-0.010309,3.5774,3.6218,13,8
hex,46,0.12,500,12,0.209233,0.874709,0.660574,0.345542,0.277771,0.683677,0.075847,0.050206,3.7178,3.5512,13,4
hex,46,0.12,1000,12,0.212202,0.873431,0.749626,0.350891,0.282534,0.753295,0.071267,0.008878,3.6614,3.4919,12,11
hex,47,0.12,500,12,0.209444,0.917722,0.666958,0.310156,0.251814,0.676019,0.070296,-0.017143,3.5923,3.4538,15,3
hex,47,0.12,1000,12,0.23226,0.892765,0.693044,0.31853,0.289236,0.636401,0.07331,0.013207,3.6146,3.737,12,6
hex,48,0.12,500,12,0.19501,0.888878,0.692755,0.349299,0.292574,0.658018,0.070494,0.02091,3.7274,3.757,9,6
hex,48,0.12,1000,12,0.169231,0.92843,0.759824,0.361597,0.293983,0.72976,0.067227,-0.058925,3.8305,3.459,16,8
hex,49,0.12,500,12,0.184014,0.855101,0.68163,0.343102,0.262278,0.690204,0.074718,-0.075934,3.7096,3.4979,18,7
hex,49,0.12,1000,12,0.176107,0.902182,0.726751,0.353332,0.267395,0.709608,0.070234,-0.018946,3.8261,3.5626,16,7
hex,50,0.12,500,12,0.232458,0.883783,0.775868,0.371629,0.279463,0.639536,0.067442,0.087952,3.7873,3.6463,12,10
hex,50,0.12,1000,12,0.159124,0.825057,0.627414,0.329148,0.245162,0.868553,0.076399,0.052263,3.6778,3.192,15,4
random,1,0.12,500,12,0.229091,0.933529,0.740324,0.343804,0.332705,0.726914,0.076943,-0.053241,3.6703,3.6535,17,11
random,1,0.12,1000,12,0.124476,0.82663,0.67485,0.312178,0.336475,0.888954,0.076551,-0.033796,3.5921,3.5529,15,5
random,2,0.12,500,12,0.190117,0.8922,0.668579,0.328174,0.339088,0.674339,0.074919,0.027966,3.6857,3.8066,20,6
random,2,0.12,1000,12,0.182384,0.859065,0.715983,0.353967,0.328906,0.820568,0.073656,0.041877,3.7356,3.6494,16,8
random,3,0.12,500,12,0.218202,0.853512,0.695752,0.332747,0.317835,0.774125,0.078855,0.005643,3.6581,3.6431,19,6
random,3,0.12,1000,12,0.190353,0.876958,0.711892,0.327732,0.350257,0.850739,0.072704,-0.008556,3.6585,3.5826,14,6
random,4,0.12,500,12,0.23351,0.948646,0.749459,0.343988,0.352515,0.810625,0.069216,-0.022082,3.7625,3.7495,19,9
random,4,0.12,1000,12,0.151871,0.829608,0.704699,0.336998,0.322917,0.689504,0.074199,-0.046027,3.6847,3.651,16,8
random,5,0.12,500,12,0.206325,0.894026,0.711006,0.343581,0.341653,0.775497,0.072744,-0.041966,3.695,3.653,23,7
random,5,0.12,1000,12,0.224853,0.839512,0.673031,0.322989,0.360645,0.885264,0.073481,-0.013551,3.6263,3.5159,21,5
random,6,0.12,500,12,0.18631,0.852828,0.707775,0.352799,0.33691,0.747551,0.069886,0.049487,3.7566,3.6746,19,7
random,6,0.12,1000,12,0.149676,0.821904,0.684277,0.347538,0.342428,0.639645,0.070894,0.018183,3.7757,3.8754,14,7
random,7,0.12,500,12,0.153865,0.875822,0.659528,0.334798,0.332497,0.733193,0.071761,-0.040251,3.6952,3.6312,17,5
random,7,0.12,1000,12,0.113876,0.833913,0.629008,0.33391,0.329663,0.791373,0.07606,-0.046662,3.6903,3.5035,17,5
random,8,0.12,500,12,0.147214,0.885297,0.692507,0.340548,0.340324,0.876745,0.072399,-0.048269,3.7375,3.434,15,7
random,8,0.12,1000,12,0.214955,0.86825,0.757768,0.337951,0.347552,0.673758,0.075695,-0.055094,3.7009,3.8733,16,9
random,9,0.12,500,12,0.259652,0.868513,0.747734,0.334782,0.366025,0.801091,0.075328,-0.071402,3.6897,3.6828,11,13
random,9,0.12,1000,12,0.178794,0.864887,0.700901,0.345253,0.329203,0.747187,0.070985,0.043071,3.7731,3.7608,20,7
random,10,0.12,500,12,0.17365,0.865014,0.701813,0.334054,0.338377,0.767381,0.073087,-0.027966,3.7057,3.663,12,6
random,10,0.12,1000,12,0.224258,0.851038,0.735364,0.320734,0.371028,0.8061,0.075743,-0.039694,3.6366,3.5706,15,9
random,11,0.12,500,12,0.190019,0.863156,0.656278,0.307477,0.343569,0.726536,0.076952,-0.006689,3.5241,3.7869,14,3
random,11,0.12,1000,12,0.288673,0.935225,0.696409,0.299886,0.372119,0.755956,0.075765,0.060567,3.5251,3.6994,12,6
random,12,0.12,500,12,0.166159,0.912096,0.679401,0.347371,0.32008,0.822446,0.076002,-0.008066,3.718,3.436,14,7
random,12,0.12,1000,12,0.193958,0.846468,0.669474,0.327216,0.350431,0.661338,0.075522,-0.062466,3.6429,3.7055,12,5
random,13,0.12,500,12,0.210635,0.916862,0.724342,0.356843,0.323339,0.73985,0.071665,0.055805,3.7712,3.6406,20,7
random,13,0.12,1000,12,0.1379,0.882059,0.688749,0.360713,0.319943,0.698148,0.072223,-0.020082,3.7626,3.61,16,5
random,14,0.12,500,12,0.195022,0.826787,0.695646,0.336816,0.337498,0.729631,0.069016,0.012862,3.7089,3.7119,20,7
random,14,0.12,1000,12,0.183754,0.764827,0.661657,0.326567,0.364691,0.793678,0.075498,0.013398,3.6114,3.7395,15,4
random,15,0.12,500,12,0.182737,0.882601,0.657817,0.311651,0.333871,0.766287,0.074333,0.01405,3.5807,3.6484,17,5
random,15,0.12,1000,12,0.194651,0.787234,0.643388,0.311453,0.360563,0.722607,0.076682,0.012726,3.5275,3.6763,18,2
random,16,0.12,500,12,0.194004,0.772888,0.656736,0.320983,0.323379,0.715541,0.075248,0.006675,3.6271,3.6581,17,5
random,16,0.12,1000,12,0.179753,0.928465,0.682542,0.336534,0.34481,0.913756,0.073367,-0.035166,3.6775,3.4625,20,4
random,17,0.12,500,12,0.144015,0.83237,0.677314,0.344674,0.306549,0.713742,0.070438,0.0349,3.7386,3.6227,15,5
random,17,0.12,1000,12,0.188341,0.846096,0.686981,0.360446,0.34772,0.762489,0.07343,-0.036747,3.7809,3.7086,21,7
random,18,0.12,500,12,0.208922,0.868869,0.702967,0.337904,0.354211,0.758099,0.07927,-0.019678,3.6637,3.7893,22,8
random,18,0.12,1000,12,0.191737,0.861765,0.728068,0.35814,0.33447,0.778489,0.072593,0.023671,3.7758,3.5846,19,9
random,19,0.12,500,12,0.219647,0.838944,0.67262,0.333922,0.33608,0.770824,0.078172,-0.010219,3.6188,3.7344,17,5
random,19,0.12,1000,12,0.229378,0.936513,0.774886,0.355621,0.340672,0.792423,0.073029,-0.084196,3.7369,3.6944,19,9
random,20,0.12,500,12,0.185184,0.838898,0.717587,0.339832,0.340816,0.8074,0.075795,-0.093564,3.7382,3.6623,22,8
random,20,0.12,1000,12,0.144776,0.87092,0.679752,0.340617,0.331821,0.8127,0.072095,0.034602,3.7165,3.6038,18,4
random,21,0.12,500,12,0.179695,0.803096,0.61051,0.322544,0.329046,0.804681,0.070407,-0.019587,3.6157,3.5722,22,4
random,21,0.12,1000,12,0.140098,0.827057,0.654612,0.32206,0.323474,0.605,0.076342,0.003952,3.6478,3.9169,16,2
random,22,0.12,500,12,0.160479,0.827234,0.697691,0.346309,0.335857,0.717459,0.069238,0.014881,3.7522,3.726,16,7
random,22,0.12,1000,12,0.199494,0.834729,0.665048,0.312706,0.335945,0.691641,0.07523,0.013882,3.5286,3.7035,11,6
random,23,0.12,500,12,0.175782,0.794199,0.636246,0.347479,0.351746,0.739335,0.079012,-0.040127,3.6704,3.753,15,6
random,23,0.12,1000,12,0.182241,0.876751,0.738265,0.347512,0.341491,0.708516,0.079464,0.036739,3.748,3.6212,15,7
random,24,0.12,500,12,0.204916,0.804472,0.699732,0.294363,0.33044,0.817537,0.076739,-0.011622,3.545,3.4773,16,7
random,24,0.12,1000,12,0.190973,0.761548,0.657353,0.332447,0.351628,0.748829,0.075568,0.016341,3.64,3.7701,14,4
random,25,0.12,500,12,0.192436,0.911652,0.691035,0.335148,0.329185,0.803772,0.070654,0.030659,3.7159,3.5757,12,5
random,25,0.12,1000,12,0.18887,0.89908,0.697232,0.339818,0.353142,0.826628,0.076313,-0.04118,3.7228,3.6533,18,5
random,26,0.12,500,12,0.151853,0.896249,0.611553,0.309912,0.341285,0.756026,0.072994,-0.042879,3.599,3.6649,18,4
random,26,0.12,1000,12,0.192756,0.870434,0.667222,0.316744,0.360307,0.743241,0.075618,-0.057473,3.635,3.6538,17,6
random,27,0.12,500,12,0.207365,0.887218,0.722464,0.348119,0.340349,0.769031,0.070697,-0.051533,3.763,3.6526,20,10
random,27,0.12,1000,12,0.213136,0.92994,0.714854,0.353408,0.356679,0.664373,0.068735,0.032966,3.7656,3.7475,24,8
random,28,0.12,500,12,0.191179,0.874849,0.705145,0.328748,0.321481,0.658473,0.071877,-0.028614,3.6474,3.8432,18,7
random,28,0.12,1000,12,0.223329,0.884885,0.73152,0.354437,0.328756,0.699583,0.073985,0.040162,3.7164,3.6298,20,8
random,29,0.12,500,12,0.139285,0.840752,0.710117,0.354155,0.346275,0.752611,0.072138,-0.065183,3.7678,3.5763,18,9
random,29,0.12,1000,12,0.175486,0.875945,0.747798,0.342245,0.330842,0.762757,0.07518,-0.007866,3.7326,3.6043,14,11
random,30,0.12,500,12,0.181946,0.855843,0.695328,0.341816,0.33296,0.707177,0.077784,-0.013607,3.6863,3.7704,17,5
random,30,0.12,1000,12,0.176265,0.870765,0.680263,0.345647,0.338366,0.781258,0.073582,0.045975,3.6998,3.5114,26,7
random,31,0.12,500,12,0.198506,0.812688,0.70214,0.315616,0.35387,0.769481,0.075858,-0.052103,3.6439,3.6729,15,7
random,31,0.12,1000,12,0.212245,0.934695,0.751502,0.33459,0.34828,0.804393,0.073709,0.010829,3.7037,3.6772,14,10
random,32,0.12,500,12,0.153606,0.790815,0.625142,0.314516,0.32522,0.767921,0.07216,-0.008866,3.5156,3.5023,16,3
random,32,0.12,1000,12,0.144792,0.888455,0.606021,0.330442,0.328777,0.686198,0.070655,-0.004887,3.6665,3.7964,11,2
random,33,0.12,500,12,0.172181,0.914047,0.69952,0.338329,0.347925,0.708899,0.075276,0.011943,3.7227,3.8218,17,7
random,33,0.12,1000,12,0.169888,0.889583,0.767535,0.373628,0.327857,0.98263,0.07329,0.026655,3.7948,3.4341,15,10
random,34,0.12,500,12,0.17284,0.826513,0.694148,0.327508,0.348845,0.726822,0.071214,-0.000405,3.7046,3.7509,17,6
random,34,0.12,1000,12,0.194556,0.886394,0.701128,0.378631,0.352946,0.775915,0.074361,-0.007655,3.8337,3.6779,10,9
random,35,0.12,500,12,0.17669,0.885459,0.688269,0.337734,0.336941,0.688229,0.076491,-0.100493,3.7126,3.7445,16,6
random,35,0.12,1000,12,0.221376,0.899415,0.706884,0.337515,0.333686,0.713926,0.084874,0.0026,3.6787,3.669,13,9
random,36,0.12,500,12,0.165983,0.788146,0.683872,0.328159,0.319796,0.823343,0.073359,-0.008715,3.655,3.5121,16,4
random,36,0.12,1000,12,0.210785,0.827988,0.655423,0.308098,0.359932,0.75159,0.072797,-0.1054,3.6221,3.8086,19,5
random,37,0.12,500,12,0.195611,0.86646,0.700793,0.348095,0.346679,0.719515,0.072373,-0.042287,3.7503,3.6657,22,8
random,37,0.12,1000,12,0.177505,0.883624,0.674345,0.33497,0.350564,0.753358,0.069629,0.021515,3.7307,3.6601,18,5
random,38,0.12,500,12,0.14472,0.801001,0.662537,0.333954,0.348431,0.664145,0.071121,0.076431,3.6773,3.8637,13,3
random,38,0.12,1000,12,0.143006,0.809647,0.680531,0.350432,0.316922,0.627206,0.071285,-0.058056,3.7721,3.8364,14,7
random,39,0.12,500,12,0.126651,0.849837,0.650957,0.345685,0.311245,0.709848,0.074129,-0.023359,3.7452,3.681,17,4
random,39,0.12,1000,12,0.203673,0.907064,0.728357,0.342896,0.304967,0.604773,0.077327,-0.001881,3.6982,3.7909,22,9
random,40,0.12,500,12,0.173964,0.922951,0.628262,0.334698,0.365262,0.813745,0.074366,-0.030093,3.6703,3.5836,19,3
random,40,0.12,1000,12,0.162116,0.855393,0.611458,0.314492,0.32587,0.758677,0.076818,-0.045427,3.5789,3.6823,15,2
random,41,0.12,500,12,0.256226,0.857923,0.738109,0.344936,0.362978,0.76208,0.074488,0.004602,3.6168,3.749,21,13
random,41,0.12,1000,12,0.112833,0.903139,0.710354,0.339137,0.334565,0.708912,0.076542,0.015526,3.6794,3.6731,13,8
random,42,0.12,500,12,0.190985,0.904427,0.713009,0.363165,0.317555,0.674479,0.073307,-0.003413,3.828,3.7405,17,10
random,42,0.12,1000,12,0.234477,0.88154,0.700821,0.323053,0.340417,0.653755,0.074685,-0.020116,3.6133,3.7888,20,6
random,43,0.12,500,12,0.173382,0.86574,0.634628,0.313789,0.329831,0.767212,0.072932,-0.034089,3.6154,3.6167,15,5
random,43,0.12,1000,12,0.190324,0.904232,0.66816,0.320281,0.332935,0.659136,0.074076,0.065759,3.6517,3.7775,12,6
random,44,0.12,500,12,0.171555,0.889889,0.734523,0.344347,0.340931,0.769776,0.073318,-0.002579,3.7349,3.7575,16,9
random,44,0.12,1000,12,0.198963,0.874669,0.671836,0.370638,0.319757,0.758784,0.079585,-0.009671,3.7407,3.5313,19,5
random,45,0.12,500,12,0.198764,0.770724,0.662898,0.294662,0.339349,0.70532,0.072035,0.010391,3.5045,3.7716,16,4
random,45,0.12,1000,12,0.24814,0.896202,0.73613,0.331265,0.37353,0.855351,0.070901,-0.024282,3.6831,3.5084,22,8
random,46,0.12,500,12,0.157595,0.758431,0.612388,0.321815,0.350716,0.705222,0.079552,-0.040919,3.6113,3.774,16,2
random,46,0.12,1000,12,0.196561,0.962164,0.714798,0.31573,0.344181,0.839354,0.073895,-0.008581,3.5732,3.4355,19,9
random,47,0.12,500,12,0.150604,0.791007,0.700406,0.342531,0.332178,0.74948,0.073529,-0.043683,3.7025,3.6169,17,8
random,47,0.12,1000,12,0.186442,0.856305,0.748988,0.351592,0.342708,0.670355,0.07457,-0.041276,3.7573,3.7811,18,9
random,48,0.12,500,12,0.179192,0.88679,0.712244,0.357664,0.338222,0.836057,0.080794,0.061601,3.7516,3.5479,15,7
random,48,0.12,1000,12,0.199013,0.828792,0.741681,0.335054,0.341109,0.725712,0.073279,-0.002985,3.7082,3.6962,20,10
random,49,0.12,500,12,0.208042,0.821632,0.683497,0.32542,0.321983,0.594676,0.073463,0.02017,3.6205,3.8368,19,5
random,49,0.12,1000,12,0.109464,0.725469,0.603223,0.31041,0.330652,0.739299,0.073219,0.016646,3.6172,3.6258,12,2
random,50,0.12,500,12,0.169121,0.83709,0.686503,0.339195,0.333801,0.797947,0.072237,-0.051804,3.6845,3.6119,19,4
random,50,0.12,1000,12,0.147612,0.795985,0.690542,0.347252,0.306355,0.695929,0.072141,-0.067662,3.7205,3.6531,19,6
small_world,1,0.12,500,12,0.221923,0.891718,0.721799,0.342905,0.284959,0.761513,0.091075,-0.02242,3.721,3.5718,18,8
small_world,1,0.12,1000,12,0.156124,0.899114,0.761298,0.354434,0.26689,0.794638,0.086103,0.128671,3.7598,3.6039,14,8
small_world,2,0.12,500,12,0.212206,0.834847,0.763905,0.333054,0.287379,0.749404,0.087048,-0.037403,3.6796,3.6419,19,12
small_world,2,0.12,1000,12,0.179238,0.879326,0.728072,0.362996,0.260745,0.753188,0.09002,0.009728,3.7965,3.5704,17,7
small_world,3,0.12,500,12,0.243554,0.925038,0.742398,0.328954,0.273143,0.723945,0.098384,-0.067842,3.6866,3.5194,19,9
small_world,3,0.12,1000,12,0.204064,0.88738,0.734958,0.3502,0.264835,0.743754,0.090455,-0.095686,3.7613,3.494,19,9
small_world,4,0.12,500,12,0.217234,0.901963,0.751078,0.349865,0.261302,0.640329,0.086858,0.05393,3.7534,3.6088,17,8
small_world,4,0.12,1000,12,0.163109,0.727232,0.594235,0.334535,0.263427,0.612445,0.089874,-0.046211,3.6393,3.6665,17,3
small_world,5,0.12,500,12,0.271565,0.868512,0.738515,0.302922,0.277036,0.608262,0.089758,-0.012417,3.516,3.7833,17,10
small_world,5,0.12,1000,12,0.153001,0.812343,0.658405,0.360941,0.247905,0.603368,0.093212,-0.00278,3.7747,3.6642,18,5
small_world,6,0.12,500,12,0.159119,0.853965,0.659695,0.354941,0.279938,0.74054,0.088494,0.013566,3.7866,3.4917,19,5
small_world,6,0.12,1000,12,0.24224,0.841003,0.771394,0.329994,0.282072,0.757556,0.088725,0.012482,3.6707,3.5298,19,13
small_world,7,0.12,500,12,0.219332,0.917866,0.662464,0.327386,0.284495,0.752018,0.086622,-0.018709,3.6004,3.6425,14,3
small_world,7,0.12,1000,12,0.156844,0.847872,0.644966,0.307899,0.26317,0.586246,0.088852,0.017447,3.5833,3.7817,14,5
small_world,8,0.12,500,12,0.167337,0.867686,0.681066,0.346189,0.265081,0.7591,0.091869,0.002487,3.7466,3.447,16,6
small_world,8,0.12,1000,12,0.228909,0.907663,0.730418,0.360778,0.30121,0.765814,0.087117,0.042624,3.7677,3.4447,19,12
small_world,9,0.12,500,12,0.174786,0.903146,0.711496,0.360197,0.254748,0.669116,0.088894,-0.05967,3.8078,3.5983,19,7
small_world,9,0.12,1000,12,0.180117,0.862496,0.62014,0.303468,0.273903,0.774869,0.087635,-0.074306,3.5464,3.5723,16,4
small_world,10,0.12,500,12,0.16962,0.884376,0.72759,0.333591,0.288483,0.707577,0.091862,-0.047941,3.7132,3.7593,15,8
small_world,10,0.12,1000,12,0.13681,0.772983,0.694383,0.357578,0.279927,0.632883,0.092478,-0.038936,3.7442,3.786,15,4
small_world,11,0.12,500,12,0.168071,0.860679,0.695323,0.345698,0.287209,0.71088,0.08622,0.024653,3.7302,3.6704,18,7
small_world,11,0.12,1000,12,0.229876,0.920796,0.736857,0.330806,0.280994,0.643439,0.094744,-0.021968,3.6849,3.9145,17,8
small_world,12,0.12,500,12,0.214465,0.923326,0.750964,0.343025,0.262208,0.676319,0.093292,-0.076966,3.7166,3.7196,23,9
small_world,12,0.12,1000,12,0.224193,0.888102,0.658309,0.317674,0.293658,0.724111,0.092326,0.075656,3.5922,3.6409,18,7
small_world,13,0.12,500,12,0.174308,0.780835,0.652625,0.325489,0.279841,0.619636,0.091636,-0.014821,3.6077,3.7791,18,3
small_world,13,0.12,1000,12,0.198947,0.888343,0.742605,0.357851,0.271832,0.787626,0.085921,-0.035077,3.7514,3.5637,18,9
small_world,14,0.12,500,12,0.217421,0.952641,0.70857,0.34104,0.273744,0.698045,0.089422,-0.048316,3.684,3.7303,22,9
small_world,14,0.12,1000,12,0.181384,0.867616,0.726101,0.344003,0.270423,0.717593,0.088088,-0.033636,3.6935,3.5768,17,9
small_world,15,0.12,500,12,0.209279,0.852839,0.685528,0.334864,0.257478,0.712398,0.08578,0.122576,3.6147,3.4987,13,6
small_world,15,0.12,1000,12,0.199726,0.82069,0.695705,0.336907,0.265393,0.715356,0.094925,-0.018946,3.6827,3.4472,19,8
small_world,16,0.12,500,12,0.204029,0.919852,0.757868,0.349152,0.28083,0.695941,0.090391,-0.033482,3.7881,3.698,21,11
small_world,16,0.12,1000,12,0.146384,0.892708,0.696733,0.372908,0.296664,0.694302,0.091668,0.136803,3.7826,3.7367,12,5
small_world,17,0.12,500,12,0.128541,0.920906,0.637924,0.323314,0.258093,0.560513,0.085154,0.004862,3.6693,3.7931,14,5
small_world,17,0.12,1000,12,0.218809,0.868424,0.735324,0.362871,0.296549,0.704493,0.08277,0.111551,3.712,3.7373,17,7
small_world,18,0.12,500,12,0.184333,0.857877,0.726967,0.354603,0.285492,0.778716,0.084708,-0.102379,3.7334,3.6189,21,12
small_world,18,0.12,1000,12,0.152462,0.836835,0.627455,0.318138,0.297159,0.700827,0.092041,0.028415,3.6472,3.7861,17,1
small_world,19,0.12,500,12,0.15223,0.881522,0.702704,0.313036,0.288352,0.644351,0.091544,-0.057451,3.6115,3.7779,17,5
small_world,19,0.12,1000,12,0.162381,0.854495,0.664478,0.369617,0.24917,0.572575,0.0883,0.0751,3.8061,3.8184,14,6
small_world,20,0.12,500,12,0.18588,0.86352,0.650621,0.336761,0.259267,0.85499,0.091045,-0.025334,3.6754,3.2902,19,6
small_world,20,0.12,1000,12,0.192876,0.828288,0.68936,0.33007,0.266857,0.711051,0.088783,0.096386,3.7037,3.6341,13,5
small_world,21,0.12,500,12,0.183432,0.886968,0.675083,0.330013,0.277449,0.78548,0.096312,-0.044538,3.7131,3.5821,14,7
small_world,21,0.12,1000,12,0.187694,0.897536,0.717977,0.328959,0.278763,0.878413,0.094026,0.034064,3.6823,3.4193,18,9
small_world,22,0.12,500,12,0.201463,0.880684,0.678463,0.346775,0.265832,0.684739,0.092781,-0.041375,3.7212,3.5142,21,6
small_world,22,0.12,1000,12,0.116906,0.89282,0.666472,0.354524,0.258721,0.636898,0.088388,0.001044,3.8057,3.68,15,6
small_world,23,0.12,500,12,0.204279,0.822185,0.730594,0.314479,0.27993,0.902964,0.092883,-0.000614,3.611,3.349,19,9
small_world,23,0.12,1000,12,0.132291,0.8448,0.62034,0.329933,0.258677,0.763291,0.08659,0.062357,3.6533,3.4986,17,2
small_world,24,0.12,500,12,0.260296,0.956432,0.729513,0.332247,0.27586,0.69939,0.087194,0.03578,3.7059,3.5986,14,8
small_world,24,0.12,1000,12,0.201849,0.905725,0.718746,0.343696,0.275547,0.763151,0.089203,-0.048859,3.7556,3.5812,21,8
small_world,25,0.12,500,12,0.227069,0.87527,0.699668,0.315081,0.293616,0.666296,0.088142,-0.057165,3.6057,3.8405,17,7
small_world,25,0.12,1000,12,0.160169,0.851301,0.687037,0.367778,0.28011,0.71265,0.09135,-0.035037,3.8133,3.6358,15,6
small_world,26,0.12,500,12,0.183603,0.817785,0.695909,0.333363,0.292605,0.736157,0.09581,0.000203,3.6557,3.568,17,7
small_world,26,0.12,1000,12,0.155786,0.872734,0.661582,0.373087,0.259506,0.578118,0.091362,0.128285,3.8369,3.7689,16,6
small_world,27,0.12,500,12,0.232521,0.877751,0.763246,0.355011,0.293389,0.752859,0.08683,-0.011534,3.7793,3.7086,15,9
small_world,27,0.12,1000,12,0.276339,0.966907,0.731249,0.325477,0.284777,0.815236,0.091223,-0.037345,3.6434,3.3786,22,6
small_world,28,0.12,500,12,0.178871,0.835257,0.69638,0.329435,0.267835,0.773344,0.08702,0.022096,3.728,3.4811,21,7
small_world,28,0.12,1000,12,0.196213,0.778553,0.684166,0.339219,0.278556,0.68029,0.094314,-0.061891,3.6751,3.5489,21,6
small_world,29,0.12,500,12,0.21205,0.87082,0.686345,0.336564,0.262287,0.852869,0.092395,-0.084442,3.6727,3.3855,21,7
small_world,29,0.12,1000,12,0.154397,0.806428,0.643306,0.336208,0.26359,0.750258,0.089776,0.035952,3.6625,3.4843,12,2
small_world,30,0.12,500,12,0.240524,0.89113,0.716675,0.329306,0.273272,0.682487,0.091436,-0.015345,3.6361,3.6742,19,8
small_world,30,0.12,1000,12,0.17624,0.922795,0.651359,0.318522,0.269829,0.641389,0.087571,-0.140363,3.6138,3.7924,16,6
small_world,31,0.12,500,12,0.220953,0.863001,0.684794,0.297072,0.274913,0.668963,0.0918,0.040934,3.5639,3.6977,17,7
small_world,31,0.12,1000,12,0.213715,0.834656,0.740666,0.36144,0.279889,0.916405,0.093296,-0.035779,3.7375,3.4173,19,9
small_world,32,0.12,500,12,0.126051,0.829073,0.705828,0.347764,0.256414,0.560202,0.089965,-0.011793,3.7379,3.7992,16,7
small_world,32,0.12,1000,12,0.238773,0.819543,0.699111,0.310537,0.288356,0.688852,0.086243,-0.1108,3.5635,3.7075,21,6
small_world,33,0.12,500,12,0.168902,0.83932,0.664608,0.358998,0.276591,0.609456,0.086505,-0.050898,3.7275,3.8497,20,3
small_world,33,0.12,1000,12,0.143885,0.891038,0.696387,0.342861,0.256789,0.613537,0.089511,0.087732,3.7615,3.6939,16,5
small_world,34,0.12,500,12,0.166018,0.903203,0.730557,0.371656,0.284148,0.779166,0.089471,0.037044,3.8317,3.4505,23,9
small_world,34,0.12,1000,12,0.192552,0.827357,0.641091,0.319615,0.271062,0.678832,0.094569,-0.002848,3.572,3.509,17,3
small_world,35,0.12,500,12,0.165394,0.831056,0.619455,0.32145,0.258228,0.680231,0.091371,-0.087577,3.6049,3.5023,12,4
small_world,35,0.12,1000,12,0.210931,0.899824,0.724762,0.342953,0.282463,0.642357,0.096326,0.030262,3.683,3.8247,20,6
small_world,36,0.12,500,12,0.182747,0.906898,0.720513,0.336079,0.263614,0.6559,0.093919,0.09084,3.6425,3.6979,17,8
small_world,36,0.12,1000,12,0.203345,0.853669,0.703868,0.352009,0.2804,0.726336,0.089247,-0.028324,3.7583,3.6006,20,8
small_world,37,0.12,500,12,0.195732,0.842445,0.736447,0.341207,0.264575,0.723461,0.096423,-0.03227,3.7048,3.6562,18,10
small_world,37,0.12,1000,12,0.204309,0.761365,0.670954,0.296985,0.284007,0.709098,0.090723,-0.008226,3.5392,3.7622,15,3
small_world,38,0.12,500,12,0.173714,0.908047,0.715101,0.339825,0.280043,0.729694,0.090136,-0.038851,3.7243,3.5404,12,6
small_world,38,0.12,1000,12,0.170317,0.835028,0.681839,0.35021,0.267523,0.824508,0.081177,0.032773,3.7438,3.2872,18,5
small_world,39,0.12,500,12,0.174445,0.783744,0.736853,0.33572,0.281825,0.71012,0.086874,0.094785,3.6398,3.731,12,9
small_world,39,0.12,1000,12,0.194565,0.9127,0.745113,0.362225,0.267476,0.721512,0.091915,-0.003658,3.7242,3.4853,17,12
small_world,40,0.12,500,12,0.151787,0.896357,0.656098,0.350356,0.25449,0.553574,0.085795,0.001738,3.767,3.6836,14,5
small_world,40,0.12,1000,12,0.145239,0.766537,0.65683,0.349766,0.267184,0.728256,0.085685,-0.052618,3.6939,3.5692,18,4
small_world,41,0.12,500,12,0.129202,0.800454,0.659459,0.354755,0.249819,0.666184,0.093762,0.085341,3.7792,3.4765,17,5
small_world,41,0.12,1000,12,0.181263,0.892559,0.602801,0.336588,0.256532,0.843262,0.093199,-0.003558,3.6194,3.3001,12,2
small_world,42,0.12,500,12,0.183218,0.884866,0.675545,0.338471,0.252914,0.798984,0.091354,-0.055935,3.6965,3.368,19,5
small_world,42,0.12,1000,12,0.181765,0.885957,0.704375,0.370416,0.298528,0.857848,0.092817,-0.055029,3.8152,3.4169,22,6
small_world,43,0.12,500,12,0.167889,0.843906,0.747219,0.370109,0.256793,0.793295,0.095505,-0.065097,3.8782,3.3283,15,10
small_world,43,0.12,1000,12,0.184829,0.907725,0.716705,0.333321,0.282639,0.797819,0.086892,0.022481,3.6919,3.4104,14,7
small_world,44,0.12,500,12,0.180941,0.855147,0.69641,0.380722,0.289363,0.721749,0.088409,0.078289,3.8291,3.69,22,7
small_world,44,0.12,1000,12,0.145379,0.900327,0.70909,0.371405,0.290335,0.64027,0.089893,-0.017098,3.8437,3.9155,20,9
small_world,45,0.12,500,12,0.133249,0.761562,0.612203,0.32819,0.275157,0.671201,0.090615,-0.025887,3.6465,3.7047,14,1
small_world,45,0.12,1000,12,0.202759,0.945991,0.672754,0.34029,0.270901,0.736078,0.091272,-0.022491,3.7283,3.5497,16,6
small_world,46,0.12,500,12,0.179684,0.912097,0.706505,0.3442,0.254514,0.60581,0.093498,0.014523,3.7204,3.6549,17,8
small_world,46,0.12,1000,12,0.215747,0.849228,0.717638,0.345659,0.277767,0.80011,0.091512,-0.065531,3.7276,3.4524,21,8
small_world,47,0.12,500,12,0.215813,0.871613,0.789371,0.369692,0.290397,0.739995,0.084827,-0.02123,3.8242,3.6675,21,12
small_world,47,0.12,1000,12,0.176321,0.91268,0.691697,0.359573,0.288536,0.63821,0.088495,-0.116748,3.6829,3.6445,20,6
small_world,48,0.12,500,12,0.203464,0.863953,0.741742,0.356079,0.267541,0.672746,0.094928,-0.050991,3.7804,3.658,21,11
small_world,48,0.12,1000,12,0.19143,0.853993,0.70808,0.359146,0.280574,0.756164,0.086091,-0.111664,3.7707,3.4982,19,6
small_world,49,0.12,500,12,0.169415,0.77126,0.675514,0.322797,0.253258,0.643629,0.091268,-0.002129,3.6506,3.7696,16,5
small_world,49,0.12,1000,12,0.124236,0.688725,0.583995,0.319674,0.259587,0.66779,0.091534,0.021438,3.5776,3.5816,13,0
small_world,50,0.12,500,12,0.24336,0.897918,0.709025,0.316513,0.309612,0.74913,0.087191,-0.022282,3.6078,3.6144,15,8
small_world,50,0.12,1000,12,0.171822,0.818712,0.672612,0.324101,0.263628,0.679577,0.090843,0.041573,3.6817,3.6263,14,4
von_neumann,1,0.2,500,12,0.227633,0.882572,0.729144,0.343255,0.248776,0.62734,0.149938,-0.050348,3.6719,3.7104,18,9
von_neumann,1,0.2,1000,12,0.166862,0.758445,0.650958,0.306962,0.23035,0.653478,0.151536,0.074448,3.5685,3.5049,14,3
von_neumann,2,0.2,500,12,0.259133,0.868648,0.702029,0.331214,0.256299,0.760773,0.154243,0.043641,3.6315,3.5633,16,7
von_neumann,2,0.2,1000,12,0.206126,0.919762,0.725882,0.33523,0.194778,0.668998,0.164357,-0.088677,3.6626,3.3314,23,10
von_neumann,3,0.2,500,12,0.155882,0.839768,0.704529,0.353923,0.225542,0.5623,0.160844,0.046412,3.8011,3.6382,16,7
von_neumann,3,0.2,1000,12,0.197756,0.904741,0.721954,0.369266,0.19566,0.620066,0.157965,0.101359,3.8004,3.4114,13,8
von_neumann,4,0.2,500,12,0.170644,0.805077,0.68759,0.35886,0.227293,0.607472,0.154842,0.06032,3.7937,3.6124,11,6
von_neumann,4,0.2,1000,12,0.20529,0.858099,0.728841,0.338545,0.221932,0.555661,0.160251,0.025934,3.6726,3.6701,16,9
von_neumann,5,0.2,500,12,0.236868,0.916834,0.729469,0.339903,0.233171,0.659111,0.160077,0.037126,3.7069,3.5805,22,10
von_neumann,5,0.2,1000,12,0.187462,0.879981,0.720882,0.320704,0.240647,0.70274,0.156498,-0.077168,3.6104,3.4941,18,10
von_neumann,6,0.2,500,12,0.140948,0.817922,0.610171,0.326541,0.229321,0.519466,0.15535,-0.010948,3.6928,3.7959,12,5
von_neumann,6,0.2,1000,12,0.179685,0.846116,0.707249,0.338981,0.219416,0.598714,0.158726,0.012768,3.6911,3.4511,18,6
von_neumann,7,0.2,500,12,0.138933,0.68667,0.621468,0.320356,0.228557,0.607603,0.148498,0.083268,3.5949,3.6113,14,0
von_neumann,7,0.2,1000,12,0.221761,0.891729,0.689209,0.308298,0.235363,0.544225,0.158247,-0.184246,3.5808,3.8391,25,6
von_neumann,8,0.2,500,12,0.233644,0.9171,0.728817,0.366127,0.244287,0.763052,0.152844,-0.040983,3.7316,3.5325,19,9
von_neumann,8,0.2,1000,12,0.190682,0.905114,0.708437,0.34524,0.243704,0.599688,0.150013,-0.052984,3.6921,3.6429,23,7
von_neumann,9,0.2,500,12,0.193531,0.942558,0.742418,0.365273,0.225106,0.590075,0.153883,-0.117018,3.808,3.6044,17,10
von_neumann,9,0.2,1000,12,0.194935,0.821884,0.712707,0.335855,0.212945,0.452309,0.156993,0.030709,3.669,3.8497,15,5
von_neumann,10,0.2,500,12,0.207789,0.857042,0.70877,0.326359,0.238014,0.653072,0.151028,0.109956,3.6337,3.509,15,9
von_neumann,10,0.2,1000,12,0.206968,0.889369,0.711083,0.34163,0.231006,0.625652,0.152879,-0.082294,3.7166,3.5103,19,6
von_neumann,11,0.2,500,12,0.21587,0.90221,0.728737,0.340347,0.241583,0.633777,0.148129,0.003434,3.7238,3.5896,16,9
von_neumann,11,0.2,1000,12,0.261786,0.927974,0.719897,0.32088,0.2485,0.566474,0.157678,0.027463,3.6667,3.6974,20,9
von_neumann,12,0.2,500,12,0.177015,0.772078,0.662368,0.34086,0.243499,0.695034,0.156159,0.034684,3.6915,3.5526,19,5
von_neumann,12,0.2,1000,12,0.23182,0.867615,0.703986,0.327049,0.226207,0.566596,0.157873,0.067409,3.622,3.7581,15,8
von_neumann,13,0.2,500,12,0.188429,0.810735,0.687875,0.323171,0.232736,0.585416,0.156802,-0.029148,3.6308,3.6974,15,5
von_neumann,13,0.2,1000,12,0.144398,0.913856,0.660316,0.359548,0.217695,0.620336,0.149779,-0.016431,3.8022,3.4946,19,6
von_neumann,14,0.2,500,12,0.167672,0.828965,0.763744,0.351211,0.234344,0.647027,0.150958,0.061073,3.7652,3.5779,15,9
von_neumann,14,0.2,1000,12,0.137394,0.860445,0.676434,0.363643,0.203137,0.627466,0.155855,-0.065474,3.7955,3.5213,19,7
von_neumann,15,0.2,500,12,0.174107,0.914967,0.66428,0.339681,0.212253,0.556876,0.15541,0.035506,3.703,3.6245,18,5
von_neumann,15,0.2,1000,12,0.198183,0.867611,0.72834,0.335303,0.228298,0.584164,0.161211,-0.059009,3.6799,3.713,22,11
von_neumann,16,0.2,500,12,0.174565,0.865067,0.686708,0.358553,0.235899,0.603236,0.150875,-0.071082,3.769,3.7521,17,5
von_neumann,16,0.2,1000,12,0.22482,0.841989,0.710229,0.363828,0.25284,0.584852,0.154704,0.099695,3.7638,3.7989,16,7
von_neumann,17,0.2,500,12,0.130081,0.79415,0.665827,0.33728,0.214746,0.56797,0.151379,-0.041851,3.6782,3.6499,17,6
von_neumann,17,0.2,1000,12,0.259712,0.791735,0.717279,0.332927,0.261361,0.716891,0.147446,-0.0186,3.5488,3.4119,19,9
von_neumann,18,0.2,500,12,0.180762,0.842099,0.653134,0.342927,0.228751,0.600311,0.154533,0.109555,3.7339,3.4661,16,7
von_neumann,18,0.2,1000,12,0.177919,0.899874,0.693803,0.382836,0.227282,0.674369,0.161357,-0.067261,3.8209,3.6152,15,7
von_neumann,19,0.2,500,12,0.189173,0.888229,0.684116,0.340946,0.237303,0.626762,0.173228,0.031019,3.6828,3.5792,15,5
von_neumann,19,0.2,1000,12,0.189785,0.859953,0.720454,0.347087,0.231463,0.760294,0.158058,0.067945,3.7143,3.3698,16,7
von_neumann,20,0.2,500,12,0.202091,0.88461,0.69162,0.334596,0.196544,0.504571,0.162834,0.179978,3.6079,3.5424,13,6
von_neumann,20,0.2,1000,12,0.210256,0.863394,0.662523,0.3101,0.225532,0.634685,0.159412,0.074127,3.5681,3.5432,18,5
von_neumann,21,0.2,500,12,0.171015,0.868147,0.632418,0.311178,0.195362,0.514739,0.16219,-0.053733,3.639,3.6299,13,5
von_neumann,21,0.2,1000,12,0.198798,0.849383,0.703379,0.320834,0.218437,0.580788,0.152924,-0.021572,3.6641,3.5733,14,5
von_neumann,22,0.2,500,12,0.175583,0.892649,0.750294,0.405082,0.233963,0.798538,0.156178,-0.072191,3.8965,3.3394,20,12
von_neumann,22,0.2,1000,12,0.182556,0.891543,0.684215,0.339539,0.23845,0.53201,0.143913,-0.017503,3.6741,3.84,18,6
von_neumann,23,0.2,500,12,0.184103,0.843926,0.645471,0.307884,0.223348,0.701153,0.170212,-0.05058,3.5032,3.383,17,5
von_neumann,23,0.2,1000,12,0.180536,0.842603,0.671831,0.356489,0.225781,0.704827,0.159448,-0.033479,3.718,3.5668,17,4
von_neumann,24,0.2,500,12,0.18803,0.863575,0.724443,0.330122,0.225916,0.710507,0.162891,0.034355,3.6581,3.5151,12,7
von_neumann,24,0.2,1000,12,0.19537,0.824995,0.680259,0.312573,0.224014,0.493723,0.15274,-0.035069,3.6006,3.8109,20,6
von_neumann,25,0.2,500,12,0.171428,0.873057,0.703879,0.34356,0.249274,0.671876,0.148273,0.098647,3.7032,3.5982,16,7
von_neumann,25,0.2,1000,12,0.175696,0.865884,0.652263,0.298495,0.248429,0.643604,0.15667,-0.033221,3.5879,3.7315,16,6
von_neumann,26,0.2,500,12,0.134249,0.802118,0.630906,0.367154,0.217681,0.746427,0.1594,-0.017877,3.8087,3.4015,18,4
von_neumann,26,0.2,1000,12,0.220678,0.780445,0.721597,0.364999,0.214665,0.574701,0.167657,-0.064493,3.6793,3.6266,14,9
von_neumann,27,0.2,500,12,0.146525,0.867065,0.650593,0.349423,0.213567,0.49676,0.168848,-0.000546,3.7196,3.7197,19,6
von_neumann,27,0.2,1000,12,0.208103,0.881277,0.716694,0.34912,0.221386,0.526614,0.152305,0.00804,3.6652,3.7113,15,9
von_neumann,28,0.2,500,12,0.200846,0.894881,0.696686,0.341483,0.227729,0.598406,0.16373,0.029911,3.6763,3.5968,16,6
von_neumann,28,0.2,1000,12,0.235422,0.934891,0.699867,0.312456,0.233415,0.65899,0.155655,-0.013145,3.5791,3.4829,15,6
von_neumann,29,0.2,500,12,0.135126,0.84923,0.678202,0.35841,0.220798,0.586478,0.153269,-0.003592,3.7729,3.6305,15,6
von_neumann,29,0.2,1000,12,0.218424,0.894348,0.739638,0.335402,0.238009,0.62836,0.151818,0.045491,3.6966,3.539,24,8
von_neumann,30,0.2,500,12,0.203209,0.863847,0.720366,0.355539,0.222756,0.558242,0.15433,0.157356,3.7477,3.7012,18,8
von_neumann,30,0.2,1000,12,0.210819,0.840746,0.663822,0.308047,0.230031,0.614628,0.153113,-0.1029,3.5759,3.5121,18,5
von_neumann,31,0.2,500,12,0.194068,0.819322,0.779093,0.343083,0.220842,0.608542,0.14965,-0.048153,3.725,3.5818,16,12
von_neumann,31,0.2,1000,12,0.248018,0.840987,0.734773,0.337602,0.237391,0.609429,0.159577,-0.064134,3.6682,3.6831,15,10
von_neumann,32,0.2,500,12,0.18707,0.802545,0.744006,0.319995,0.230922,0.588422,0.159999,-0.079672,3.5837,3.7025,16,9
von_neumann,32,0.2,1000,12,0.17943,0.784976,0.688838,0.323977,0.232693,0.633067,0.14702,0.064821,3.6676,3.5408,15,5
von_neumann,33,0.2,500,12,0.154226,0.76779,0.68658,0.33356,0.231501,0.688892,0.149048,0.038466,3.664,3.5387,16,6
von_neumann,33,0.2,1000,12,0.209291,0.872517,0.676594,0.332381,0.219457,0.693782,0.149154,-0.060095,3.6889,3.3548,22,6
von_neumann,34,0.2,500,12,0.189076,0.844188,0.681424,0.329364,0.225532,0.570968,0.154529,-0.169093,3.6019,3.6771,21,6
von_neumann,34,0.2,1000,12,0.172707,0.776795,0.639291,0.339104,0.231644,0.517291,0.150328,-0.00257,3.6573,3.7905,16,5
von_neumann,35,0.2,500,12,0.165426,0.874138,0.691327,0.362802,0.222217,0.5605,0.164018,0.096993,3.7504,3.665,17,7
von_neumann,35,0.2,1000,12,0.161977,0.863752,0.639782,0.326061,0.218808,0.547097,0.170642,0.128085,3.6983,3.7037,16,4
von_neumann,36,0.2,500,12,0.159101,0.844547,0.670826,0.333131,0.217709,0.660814,0.159546,-0.016449,3.6899,3.5198,19,7
von_neumann,36,0.2,1000,12,0.149694,0.927524,0.669916,0.33806,0.223311,0.632433,0.145947,-0.041325,3.7472,3.4461,15,5
von_neumann,37,0.2,500,12,0.191899,0.884654,0.755016,0.375138,0.232138,0.686298,0.151849,-0.122081,3.8325,3.6182,22,10
von_neumann,37,0.2,1000,12,0.182981,0.880113,0.623435,0.30331,0.213322,0.581524,0.156705,0.005356,3.5472,3.4742,13,6
von_neumann,38,0.2,500,12,0.138245,0.889758,0.681978,0.350027,0.233399,0.561671,0.155613,0.037271,3.7322,3.6813,16,6
von_neumann,38,0.2,1000,12,0.16741,0.856524,0.705924,0.332416,0.213497,0.665231,0.147327,-0.002509,3.6429,3.3907,17,7
von_neumann,39,0.2,500,12,0.14081,0.883278,0.666079,0.324273,0.237352,0.682143,0.148864,0.058819,3.6555,3.5796,13,2
von_neumann,39,0.2,1000,12,0.168878,0.848784,0.675271,0.332497,0.222785,0.577948,0.159641,-0.077484,3.7045,3.6681,18,6
von_neumann,40,0.2,500,12,0.172643,0.85413,0.644282,0.335604,0.203769,0.513901,0.164087,-0.066904,3.6494,3.686,17,5
von_neumann,40,0.2,1000,12,0.172297,0.904375,0.741861,0.371389,0.209902,0.552946,0.163174,-0.038154,3.8631,3.5115,21,8
von_neumann,41,0.2,500,12,0.160969,0.87054,0.735333,0.322213,0.202708,0.600212,0.168588,-0.079263,3.6327,3.4221,19,9
von_neumann,41,0.2,1000,12,0.196385,0.87372,0.750738,0.343237,0.204954,0.496933,0.158277,-0.000596,3.7207,3.5624,16,8
von_neumann,42,0.2,500,12,0.177275,0.851309,0.70689,0.354147,0.231149,0.780779,0.149797,0.160987,3.7503,3.4006,13,7
von_neumann,42,0.2,1000,12,0.212485,0.91158,0.716886,0.367702,0.243503,0.783305,0.162731,0.016357,3.8114,3.4503,15,9
von_neumann,43,0.2,500,12,0.197618,0.829367,0.696315,0.330453,0.24887,0.662248,0.148496,0.068197,3.672,3.4975,20,6
von_neumann,43,0.2,1000,12,0.18322,0.810194,0.676946,0.309235,0.212201,0.704342,0.151276,-0.077176,3.5806,3.2836,17,5
von_neumann,44,0.2,500,12,0.223047,0.878166,0.698217,0.350359,0.238786,0.611133,0.149806,-0.068008,3.6986,3.7054,18,7
von_neumann,44,0.2,1000,12,0.22322,0.958631,0.706148,0.319991,0.217212,0.588086,0.1623,-0.009561,3.6783,3.5883,19,7
von_neumann,45,0.2,500,12,0.172238,0.831321,0.663684,0.338876,0.225238,0.698326,0.147427,-0.050068,3.6806,3.3559,20,6
von_neumann,45,0.2,1000,12,0.212957,0.829676,0.685435,0.322923,0.21192,0.570206,0.159992,-0.016825,3.6701,3.5998,17,6
von_neumann,46,0.2,500,12,0.229399,0.882013,0.718982,0.322278,0.226806,0.624225,0.158292,0.054851,3.6242,3.4608,14,9
von_neumann,46,0.2,1000,12,0.199455,0.827851,0.71448,0.346873,0.232492,0.714682,0.159345,0.100519,3.7396,3.3993,10,6
von_neumann,47,0.2,500,12,0.217841,0.894627,0.713883,0.329679,0.217526,0.656908,0.155181,-0.072624,3.6543,3.4196,19,10
von_neumann,47,0.2,1000,12,0.179684,0.883446,0.645432,0.322612,0.227615,0.65525,0.163927,-0.048329,3.6472,3.5038,16,5
von_neumann,48,0.2,500,12,0.18709,0.827552,0.64454,0.309205,0.237573,0.682924,0.156553,0.102925,3.6106,3.709,13,4
von_neumann,48,0.2,1000,12,0.17633,0.816244,0.714951,0.328272,0.246237,0.62559,0.1519,0.012544,3.6566,3.6073,18,8
von_neumann,49,0.2,500,12,0.150052,0.879997,0.684833,0.368075,0.214758,0.621092,0.167337,-0.035336,3.7894,3.5786,21,7
von_neumann,49,0.2,1000,12,0.18584,0.851417,0.704044,0.330474,0.228741,0.553738,0.152279,0.010332,3.6776,3.7207,18,7
von_neumann,50,0.2,500,12,0.221763,0.888321,0.72211,0.348662,0.231245,0.666404,0.154723,0.159251,3.7429,3.5136,21,8
von_neumann,50,0.2,1000,12,0.133103,0.828759,0.705762,0.337439,0.204271,0.628435,0.155432,0.06851,3.7239,3.4976,16,8
moore,1,0.2,500,12,0.229946,0.869988,0.658446,0.325715,0.276446,0.664162,0.091532,0.001322,3.6128,3.5721,11,5
moore,1,0.2,1000,12,0.220875,0.848468,0.66287,0.325893,0.261831,0.552523,0.090452,0.011239,3.6521,3.7184,14,7
moore,2,0.2,500,12,0.245938,0.822184,0.700802,0.322296,0.282485,0.682115,0.093941,0.103756,3.6268,3.5664,7,4
moore,2,0.2,1000,12,0.258028,0.873884,0.763193,0.330342,0.228956,0.705362,0.101618,0.094371,3.6658,3.3652,3,9
moore,3,0.2,500,12,0.198078,0.823239,0.680056,0.336834,0.248838,0.630891,0.100596,0.099325,3.6481,3.3787,9,4
moore,3,0.2,1000,12,0.178261,0.867352,0.744984,0.354904,0.199307,0.478956,0.095582,0.126136,3.7508,3.5841,8,6
moore,4,0.2,500,12,0.191065,0.865079,0.749342,0.34265,0.265694,0.657705,0.100558,-0.047781,3.7492,3.4871,13,8
moore,4,0.2,1000,12,0.145976,0.904707,0.680644,0.356895,0.259957,0.617534,0.092237,0.028249,3.7952,3.5463,12,7
moore,5,0.2,500,12,0.274831,0.892494,0.714608,0.313106,0.270571,0.77891,0.102749,0.109981,3.5472,3.5194,7,6
moore,5,0.2,1000,12,0.188043,0.92368,0.699655,0.344867,0.268434,0.728215,0.096838,-0.027141,3.7266,3.5681,10,7
moore,6,0.2,500,12,0.200941,0.817865,0.663524,0.32277,0.275328,0.669678,0.090849,0.025501,3.6331,3.6262,9,3
moore,6,0.2,1000,12,0.189361,0.797303,0.640004,0.310011,0.273283,0.60934,0.091838,-0.009967,3.5621,3.5694,11,4
moore,7,0.2,500,12,0.158705,0.951114,0.71217,0.361138,0.258138,0.756243,0.090568,0.068438,3.7794,3.3903,9,5
moore,7,0.2,1000,12,0.250694,0.816783,0.682085,0.314548,0.279891,0.57416,0.097326,0.035048,3.5105,3.7778,6,6
moore,8,0.2,500,12,0.239964,0.927067,0.697924,0.36711,0.267624,0.779879,0.093921,-0.006555,3.7591,3.5128,8,6
moore,8,0.2,1000,12,0.216932,0.783417,0.663903,0.305879,0.269124,0.660668,0.095609,0.032487,3.5339,3.419,8,4
moore,9,0.2,500,12,0.18481,0.874906,0.713936,0.37024,0.256067,0.636521,0.096318,0.066057,3.7964,3.5382,5,3
moore,9,0.2,1000,12,0.248955,0.871748,0.725692,0.323456,0.244433,0.618694,0.104624,0.102491,3.6911,3.5329,7,5
moore,10,0.2,500,12,0.22727,0.846175,0.748906,0.340343,0.284626,0.765675,0.099629,0.00565,3.6965,3.4125,7,8
moore,10,0.2,1000,12,0.234487,0.918559,0.740538,0.322764,0.249225,0.681926,0.101125,-0.019884,3.6342,3.3092,12,8
moore,11,0.2,500,12,0.260487,0.851922,0.717809,0.311864,0.274291,0.669785,0.092664,0.075273,3.5818,3.5439,6,6
moore,11,0.2,1000,12,0.307529,0.807062,0.673914,0.282748,0.286895,0.746817,0.096815,-0.042116,3.406,3.5147,6,4
moore,12,0.2,500,12,0.203747,0.898735,0.670367,0.344141,0.275039,0.680251,0.095191,0.073187,3.6844,3.829,9,7
moore,12,0.2,1000,12,0.207307,0.866033,0.656893,0.336319,0.257998,0.703732,0.104202,0.065408,3.6811,3.4256,13,5
moore,13,0.2,500,12,0.220954,0.8639,0.683366,0.301876,0.276959,0.635874,0.094827,-0.039571,3.5422,3.689,13,5
moore,13,0.2,1000,12,0.231577,0.864704,0.60715,0.301939,0.245934,0.616501,0.095164,-0.00303,3.4689,3.4735,8,6
moore,14,0.2,500,12,0.238641,0.969875,0.753043,0.375806,0.274483,0.636796,0.09821,0.028475,3.7899,3.535,9,11
moore,14,0.2,1000,12,0.099539,0.80552,0.689776,0.359428,0.209826,0.675169,0.101433,-0.015155,3.7969,3.2882,8,4
moore,15,0.2,500,12,0.165204,0.785384,0.648617,0.336459,0.23367,0.838053,0.098094,-0.005111,3.6903,2.9982,8,4
moore,15,0.2,1000,12,0.197449,0.878799,0.743078,0.331617,0.249874,0.554023,0.095619,0.022435,3.6895,3.6228,10,5
moore,16,0.2,500,12,0.184679,0.922418,0.668725,0.362233,0.237932,0.545659,0.099079,0.133863,3.7508,3.5416,8,3
moore,16,0.2,1000,12,0.221414,0.842456,0.696957,0.334259,0.31979,0.699118,0.093794,0.011876,3.6318,3.6513,13,5
moore,17,0.2,500,12,0.204649,0.932125,0.693907,0.328007,0.255357,0.729671,0.097128,0.048007,3.6712,3.4673,8,6
moore,17,0.2,1000,12,0.268059,0.813666,0.746332,0.338355,0.297181,0.659815,0.089744,0.013192,3.7104,3.6055,10,9
moore,18,0.2,500,12,0.184561,0.856273,0.667009,0.347565,0.245687,0.733389,0.102275,0.069904,3.7465,3.2269,13,5
moore,18,0.2,1000,12,0.23149,0.948337,0.72499,0.354135,0.25628,0.715396,0.09889,0.021172,3.7269,3.6778,10,6
moore,19,0.2,500,12,0.1936,0.850283,0.681991,0.328083,0.255801,0.606239,0.114082,-0.005285,3.677,3.515,11,7
moore,19,0.2,1000,12,0.259896,0.900928,0.729737,0.304713,0.260636,0.722934,0.093213,0.022022,3.5873,3.3232,7,7
moore,20,0.2,500,12,0.205856,0.864886,0.710743,0.365194,0.237608,0.624465,0.099138,0.091528,3.803,3.4157,7,4
moore,20,0.2,1000,12,0.206896,0.816046,0.712758,0.311332,0.273365,0.686205,0.095255,-0.026898,3.5996,3.4997,8,8
moore,21,0.2,500,12,0.175922,0.890891,0.674031,0.343569,0.232618,0.61499,0.101865,0.008813,3.6955,3.4826,9,4
moore,21,0.2,1000,12,0.229061,0.925686,0.684676,0.326009,0.267387,0.664142,0.097613,0.04217,3.6103,3.67,8,4
moore,22,0.2,500,12,0.227839,0.939761,0.72597,0.358843,0.260836,0.754663,0.098458,0.081198,3.7585,3.4651,10,8
moore,22,0.2,1000,12,0.225349,0.904085,0.732051,0.338286,0.256854,0.75734,0.089455,-0.034299,3.7254,3.4139,11,8
moore,23,0.2,500,12,0.21648,0.830576,0.695851,0.344238,0.254467,0.562698,0.110147,0.06269,3.675,3.6461,10,6
moore,23,0.2,1000,12,0.190023,0.920771,0.718865,0.37007,0.242557,0.529832,0.100914,0.091294,3.7911,3.7079,8,6
moore,24,0.2,500,12,0.195614,0.865668,0.728317,0.350747,0.248438,0.639446,0.101298,0.067484,3.7236,3.6245,8,9
moore,24,0.2,1000,12,0.185338,0.888302,0.655282,0.313956,0.261686,0.635094,0.095934,0.011564,3.6338,3.6325,14,3
moore,25,0.2,500,12,0.173203,0.967876,0.762565,0.360525,0.270593,0.777093,0.09314,-0.018251,3.8379,3.4923,6,9
moore,25,0.2,1000,12,0.173373,0.828067,0.717423,0.353892,0.275128,0.783243,0.098486,0.133158,3.7884,3.4365,6,7
moore,26,0.2,500,12,0.178751,0.755693,0.64358,0.345964,0.241533,0.646697,0.091112,0.042656,3.7104,3.5275,10,3
moore,26,0.2,1000,12,0.215911,0.843357,0.685134,0.346172,0.244877,0.592223,0.107895,0.045171,3.6924,3.5554,7,6
moore,27,0.2,500,12,0.214534,0.87869,0.674358,0.31894,0.245117,0.565025,0.104817,0.11984,3.6397,3.553,11,6
moore,27,0.2,1000,12,0.249782,0.880195,0.750904,0.332946,0.255601,0.595975,0.096047,0.024786,3.6566,3.6434,9,9
moore,28,0.2,500,12,0.240562,0.841844,0.742063,0.335727,0.264079,0.679549,0.094655,0.053518,3.6685,3.5444,6,8
moore,28,0.2,1000,12,0.257525,0.816912,0.725012,0.33299,0.261552,0.60605,0.099505,0.057613,3.6568,3.553,7,6
moore,29,0.2,500,12,0.185409,0.900804,0.683104,0.357038,0.26534,0.615533,0.096171,0.034518,3.738,3.6277,11,5
moore,29,0.2,1000,12,0.242475,0.910159,0.765661,0.335874,0.269666,0.861376,0.092471,0.023608,3.6851,3.2047,6,7
moore,30,0.2,500,12,0.245314,0.892106,0.797915,0.365875,0.252449,0.530595,0.104202,0.152096,3.7518,3.743,3,7
moore,30,0.2,1000,12,0.210168,0.877031,0.71441,0.319806,0.260704,0.642305,0.092191,0.020471,3.6535,3.6567,10,6
moore,31,0.2,500,12,0.202805,0.867819,0.765688,0.351838,0.246825,0.635231,0.085046,0.06425,3.7522,3.395,9,10
moore,31,0.2,1000,12,0.23096,0.891776,0.751323,0.335774,0.253658,0.598533,0.09925,0.01399,3.661,3.5154,6,4
moore,32,0.2,500,12,0.215433,0.804733,0.699407,0.311349,0.262588,0.619099,0.099512,0.021147,3.5924,3.5293,15,7
moore,32,0.2,1000,12,0.20274,0.835439,0.714177,0.347374,0.265361,0.701098,0.090602,-0.046118,3.7296,3.4781,13,5
moore,33,0.2,500,12,0.196751,0.901821,0.669604,0.322387,0.268472,0.78328,0.091959,-0.012693,3.6281,3.404,7,5
moore,33,0.2,1000,12,0.206125,0.828419,0.738939,0.329346,0.251798,0.704241,0.099907,0.128631,3.6922,3.4136,7,7
moore,34,0.2,500,12,0.196561,0.833574,0.723114,0.370156,0.247817,0.718103,0.098342,0.085642,3.7854,3.3426,9,7
moore,34,0.2,1000,12,0.207055,0.904623,0.735237,0.35204,0.26458,0.759839,0.093061,0.114438,3.7682,3.3068,8,8
moore,35,0.2,500,12,0.209775,0.87299,0.72058,0.363256,0.261957,0.739757,0.106597,0.020075,3.7904,3.4199,11,7
moore,35,0.2,1000,12,0.193647,0.839845,0.70897,0.324223,0.235966,0.481119,0.106533,0.056348,3.6272,3.7669,11,8
moore,36,0.2,500,12,0.163411,0.979086,0.700374,0.338612,0.229218,0.643452,0.104814,0.00557,3.7314,3.3804,8,7
moore,36,0.2,1000,12,0.174479,0.828765,0.721272,0.372326,0.241746,0.656819,0.089383,0.084657,3.7853,3.5474,7,7
moore,37,0.2,500,12,0.256027,0.815832,0.69503,0.317411,0.245823,0.700289,0.094655,0.000298,3.6186,3.4223,12,6
moore,37,0.2,1000,12,0.216559,0.787421,0.632473,0.298579,0.256278,0.605341,0.095305,-0.012004,3.5209,3.6585,11,5
moore,38,0.2,500,12,0.174116,0.809555,0.62655,0.314544,0.254905,0.613468,0.08735,0.103151,3.598,3.4064,7,4
moore,38,0.2,1000,12,0.226283,0.837316,0.650285,0.310626,0.251153,0.673644,0.090331,-0.012407,3.5904,3.4751,12,3
moore,39,0.2,500,12,0.171206,0.891313,0.690262,0.362644,0.263521,0.573436,0.094249,0.030098,3.7685,3.6728,6,6
moore,39,0.2,1000,12,0.187054,0.863943,0.705437,0.320196,0.26618,0.765071,0.093691,0.035544,3.6709,3.4686,9,6
moore,40,0.2,500,12,0.109042,0.800054,0.595151,0.335873,0.240217,0.709712,0.094033,-0.026232,3.6383,3.2321,11,4
moore,40,0.2,1000,12,0.173865,0.899841,0.732436,0.373306,0.253569,0.694709,0.102762,-0.012582,3.8329,3.4632,9,7
moore,41,0.2,500,12,0.176407,0.828783,0.687746,0.340321,0.247578,0.745566,0.103507,0.056679,3.6487,3.3987,8,5
moore,41,0.2,1000,12,0.192998,0.871248,0.701071,0.336682,0.239965,0.521745,0.100321,0.032565,3.6488,3.5156,9,7
moore,42,0.2,500,12,0.231458,0.803688,0.724062,0.323588,0.267136,0.658298,0.095843,0.126921,3.5969,3.6317,7,6
moore,42,0.2,1000,12,0.19039,0.892859,0.698619,0.338748,0.255998,0.607736,0.10076,0.047672,3.6594,3.5504,10,6
moore,43,0.2,500,12,0.248618,0.828253,0.716249,0.320912,0.289736,0.635905,0.096578,0.056679,3.6223,3.6377,10,6
moore,43,0.2,1000,12,0.193,0.833542,0.636363,0.320409,0.233485,0.703829,0.096861,0.005483,3.5646,3.348,12,2
moore,44,0.2,500,12,0.180465,0.888506,0.732793,0.347609,0.256296,0.752644,0.0948,0.100031,3.7432,3.2749,7,5
moore,44,0.2,1000,12,0.201342,0.897601,0.763205,0.346066,0.231544,0.575055,0.101392,-0.005427,3.7092,3.5602,11,9
moore,45,0.2,500,12,0.192604,0.927807,0.700828,0.35173,0.261438,0.578335,0.092908,0.131694,3.764,3.7533,9,7
moore,45,0.2,1000,12,0.281794,0.892401,0.716108,0.312644,0.243033,0.589296,0.100037,0.108719,3.5735,3.5189,9,8
moore,46,0.2,500,12,0.243008,0.837581,0.744237,0.32428,0.269254,0.70391,0.109569,0.077034,3.62,3.4683,8,8
moore,46,0.2,1000,12,0.185934,0.773051,0.692309,0.345698,0.266141,0.546486,0.099193,0.051879,3.6988,3.7408,10,6
moore,47,0.2,500,12,0.208081,0.871524,0.728256,0.324962,0.231413,0.676386,0.098168,0.020528,3.643,3.3328,13,7
moore,47,0.2,1000,12,0.228751,0.856214,0.690613,0.325504,0.273815,0.624623,0.102219,0.002128,3.6188,3.6748,12,5
moore,48,0.2,500,12,0.200789,0.932121,0.689284,0.33762,0.269328,0.680279,0.097468,0.038377,3.6501,3.6567,10,5
moore,48,0.2,1000,12,0.190702,0.870542,0.673064,0.319617,0.265911,0.665502,0.0924,-0.030298,3.6053,3.5306,9,5
moore,49,0.2,500,12,0.175769,0.81929,0.68299,0.360458,0.244643,0.631263,0.104968,-0.037669,3.7798,3.5125,16,5
moore,49,0.2,1000,12,0.176714,0.847961,0.718849,0.368822,0.250366,0.655244,0.098215,0.072408,3.8035,3.5868,7,7
moore,50,0.2,500,12,0.26391,0.939962,0.738265,0.34225,0.263547,0.748658,0.095054,0.06802,3.6801,3.2765,9,9
moore,50,0.2,1000,12,0.139081,0.902049,0.625029,0.3599,0.230475,0.803516,0.105708,0.143258,3.7637,3.1896,14,4
hex,1,0.2,500,12,0.195577,0.904001,0.742524,0.355552,0.275398,0.637781,0.106982,-0.050273,3.7121,3.7204,11,8
hex,1,0.2,1000,12,0.217507,0.902009,0.681819,0.315104,0.255011,0.590641,0.104571,0.018277,3.6569,3.6103,15,6
hex,2,0.2,500,12,0.264716,0.896426,0.742297,0.324683,0.283431,0.640137,0.111003,0.006431,3.6269,3.7682,11,10
hex,2,0.2,1000,12,0.223547,0.866256,0.720732,0.337451,0.231643,0.655347,0.117592,0.114015,3.6381,3.4434,12,7
hex,3,0.2,500,12,0.19117,0.855069,0.715837,0.365505,0.249518,0.690931,0.117861,0.075313,3.8368,3.3323,12,8
hex,3,0.2,1000,12,0.190672,0.97224,0.724459,0.361748,0.205231,0.6097,0.109219,0.105661,3.7778,3.344,13,7
hex,4,0.2,500,12,0.198778,0.803297,0.720334,0.331215,0.262844,0.740359,0.11262,0.029211,3.682,3.4261,13,7
hex,4,0.2,1000,12,0.206993,0.825437,0.72856,0.358306,0.258238,0.670639,0.107992,0.032787,3.7623,3.5293,14,8
hex,5,0.2,500,12,0.254937,0.939892,0.734601,0.308815,0.264365,0.778843,0.114962,0.157946,3.5423,3.4887,13,7
hex,5,0.2,1000,12,0.193218,0.964493,0.717841,0.345591,0.276332,0.63742,0.110367,-0.030174,3.7517,3.6978,14,8
hex,6,0.2,500,12,0.187451,0.805651,0.676563,0.311706,0.264577,0.624009,0.104429,0.027523,3.571,3.7419,9,6
hex,6,0.2,1000,12,0.174712,0.839158,0.654395,0.322121,0.265611,0.702096,0.106033,0.06638,3.5889,3.3795,11,3
hex,7,0.2,500,12,0.151138,0.802687,0.708396,0.328385,0.251957,0.73493,0.105771,0.151359,3.6772,3.3496,10,8
hex,7,0.2,1000,12,0.252207,0.826826,0.693592,0.293484,0.266315,0.565253,0.111751,0.006888,3.4726,3.6727,13,6
hex,8,0.2,500,12,0.222805,0.893327,0.727751,0.38454,0.265391,0.811134,0.107713,-0.015967,3.7974,3.4727,14,7
hex,8,0.2,1000,12,0.234092,0.883036,0.687125,0.312402,0.270194,0.625628,0.11051,-0.017733,3.5687,3.5269,14,6
hex,9,0.2,500,12,0.184848,0.906677,0.76668,0.362272,0.256365,0.607813,0.111167,0.065628,3.7859,3.6961,10,7
hex,9,0.2,1000,12,0.235911,0.858729,0.72812,0.327666,0.246896,0.613747,0.116401,0.008142,3.6728,3.6066,14,7
hex,10,0.2,500,12,0.247129,0.871064,0.770529,0.318061,0.28201,0.769719,0.113243,0.05055,3.6377,3.3388,10,8
hex,10,0.2,1000,12,0.217992,0.932399,0.695135,0.34291,0.248013,0.658235,0.115269,-0.072835,3.6819,3.4725,15,7
hex,11,0.2,500,12,0.276043,0.864104,0.762676,0.325486,0.270148,0.698252,0.107402,0.034788,3.6287,3.4478,16,8
hex,11,0.2,1000,12,0.290481,0.919038,0.738024,0.315931,0.279836,0.656755,0.111821,-0.07246,3.5343,3.6878,16,9
hex,12,0.2,500,12,0.202777,0.871344,0.714204,0.351873,0.270786,0.681745,0.113036,0.055684,3.7117,3.7179,12,7
hex,12,0.2,1000,12,0.225043,0.802488,0.705926,0.329096,0.247588,0.760393,0.116621,0.09485,3.623,3.2977,12,8
hex,13,0.2,500,12,0.239326,0.910968,0.693883,0.326488,0.269783,0.71478,0.108216,-0.048573,3.6297,3.4885,16,5
hex,13,0.2,1000,12,0.206054,0.842062,0.680508,0.325753,0.249826,0.772624,0.105572,0.056558,3.5984,3.2845,13,4
hex,14,0.2,500,12,0.225716,0.846256,0.727559,0.364679,0.269901,0.640147,0.113137,-0.008899,3.7317,3.6461,15,9
hex,14,0.2,1000,12,0.127692,0.847812,0.686863,0.34455,0.217221,0.680301,0.113585,-0.001544,3.7029,3.4033,17,7
hex,15,0.2,500,12,0.178778,0.793095,0.632813,0.31284,0.235219,0.659027,0.114142,-0.019681,3.5787,3.2472,12,6
hex,15,0.2,1000,12,0.205019,0.796243,0.711498,0.335575,0.255344,0.529774,0.110633,0.055101,3.6432,3.7935,14,9
hex,16,0.2,500,12,0.193866,0.909832,0.762583,0.354068,0.251414,0.830096,0.113377,0.088309,3.7376,3.271,13,9
hex,16,0.2,1000,12,0.214839,0.788396,0.689369,0.355905,0.298349,0.701642,0.107341,0.10715,3.6903,3.6639,11,4
hex,17,0.2,500,12,0.176592,0.776438,0.624225,0.304205,0.24496,0.609143,0.109177,-0.000909,3.5546,3.6546,14,3
hex,17,0.2,1000,12,0.240804,0.879271,0.734664,0.3568,0.284209,0.577019,0.101818,-0.04765,3.7354,3.64,18,11
hex,18,0.2,500,12,0.173964,0.90193,0.713627,0.351207,0.250781,0.802239,0.115306,0.052588,3.7325,3.1268,16,8
hex,18,0.2,1000,12,0.227157,0.883574,0.723858,0.36371,0.247628,0.692167,0.11479,0.058532,3.7072,3.707,14,8
hex,19,0.2,500,12,0.199703,0.903476,0.662981,0.312609,0.262608,0.534596,0.129619,0.038237,3.6403,3.7533,12,4
hex,19,0.2,1000,12,0.242268,0.920515,0.757858,0.327235,0.266034,0.643599,0.106804,0.020323,3.7021,3.5775,15,13
hex,20,0.2,500,12,0.215821,0.82697,0.713474,0.345762,0.229965,0.538436,0.114723,0.05675,3.6985,3.6181,14,7
hex,20,0.2,1000,12,0.210757,0.920834,0.711058,0.314399,0.268708,0.759613,0.108343,-0.063258,3.6528,3.4819,15,6
hex,21,0.2,500,12,0.174197,0.923273,0.695977,0.334769,0.231419,0.705038,0.11707,-0.014041,3.6785,3.2413,11,7
hex,21,0.2,1000,12,0.238633,0.941067,0.682096,0.302022,0.252986,0.666904,0.114006,-0.016282,3.5158,3.5069,11,4
hex,22,0.2,500,12,0.219355,0.959632,0.767265,0.381295,0.262674,0.710344,0.114244,0.082697,3.8677,3.5642,13,9
hex,22,0.2,1000,12,0.226158,0.926052,0.761012,0.342427,0.268529,0.851035,0.103407,-0.022543,3.7507,3.3457,12,9
hex,23,0.2,500,12,0.204322,0.845287,0.727279,0.331771,0.250536,0.732626,0.125399,-0.016721,3.6751,3.3437,17,8
hex,23,0.2,1000,12,0.194701,0.95253,0.742027,0.337014,0.246239,0.77732,0.116278,0.065525,3.6337,3.4203,13,8
hex,24,0.2,500,12,0.184893,0.817446,0.708727,0.365451,0.246348,0.611633,0.115553,0.000463,3.8307,3.7917,12,7
hex,24,0.2,1000,12,0.195891,0.922006,0.68411,0.307093,0.248209,0.534552,0.108588,-0.046019,3.5716,3.7377,14,6
hex,25,0.2,500,12,0.202747,0.89532,0.738286,0.359243,0.278299,0.734231,0.109414,0.012677,3.8033,3.6138,16,11
hex,25,0.2,1000,12,0.194936,0.852571,0.710911,0.32198,0.277575,0.669969,0.112283,0.079131,3.613,3.6955,14,5
hex,26,0.2,500,12,0.185884,0.783513,0.67251,0.34938,0.245197,0.680477,0.107314,-0.04267,3.705,3.5595,15,5
hex,26,0.2,1000,12,0.227423,0.843005,0.699949,0.362199,0.246491,0.666737,0.124261,0.055518,3.751,3.4866,12,7
hex,27,0.2,500,12,0.188541,0.951659,0.698224,0.336392,0.245465,0.50864,0.118094,0.123484,3.7231,3.6872,14,7
hex,27,0.2,1000,12,0.252737,0.890411,0.746249,0.332414,0.246769,0.771292,0.11023,0.001318,3.6532,3.2513,13,12
hex,28,0.2,500,12,0.242312,0.860971,0.697323,0.297369,0.262155,0.578267,0.108601,0.104813,3.5285,3.7358,10,5
hex,28,0.2,1000,12,0.256481,0.925899,0.745987,0.322438,0.263166,0.655083,0.113911,0.046355,3.6749,3.5162,11,8
hex,29,0.2,500,12,0.195924,0.824736,0.722618,0.359508,0.261041,0.556221,0.109924,-0.024694,3.7577,3.7102,13,11
hex,29,0.2,1000,12,0.260959,0.925294,0.723021,0.330342,0.268821,0.632125,0.107489,0.035273,3.7095,3.6701,12,11
hex,30,0.2,500,12,0.229886,0.901384,0.776193,0.361808,0.241531,0.576209,0.116601,0.124244,3.7365,3.7038,8,6
hex,30,0.2,1000,12,0.199817,0.859241,0.682114,0.309219,0.255192,0.629027,0.105933,0.043567,3.6082,3.5175,12,4
hex,31,0.2,500,12,0.210469,0.853958,0.717649,0.328248,0.247026,0.835589,0.100549,0.049085,3.6573,3.1428,14,9
hex,31,0.2,1000,12,0.235324,0.819051,0.745691,0.302171,0.255807,0.672331,0.113489,-0.014047,3.5435,3.4305,16,6
hex,32,0.2,500,12,0.222015,0.841367,0.685911,0.301941,0.263932,0.622452,0.114735,0.023557,3.5887,3.6549,15,7
hex,32,0.2,1000,12,0.223148,0.847839,0.678738,0.323688,0.260476,0.747996,0.105058,-0.04981,3.6132,3.3594,13,4
hex,33,0.2,500,12,0.182774,0.752098,0.661945,0.321053,0.260944,0.745676,0.108518,0.037889,3.6013,3.5278,14,6
hex,33,0.2,1000,12,0.196925,0.877505,0.718685,0.330999,0.24285,0.573087,0.113985,0.029048,3.6122,3.7295,13,9
hex,34,0.2,500,12,0.214172,0.906114,0.750629,0.358855,0.246732,0.685389,0.113219,0.047221,3.7724,3.4843,16,8
hex,34,0.2,1000,12,0.206825,0.911848,0.691899,0.338182,0.261382,0.705067,0.105716,0.050285,3.7057,3.4109,13,7
hex,35,0.2,500,12,0.217849,0.849273,0.727167,0.362626,0.24782,0.682589,0.120909,0.057244,3.7837,3.4349,11,10
hex,35,0.2,1000,12,0.177193,0.823411,0.630252,0.304363,0.243663,0.546653,0.122791,0.087459,3.5282,3.7284,13,1
hex,36,0.2,500,12,0.171659,0.842217,0.689667,0.348159,0.229623,0.73535,0.119579,0.028832,3.7431,3.1769,12,6
hex,36,0.2,1000,12,0.196649,0.771,0.639277,0.350239,0.249516,0.669368,0.10384,0.024497,3.6987,3.5626,11,4
hex,37,0.2,500,12,0.25011,0.915391,0.755295,0.324882,0.257285,0.708646,0.106998,-0.009435,3.5798,3.5248,13,9
hex,37,0.2,1000,12,0.193963,0.842546,0.617765,0.308432,0.25079,0.642325,0.110271,-0.040048,3.614,3.5107,12,3
hex,38,0.2,500,12,0.147865,0.83261,0.634595,0.323946,0.250072,0.607893,0.103876,0.118378,3.655,3.4843,12,3
hex,38,0.2,1000,12,0.215488,0.825736,0.705252,0.326054,0.241547,0.629471,0.105672,-0.008277,3.6765,3.5588,12,7
hex,39,0.2,500,12,0.169847,0.922678,0.674323,0.325705,0.246815,0.548202,0.108226,0.060913,3.7075,3.7166,15,7
hex,39,0.2,1000,12,0.17509,0.856157,0.713641,0.344127,0.254742,0.712063,0.107684,0.011096,3.7123,3.4861,14,8
hex,40,0.2,500,12,0.135335,0.738988,0.622217,0.337725,0.238807,0.567493,0.108125,-0.102954,3.6701,3.6281,15,3
hex,40,0.2,1000,12,0.161176,0.938223,0.775511,0.363474,0.238576,0.748495,0.117389,0.047145,3.7628,3.3396,14,10
hex,41,0.2,500,12,0.18745,0.827507,0.673451,0.322991,0.244337,0.658268,0.118722,0.052475,3.6382,3.526,13,4
hex,41,0.2,1000,12,0.210206,0.915395,0.720928,0.366423,0.241295,0.487337,0.113937,-0.000218,3.7883,3.6768,12,7
hex,42,0.2,500,12,0.236531,0.835475,0.694359,0.309287,0.265287,0.723514,0.108304,0.074688,3.5958,3.4666,12,6
hex,42,0.2,1000,12,0.224407,0.821876,0.768198,0.353625,0.268129,0.650477,0.116155,-0.02433,3.7697,3.6496,15,11
hex,43,0.2,500,12,0.244344,0.853577,0.715737,0.313814,0.286523,0.71566,0.109073,0.067674,3.5672,3.4629,16,7
hex,43,0.2,1000,12,0.18176,0.90748,0.659953,0.315906,0.232665,0.677625,0.111281,0.022605,3.6139,3.4046,9,3
hex,44,0.2,500,12,0.180656,0.844616,0.659842,0.338111,0.257564,0.642752,0.110616,-0.008303,3.6835,3.5451,15,4
hex,44,0.2,1000,12,0.216477,0.938918,0.728052,0.350242,0.240319,0.641731,0.115845,-0.005852,3.738,3.5777,13,10
hex,45,0.2,500,12,0.202354,0.782006,0.713627,0.347939,0.254569,0.631965,0.104883,0.021691,3.705,3.5133,12,10
hex,45,0.2,1000,12,0.252393,0.885818,0.754917,0.312337,0.240446,0.61111,0.115241,0.02901,3.5708,3.5661,12,7
hex,46,0.2,500,12,0.215874,0.840086,0.713845,0.335711,0.26044,0.641047,0.120508,0.077549,3.6838,3.5324,13,6
hex,46,0.2,1000,12,0.213645,0.906401,0.723166,0.344725,0.2636,0.753251,0.113692,0.014153,3.6942,3.4228,11,9
hex,47,0.2,500,12,0.210269,0.926918,0.671308,0.30298,0.23366,0.785191,0.112297,-0.03055,3.5544,3.1842,13,6
hex,47,0.2,1000,12,0.237454,0.943472,0.679815,0.317349,0.267222,0.637838,0.116446,0.012508,3.6442,3.6142,18,6
hex,48,0.2,500,12,0.184253,0.929274,0.729324,0.339579,0.270419,0.662916,0.111751,0.134509,3.7003,3.7874,9,6
hex,48,0.2,1000,12,0.166231,0.922123,0.740692,0.357824,0.270866,0.749213,0.106875,-0.064461,3.739,3.3785,15,7
hex,49,0.2,500,12,0.180016,0.863041,0.711172,0.354866,0.243617,0.600698,0.120535,-0.06893,3.7606,3.6618,16,9
hex,49,0.2,1000,12,0.180004,0.898013,0.716059,0.339773,0.247261,0.674719,0.110829,-0.02022,3.6366,3.5649,15,9
hex,50,0.2,500,12,0.229028,0.902617,0.753674,0.375581,0.258038,0.547513,0.107396,0.084282,3.775,3.7526,10,10
hex,50,0.2,1000,12,0.151133,0.815365,0.621402,0.338623,0.225455,0.708898,0.120821,0.060672,3.6814,3.3375,16,2
random,1,0.2,500,12,0.239781,0.950503,0.741507,0.340017,0.332574,0.730514,0.119794,-0.042966,3.6639,3.6838,23,14
random,1,0.2,1000,12,0.117742,0.83866,0.6542,0.315975,0.332359,0.877621,0.120079,-0.029148,3.6408,3.4935,15,3
random,2,0.2,500,12,0.193194,0.883571,0.710653,0.326149,0.345055,0.686195,0.115912,0.038511,3.6538,3.843,18,8
random,2,0.2,1000,12,0.177015,0.846698,0.68067,0.364373,0.328738,0.858447,0.115319,0.035991,3.7449,3.5491,16,5
random,3,0.2,500,12,0.211033,0.851722,0.700832,0.331091,0.316717,0.777211,0.122592,0.018535,3.6998,3.6588,18,7
random,3,0.2,1000,12,0.194528,0.844711,0.689331,0.32948,0.348373,0.814241,0.112937,-0.011994,3.6544,3.7089,13,4
random,4,0.2,500,12,0.220449,0.970553,0.748354,0.343531,0.347859,0.776235,0.108042,-0.039208,3.717,3.7321,19,11
random,4,0.2,1000,12,0.150061,0.831833,0.640915,0.332967,0.322055,0.696057,0.116465,-0.064984,3.7117,3.6751,17,5
random,5,0.2,500,12,0.207292,0.857734,0.669132,0.345548,0.340247,0.801178,0.11472,-0.049558,3.607,3.5542,23,5
random,5,0.2,1000,12,0.22792,0.857975,0.658067,0.324149,0.356176,0.879587,0.1134,-0.012727,3.6338,3.4708,19,4
random,6,0.2,500,12,0.183794,0.882889,0.697364,0.353939,0.335126,0.725386,0.109169,0.052061,3.7619,3.5765,15,5
random,6,0.2,1000,12,0.159091,0.836856,0.660802,0.338291,0.343192,0.657427,0.111019,0.022655,3.715,3.8497,13,7
random,7,0.2,500,12,0.148243,0.855438,0.684928,0.329349,0.330962,0.737464,0.112886,-0.029469,3.7,3.6579,13,6
random,7,0.2,1000,12,0.115588,0.850569,0.673771,0.333002,0.329263,0.804011,0.119324,-0.021253,3.7256,3.5991,18,7
random,8,0.2,500,12,0.144997,0.916021,0.683281,0.332915,0.337584,0.887488,0.114191,-0.049043,3.6936,3.4372,17,4
random,8,0.2,1000,12,0.225824,0.876919,0.760382,0.335838,0.346227,0.668433,0.119234,-0.068539,3.7192,3.8328,17,9
random,9,0.2,500,12,0.257722,0.851003,0.740196,0.338033,0.36406,0.712223,0.118383,-0.055852,3.6403,3.7895,11,12
random,9,0.2,1000,12,0.181499,0.877812,0.709237,0.353479,0.326759,0.744064,0.111161,0.055995,3.7517,3.6756,17,8
random,10,0.2,500,12,0.163419,0.866717,0.708689,0.336246,0.330928,0.731756,0.114772,-0.022072,3.7137,3.6668,19,6
random,10,0.2,1000,12,0.226201,0.846772,0.749432,0.320065,0.37248,0.852002,0.118223,-0.045373,3.5829,3.5056,17,9
random,11,0.2,500,12,0.180705,0.844045,0.646049,0.31055,0.344367,0.733067,0.120723,-0.003462,3.6165,3.7894,15,3
random,11,0.2,1000,12,0.284445,0.905342,0.757093,0.312888,0.371054,0.726484,0.11958,0.064527,3.6253,3.6738,19,8
random,12,0.2,500,12,0.172802,0.930284,0.693047,0.345318,0.319267,0.931904,0.117937,-0.009768,3.714,3.312,15,6
random,12,0.2,1000,12,0.19668,0.792296,0.701183,0.319227,0.346927,0.622245,0.118204,-0.06963,3.6468,3.7631,13,8
random,13,0.2,500,12,0.210174,0.880094,0.736874,0.362688,0.319912,0.739574,0.112694,0.047788,3.776,3.681,16,8
random,13,0.2,1000,12,0.130227,0.843733,0.668847,0.359072,0.315886,0.684467,0.112405,-0.053447,3.7571,3.6734,16,5
random,14,0.2,500,12,0.202538,0.867825,0.705828,0.34219,0.339567,0.723733,0.107241,0.015674,3.7184,3.6601,22,6
random,14,0.2,1000,12,0.199146,0.777678,0.664672,0.329507,0.361104,0.761472,0.117414,0.012769,3.624,3.7678,17,4
random,15,0.2,500,12,0.182372,0.885769,0.648831,0.315381,0.328059,0.775151,0.116105,0.023952,3.6161,3.5578,16,5
random,15,0.2,1000,12,0.187911,0.750452,0.643972,0.312869,0.356086,0.724748,0.120019,0.006893,3.5929,3.6295,12,5
random,16,0.2,500,12,0.190755,0.762082,0.654915,0.322276,0.318437,0.713775,0.119595,0.00483,3.6087,3.6769,17,4
random,16,0.2,1000,12,0.177621,0.877931,0.665542,0.330536,0.342748,0.86424,0.112689,-0.014027,3.6749,3.5593,21,5
random,17,0.2,500,12,0.138628,0.840086,0.643714,0.334265,0.303286,0.735914,0.108826,0.03348,3.6541,3.6366,15,4
random,17,0.2,1000,12,0.189491,0.885141,0.715868,0.373921,0.345968,0.766216,0.115174,-0.047847,3.8261,3.6572,20,8
random,18,0.2,500,12,0.214783,0.903932,0.697809,0.339424,0.353493,0.827865,0.123915,-0.044681,3.7123,3.653,20,7
random,18,0.2,1000,12,0.191279,0.865422,0.731968,0.346168,0.337795,0.71707,0.112956,0.006149,3.7416,3.7192,13,7
random,19,0.2,500,12,0.212765,0.844839,0.640284,0.344812,0.337018,0.729092,0.121647,-0.018083,3.6606,3.8552,20,4
random,19,0.2,1000,12,0.238521,0.944664,0.729827,0.337165,0.340903,0.733971,0.113077,-0.08107,3.7126,3.7987,19,10
random,20,0.2,500,12,0.193349,0.800994,0.711277,0.335699,0.338323,0.747743,0.117867,-0.099831,3.721,3.7963,19,9
random,20,0.2,1000,12,0.131793,0.880919,0.661749,0.34603,0.33075,0.857085,0.110906,0.012408,3.7146,3.5229,15,5
random,21,0.2,500,12,0.175186,0.783197,0.619326,0.324606,0.329522,0.794833,0.110357,-0.0201,3.6359,3.5459,23,4
random,21,0.2,1000,12,0.150637,0.778241,0.623987,0.315012,0.323177,0.66456,0.118667,0.018942,3.6011,3.7553,16,2
random,22,0.2,500,12,0.163467,0.788033,0.665115,0.351446,0.337239,0.74771,0.108813,0.032539,3.6965,3.6837,18,5
random,22,0.2,1000,12,0.197239,0.892211,0.654788,0.315001,0.334102,0.690529,0.116339,-0.004194,3.5399,3.7283,17,2
random,23,0.2,500,12,0.159009,0.779172,0.648478,0.354469,0.347961,0.711512,0.123238,-0.054291,3.7308,3.8066,17,5
random,23,0.2,1000,12,0.17804,0.845672,0.727355,0.345305,0.337699,0.671629,0.123951,0.029673,3.7375,3.6813,13,8
random,24,0.2,500,12,0.22358,0.835887,0.727543,0.288865,0.332236,0.733114,0.11939,-0.024282,3.5018,3.6416,16,8
random,24,0.2,1000,12,0.19469,0.816557,0.676063,0.336649,0.355109,0.788721,0.116812,0.022765,3.6684,3.6953,14,6
random,25,0.2,500,12,0.201494,0.870124,0.696945,0.350045,0.330167,0.874231,0.111228,0.036426,3.7522,3.4763,13,7
random,25,0.2,1000,12,0.178877,0.884622,0.692023,0.341855,0.353319,0.811301,0.118409,-0.035452,3.7351,3.6536,17,4
random,26,0.2,500,12,0.144619,0.880662,0.616815,0.314424,0.335745,0.726375,0.114122,-0.049643,3.6004,3.6947,13,3
random,26,0.2,1000,12,0.188789,0.86132,0.663075,0.3267,0.358328,0.697206,0.119048,-0.086854,3.6394,3.7386,17,5
random,27,0.2,500,12,0.191573,0.862487,0.749556,0.339755,0.338389,0.703534,0.109348,-0.03827,3.6882,3.7842,17,10
random,27,0.2,1000,12,0.224305,0.930162,0.697521,0.343314,0.354949,0.672932,0.106722,0.044178,3.6619,3.7085,19,6
random,28,0.2,500,12,0.193194,0.794259,0.711174,0.331112,0.322381,0.651922,0.113497,-0.047514,3.6533,3.8097,19,8
random,28,0.2,1000,12,0.223661,0.880221,0.704616,0.359911,0.323224,0.728457,0.115844,0.023715,3.7124,3.5776,18,8
random,29,0.2,500,12,0.138593,0.841188,0.667291,0.343012,0.347727,0.799182,0.111391,-0.064958,3.7607,3.4958,17,5
random,29,0.2,1000,12,0.178378,0.886216,0.745162,0.338228,0.330452,0.782375,0.117142,-0.012035,3.6347,3.531,16,11
random,30,0.2,500,12,0.191499,0.82531,0.718517,0.348873,0.335506,0.726057,0.121882,-0.019806,3.7289,3.7155,19,8
random,30,0.2,1000,12,0.178076,0.876463,0.69135,0.351301,0.341178,0.743425,0.113951,0.043806,3.7527,3.6278,20,6
random,31,0.2,500,12,0.195458,0.847447,0.682193,0.321823,0.353522,0.782308,0.117574,-0.054115,3.6893,3.6898,21,6
random,31,0.2,1000,12,0.206253,0.922785,0.751724,0.32977,0.349916,0.814453,0.114898,0.004113,3.6895,3.6427,16,9
random,32,0.2,500,12,0.151153,0.816634,0.621228,0.308726,0.318251,0.689653,0.112584,-0.022448,3.6164,3.7133,18,2
random,32,0.2,1000,12,0.151123,0.858387,0.604576,0.331979,0.327025,0.64876,0.109654,-0.00506,3.6421,3.8439,14,3
random,33,0.2,500,12,0.174451,0.898846,0.715589,0.34272,0.350036,0.730103,0.118109,0.030221,3.7149,3.8206,17,9
random,33,0.2,1000,12,0.16441,0.875664,0.77323,0.375903,0.32659,0.96178,0.11431,-0.007128,3.8278,3.4959,21,11
random,34,0.2,500,12,0.181148,0.821585,0.680025,0.324278,0.347946,0.738057,0.10993,0.004361,3.6338,3.6539,20,5
random,34,0.2,1000,12,0.203757,0.864878,0.727271,0.371995,0.34772,0.740069,0.115837,0.02205,3.7993,3.7756,13,11
random,35,0.2,500,12,0.183137,0.865374,0.65142,0.338628,0.333726,0.731605,0.119347,-0.080905,3.7214,3.6563,18,6
random,35,0.2,1000,12,0.221278,0.892374,0.690134,0.332063,0.338341,0.711335,0.134358,-0.011931,3.6456,3.7735,13,6
random,36,0.2,500,12,0.156866,0.84144,0.68602,0.333378,0.315639,0.874418,0.114172,-0.012864,3.6595,3.3138,14,3
random,36,0.2,1000,12,0.216792,0.777773,0.70324,0.308286,0.36374,0.731298,0.114535,-0.119202,3.5713,3.86,21,9
random,37,0.2,500,12,0.190941,0.829506,0.756442,0.353397,0.345538,0.675925,0.11263,-0.040882,3.7402,3.7905,22,10
random,37,0.2,1000,12,0.169189,0.879185,0.66686,0.341797,0.356017,0.813692,0.108399,0.009282,3.7058,3.5855,17,6
random,38,0.2,500,12,0.15318,0.812767,0.67584,0.333875,0.35298,0.695239,0.111664,0.051963,3.7291,3.7995,11,6
random,38,0.2,1000,12,0.132242,0.790102,0.69415,0.354638,0.313004,0.640925,0.110416,-0.052265,3.7582,3.7054,12,8
random,39,0.2,500,12,0.120417,0.824837,0.657826,0.341764,0.30507,0.721488,0.115451,-0.006569,3.7129,3.6538,16,4
random,39,0.2,1000,12,0.202144,0.845992,0.719591,0.338302,0.300875,0.673653,0.119603,-0.010329,3.7015,3.6188,14,9
random,40,0.2,500,12,0.185347,0.90788,0.640798,0.325782,0.366204,0.825933,0.115525,-0.014913,3.6223,3.5425,16,3
random,40,0.2,1000,12,0.155357,0.90094,0.606639,0.312541,0.31931,0.711935,0.11962,-0.031808,3.6158,3.7567,12,1
random,41,0.2,500,12,0.245175,0.848737,0.738588,0.349566,0.357524,0.743687,0.115514,-0.00265,3.6773,3.7413,18,8
random,41,0.2,1000,12,0.105857,0.941471,0.702486,0.344013,0.332581,0.747784,0.118435,0.01921,3.69,3.6244,14,8
random,42,0.2,500,12,0.192012,0.877029,0.750569,0.362329,0.319363,0.688384,0.114718,-0.00617,3.7865,3.7585,16,8
random,42,0.2,1000,12,0.235351,0.914467,0.697566,0.314865,0.341843,0.655583,0.117268,-0.04034,3.5906,3.8082,22,7
random,43,0.2,500,12,0.177701,0.869087,0.668901,0.324294,0.329377,0.777275,0.115026,-0.061915,3.6713,3.61,17,7
random,43,0.2,1000,12,0.18271,0.898814,0.66751,0.310068,0.326197,0.666157,0.115509,0.051977,3.605,3.7478,13,6
random,44,0.2,500,12,0.18232,0.896877,0.746623,0.342699,0.338863,0.789775,0.114022,-0.015507,3.718,3.7124,16,11
random,44,0.2,1000,12,0.20365,0.841386,0.675364,0.366239,0.321681,0.792485,0.12379,-0.013887,3.728,3.5727,18,4
random,45,0.2,500,12,0.202725,0.807085,0.633761,0.286866,0.339223,0.709242,0.112143,0.026746,3.4712,3.7709,16,3
random,45,0.2,1000,12,0.238116,0.899543,0.699702,0.328222,0.369591,0.839267,0.110007,-0.038018,3.6479,3.5153,18,7
random,46,0.2,500,12,0.146815,0.742559,0.604558,0.322744,0.348024,0.700376,0.126094,-0.01214,3.596,3.7156,14,1
random,46,0.2,1000,12,0.201122,0.936483,0.659346,0.323712,0.346352,0.821639,0.113955,0.006223,3.6513,3.4844,15,5
random,47,0.2,500,12,0.144081,0.780698,0.672539,0.338637,0.329456,0.721278,0.114882,-0.037848,3.6146,3.6263,14,3
random,47,0.2,1000,12,0.203658,0.866156,0.716125,0.347141,0.339537,0.717073,0.118604,-0.06727,3.7349,3.6599,18,8
random,48,0.2,500,12,0.178361,0.902979,0.690559,0.359274,0.33345,0.787464,0.127666,0.06569,3.7929,3.6582,14,6
random,48,0.2,1000,12,0.195031,0.834537,0.701348,0.333776,0.334951,0.723463,0.113306,0.003087,3.6781,3.63,19,8
random,49,0.2,500,12,0.207034,0.861182,0.665193,0.314772,0.321464,0.60847,0.115375,0.017605,3.6152,3.7814,19,5
random,49,0.2,1000,12,0.112491,0.729581,0.574243,0.305213,0.328013,0.793721,0.114698,0.025816,3.5731,3.4896,12,1
random,50,0.2,500,12,0.16352,0.815114,0.718474,0.337949,0.335296,0.795199,0.11351,-0.051138,3.6979,3.5889,19,7
random,50,0.2,1000,12,0.135928,0.774336,0.689356,0.355261,0.30315,0.712356,0.113028,-0.0748,3.7168,3.6338,18,6
small_world,1,0.2,500,12,0.217808,0.909659,0.712612,0.343082,0.276558,0.821858,0.143748,-0.047516,3.7005,3.4854,18,9
small_world,1,0.2,1000,12,0.145436,0.89621,0.720964,0.35539,0.251816,0.765451,0.137496,0.138155,3.7579,3.53,15,9
small_world,2,0.2,500,12,0.196265,0.824676,0.71989,0.334579,0.273192,0.689948,0.138677,-0.055275,3.7014,3.6704,20,10
small_world,2,0.2,1000,12,0.177692,0.893504,0.720194,0.357933,0.251189,0.659568,0.143754,-0.014354,3.7572,3.685,18,7
small_world,3,0.2,500,12,0.25228,0.909455,0.748418,0.310376,0.25932,0.61527,0.156581,-0.045643,3.537,3.6288,17,10
small_world,3,0.2,1000,12,0.201105,0.936873,0.744585,0.355291,0.251289,0.659651,0.144258,-0.065205,3.8002,3.6152,19,8
small_world,4,0.2,500,12,0.212426,0.830665,0.726742,0.343708,0.252493,0.619563,0.139356,0.058775,3.7241,3.6827,15,8
small_world,4,0.2,1000,12,0.16708,0.739483,0.606171,0.330277,0.252373,0.607042,0.142471,-0.045912,3.6164,3.6943,19,1
small_world,5,0.2,500,12,0.271757,0.826026,0.754267,0.306845,0.263844,0.56169,0.143651,-0.013512,3.5092,3.8539,19,11
small_world,5,0.2,1000,12,0.14756,0.832095,0.698265,0.36666,0.237031,0.630979,0.148905,-0.034119,3.8366,3.5532,20,8
small_world,6,0.2,500,12,0.150883,0.884001,0.658168,0.349577,0.266617,0.706459,0.141146,0.017149,3.749,3.5118,18,4
small_world,6,0.2,1000,12,0.237888,0.876657,0.754631,0.333469,0.269839,0.711805,0.141012,0.005701,3.6425,3.5289,18,12
small_world,7,0.2,500,12,0.21729,0.919518,0.667208,0.316691,0.270404,0.698865,0.139849,0.000713,3.562,3.6797,12,4
small_world,7,0.2,1000,12,0.157371,0.829852,0.614469,0.300652,0.253051,0.593554,0.142656,0.042114,3.5566,3.6836,13,5
small_world,8,0.2,500,12,0.168894,0.82654,0.698272,0.344669,0.251057,0.710838,0.147242,-0.001362,3.7045,3.5846,18,7
small_world,8,0.2,1000,12,0.239504,0.938121,0.749742,0.356935,0.291531,0.713962,0.140468,0.080445,3.7318,3.4911,18,11
small_world,9,0.2,500,12,0.185834,0.891485,0.724761,0.357498,0.249788,0.614882,0.142291,-0.037934,3.789,3.634,20,6
small_world,9,0.2,1000,12,0.182191,0.860669,0.605439,0.309424,0.263556,0.687157,0.140423,-0.048773,3.598,3.6632,17,4
small_world,10,0.2,500,12,0.180004,0.902347,0.748775,0.340471,0.277792,0.635924,0.147523,-0.02688,3.7504,3.8316,17,10
small_world,10,0.2,1000,12,0.131177,0.757301,0.63174,0.352898,0.274491,0.671184,0.148226,-0.025206,3.7012,3.7629,13,3
small_world,11,0.2,500,12,0.166709,0.879509,0.684833,0.332689,0.27914,0.661695,0.137587,0.064038,3.6701,3.7474,17,6
small_world,11,0.2,1000,12,0.214147,0.851729,0.71525,0.326373,0.272863,0.664348,0.150561,-0.017735,3.6786,3.8729,14,9
small_world,12,0.2,500,12,0.222706,0.950373,0.717963,0.335473,0.255998,0.659687,0.149379,-0.083424,3.7366,3.6912,21,9
small_world,12,0.2,1000,12,0.214984,0.878102,0.656559,0.320733,0.284941,0.705305,0.146697,0.082598,3.5786,3.5898,14,6
small_world,13,0.2,500,12,0.17183,0.832049,0.648938,0.321774,0.266564,0.66089,0.148154,0.044011,3.6464,3.6882,18,5
small_world,13,0.2,1000,12,0.203786,0.885238,0.759192,0.351401,0.257952,0.679276,0.13784,-0.009054,3.6503,3.7203,19,7
small_world,14,0.2,500,12,0.230192,0.96119,0.734253,0.333998,0.268581,0.716007,0.142095,-0.02939,3.7142,3.7014,20,11
small_world,14,0.2,1000,12,0.185151,0.85192,0.734559,0.338167,0.262777,0.765715,0.139803,-0.040213,3.6982,3.5601,16,9
small_world,15,0.2,500,12,0.214093,0.830405,0.711059,0.338988,0.245275,0.646485,0.135886,0.115788,3.6588,3.5863,19,6
small_world,15,0.2,1000,12,0.211113,0.806769,0.706592,0.339562,0.260597,0.748375,0.150934,-0.026078,3.6981,3.4898,20,9
small_world,16,0.2,500,12,0.199818,0.928888,0.775231,0.349791,0.272365,0.802191,0.145077,-0.003694,3.7501,3.5233,17,10
small_world,16,0.2,1000,12,0.155506,0.897474,0.708697,0.37285,0.283553,0.630363,0.144933,0.106793,3.8365,3.8319,15,6
small_world,17,0.2,500,12,0.127748,0.918027,0.632188,0.325762,0.245369,0.536028,0.137933,0.008018,3.6917,3.8266,18,5
small_world,17,0.2,1000,12,0.217001,0.848967,0.726244,0.353705,0.287452,0.742359,0.130494,0.124256,3.7448,3.6719,19,10
small_world,18,0.2,500,12,0.176543,0.858686,0.700841,0.357066,0.272382,0.7733,0.134187,-0.130954,3.7886,3.5417,19,9
small_world,18,0.2,1000,12,0.159777,0.862034,0.66021,0.316265,0.296265,0.718887,0.145913,0.019102,3.6234,3.8588,15,3
small_world,19,0.2,500,12,0.160061,0.841815,0.675252,0.301886,0.280765,0.628385,0.14688,-0.054064,3.5309,3.8225,17,5
small_world,19,0.2,1000,12,0.17943,0.920106,0.678334,0.363186,0.24425,0.592279,0.142393,0.069084,3.788,3.8012,16,7
small_world,20,0.2,500,12,0.184293,0.89745,0.714568,0.33993,0.248397,0.751945,0.145849,-0.055864,3.7047,3.4046,18,7
small_world,20,0.2,1000,12,0.189385,0.810829,0.683605,0.32483,0.253054,0.713536,0.141493,0.062245,3.6358,3.6189,13,5
small_world,21,0.2,500,12,0.18012,0.897012,0.720353,0.327368,0.264463,0.823843,0.154052,-0.067188,3.6829,3.4823,14,9
small_world,21,0.2,1000,12,0.191211,0.857638,0.691996,0.329782,0.265732,0.882811,0.150665,0.009155,3.6764,3.3924,19,7
small_world,22,0.2,500,12,0.211152,0.912645,0.708962,0.344191,0.257336,0.610747,0.147585,-0.047184,3.7027,3.6646,25,7
small_world,22,0.2,1000,12,0.110825,0.865601,0.688375,0.353965,0.250474,0.620986,0.140934,0.008754,3.7788,3.7731,17,6
small_world,23,0.2,500,12,0.210381,0.806775,0.734426,0.308892,0.27087,0.832158,0.149235,-0.00118,3.6029,3.4501,16,12
small_world,23,0.2,1000,12,0.13016,0.83422,0.612047,0.329189,0.248942,0.599345,0.13678,0.096141,3.6676,3.7505,18,4
small_world,24,0.2,500,12,0.250056,0.954874,0.717595,0.331368,0.265213,0.716786,0.138305,0.01086,3.6429,3.5009,16,9
small_world,24,0.2,1000,12,0.206336,0.950917,0.724123,0.347551,0.269128,0.801057,0.14098,-0.050979,3.7722,3.5049,21,9
small_world,25,0.2,500,12,0.22237,0.871766,0.692061,0.307032,0.286635,0.715285,0.139613,-0.011549,3.5933,3.7411,18,5
small_world,25,0.2,1000,12,0.175227,0.911119,0.701037,0.36831,0.272204,0.694188,0.144309,-0.04466,3.8107,3.5083,18,6
small_world,26,0.2,500,12,0.181677,0.857951,0.669003,0.337909,0.281096,0.694935,0.154508,0.005352,3.7047,3.6049,18,6
small_world,26,0.2,1000,12,0.153238,0.839634,0.724949,0.358846,0.248138,0.612214,0.145054,0.135832,3.767,3.6665,12,7
small_world,27,0.2,500,12,0.217238,0.875245,0.714351,0.3562,0.279069,0.657364,0.138093,-0.018014,3.7467,3.8338,18,8
small_world,27,0.2,1000,12,0.280941,0.948125,0.716153,0.308404,0.272181,0.850674,0.145891,-0.005719,3.5674,3.2879,20,7
small_world,28,0.2,500,12,0.197183,0.877224,0.729851,0.336538,0.258076,0.73201,0.13983,-0.009723,3.6434,3.5816,22,7
small_world,28,0.2,1000,12,0.211663,0.763074,0.673257,0.335354,0.273378,0.691289,0.149967,-0.064612,3.6308,3.5961,22,6
small_world,29,0.2,500,12,0.216706,0.864393,0.716925,0.335844,0.255814,0.832981,0.147441,-0.123264,3.6729,3.3884,21,9
small_world,29,0.2,1000,12,0.148636,0.798099,0.610488,0.336086,0.248778,0.667886,0.142287,0.038149,3.6481,3.5758,15,4
small_world,30,0.2,500,12,0.237794,0.892043,0.700292,0.328459,0.260964,0.662976,0.145858,0.027477,3.6402,3.7198,19,7
small_world,30,0.2,1000,12,0.178144,0.910924,0.637922,0.327571,0.263275,0.665206,0.139999,-0.112151,3.673,3.7331,19,5
small_world,31,0.2,500,12,0.225704,0.876608,0.700897,0.298447,0.262493,0.751972,0.146813,0.068023,3.5368,3.6071,17,8
small_world,31,0.2,1000,12,0.225225,0.7779,0.723152,0.346661,0.271301,0.903163,0.150144,-0.021106,3.6921,3.3924,21,9
small_world,32,0.2,500,12,0.121452,0.848817,0.703951,0.345384,0.245902,0.563765,0.142995,0.002847,3.7294,3.7712,14,7
small_world,32,0.2,1000,12,0.233375,0.868574,0.664544,0.310155,0.27874,0.654698,0.138892,-0.084815,3.5643,3.731,19,6
small_world,33,0.2,500,12,0.161254,0.845945,0.648023,0.344485,0.263971,0.616071,0.138561,-0.033825,3.7482,3.8513,21,4
small_world,33,0.2,1000,12,0.140275,0.879174,0.708447,0.342975,0.248635,0.547153,0.142817,0.08804,3.7572,3.8742,14,6
small_world,34,0.2,500,12,0.152032,0.882719,0.748198,0.375121,0.276263,0.630834,0.143222,0.033808,3.8582,3.7407,21,9
small_world,34,0.2,1000,12,0.1928,0.897235,0.647153,0.331034,0.26083,0.671893,0.150096,-0.003602,3.6845,3.4421,18,5
small_world,35,0.2,500,12,0.167047,0.812946,0.614655,0.339093,0.250484,0.704867,0.146575,-0.114148,3.6331,3.4436,15,3
small_world,35,0.2,1000,12,0.218434,0.929826,0.744841,0.349575,0.272801,0.637932,0.153622,0.014444,3.7456,3.7788,16,7
small_world,36,0.2,500,12,0.189519,0.914144,0.721132,0.335442,0.255342,0.671249,0.150693,0.120544,3.6993,3.5782,15,8
small_world,36,0.2,1000,12,0.207065,0.869935,0.733783,0.346582,0.271409,0.690321,0.142866,-0.012063,3.7172,3.6132,16,8
small_world,37,0.2,500,12,0.182988,0.816917,0.705192,0.34441,0.253865,0.674653,0.153034,-0.022856,3.6537,3.7028,19,8
small_world,37,0.2,1000,12,0.19546,0.799482,0.673416,0.293056,0.271372,0.71359,0.14398,-0.036052,3.5305,3.7055,18,4
small_world,38,0.2,500,12,0.164567,0.907372,0.689826,0.338738,0.268824,0.721416,0.144204,-0.071016,3.7207,3.4618,12,5
small_world,38,0.2,1000,12,0.174059,0.854778,0.740172,0.359384,0.255655,0.766012,0.129502,0.054501,3.7818,3.2995,13,7
small_world,39,0.2,500,12,0.156097,0.849898,0.705961,0.337066,0.266879,0.600172,0.138627,0.062416,3.6881,3.8794,13,7
small_world,39,0.2,1000,12,0.202672,0.902296,0.727189,0.359042,0.258142,0.70569,0.147019,-0.021879,3.7506,3.5964,19,13
small_world,40,0.2,500,12,0.157892,0.943402,0.66257,0.343897,0.247961,0.544491,0.138089,-0.02285,3.7697,3.7794,13,6
small_world,40,0.2,1000,12,0.140723,0.84012,0.651536,0.345266,0.255722,0.725353,0.136022,-0.056051,3.6673,3.5608,17,3
small_world,41,0.2,500,12,0.123058,0.806116,0.653934,0.357969,0.238165,0.661578,0.149233,0.061991,3.7935,3.5434,18,4
small_world,41,0.2,1000,12,0.171165,0.797559,0.635017,0.323802,0.242104,0.769664,0.148298,-0.014636,3.5792,3.3672,13,2
small_world,42,0.2,500,12,0.17125,0.898081,0.645571,0.33865,0.240214,0.788388,0.14692,-0.020147,3.7119,3.308,16,5
small_world,42,0.2,1000,12,0.184675,0.910604,0.709243,0.365679,0.29141,0.78372,0.148134,-0.063452,3.8121,3.5945,20,9
small_world,43,0.2,500,12,0.170437,0.850302,0.734287,0.357724,0.239912,0.754189,0.154415,-0.055869,3.7549,3.2692,14,11
small_world,43,0.2,1000,12,0.175462,0.920044,0.695932,0.332393,0.275722,0.816597,0.13781,-0.016239,3.717,3.4566,18,6
small_world,44,0.2,500,12,0.198469,0.887263,0.718367,0.373982,0.279381,0.723101,0.139344,0.058669,3.7411,3.6331,19,8
small_world,44,0.2,1000,12,0.150742,0.854086,0.724925,0.361341,0.279074,0.624601,0.143645,-0.067018,3.8112,3.7977,21,8
small_world,45,0.2,500,12,0.140907,0.75714,0.623437,0.312412,0.263212,0.75144,0.143919,-0.04418,3.5646,3.4583,12,2
small_world,45,0.2,1000,12,0.222834,0.941897,0.693132,0.332889,0.263352,0.801479,0.146562,-0.023499,3.686,3.4165,19,6
small_world,46,0.2,500,12,0.189018,0.912869,0.673943,0.334417,0.244736,0.627005,0.15065,0.008619,3.6702,3.5689,17,6
small_world,46,0.2,1000,12,0.217581,0.836578,0.704845,0.338125,0.265213,0.650139,0.147853,-0.087939,3.5671,3.711,23,9
small_world,47,0.2,500,12,0.216872,0.908738,0.767293,0.359679,0.273142,0.700232,0.135618,-0.017433,3.7603,3.7298,19,11
small_world,47,0.2,1000,12,0.173965,0.922454,0.718683,0.362996,0.275826,0.607063,0.140258,-0.13521,3.7947,3.6327,19,8
small_world,48,0.2,500,12,0.19836,0.879189,0.750162,0.357363,0.252503,0.611386,0.152358,-0.058112,3.7729,3.7665,21,12
small_world,48,0.2,1000,12,0.193522,0.860639,0.698644,0.367732,0.267526,0.746876,0.13876,-0.128803,3.7847,3.4798,24,7
small_world,49,0.2,500,12,0.172333,0.860131,0.629572,0.322057,0.239114,0.652341,0.146586,-0.03584,3.6417,3.7446,17,4
small_world,49,0.2,1000,12,0.109182,0.757134,0.546807,0.310024,0.249121,0.715122,0.14703,-0.00379,3.6098,3.5186,13,2
small_world,50,0.2,500,12,0.249742,0.903614,0.679349,0.315648,0.299716,0.690697,0.140661,-0.035587,3.597,3.6902,19,5
small_world,50,0.2,1000,12,0.163719,0.821666,0.69324,0.338056,0.25038,0.649427,0.144559,0.057441,3.7068,3.5823,14,6
von_neumann,1,0.3,500,12,0.23136,0.885427,0.716299,0.341934,0.241636,0.645693,0.220405,-0.040111,3.7203,3.626,17,9
von_neumann,1,0.3,1000,12,0.171264,0.755282,0.644645,0.299944,0.222558,0.60703,0.224001,0.074186,3.5671,3.5087,13,5
von_neumann,2,0.3,500,12,0.256667,0.842149,0.72298,0.335876,0.248318,0.747161,0.227248,0.046273,3.6511,3.5881,15,9
von_neumann,2,0.3,1000,12,0.207877,0.896728,0.717188,0.333068,0.191779,0.684949,0.241796,-0.120358,3.6534,3.2498,22,11
von_neumann,3,0.3,500,12,0.158161,0.861831,0.723218,0.347874,0.22084,0.550253,0.2348,0.026424,3.7353,3.6176,16,9
von_neumann,3,0.3,1000,12,0.19978,0.903095,0.752984,0.368002,0.189502,0.619298,0.231561,0.105244,3.772,3.4515,15,8
von_neumann,4,0.3,500,12,0.169627,0.807084,0.68428,0.356398,0.223563,0.612455,0.228365,0.072582,3.766,3.5991,12,6
von_neumann,4,0.3,1000,12,0.204075,0.879182,0.717073,0.334032,0.217939,0.515139,0.234989,0.019688,3.6916,3.7376,15,9
von_neumann,5,0.3,500,12,0.233703,0.92379,0.708484,0.340532,0.226394,0.658467,0.23513,0.042903,3.703,3.5717,22,8
von_neumann,5,0.3,1000,12,0.1869,0.871524,0.705031,0.31905,0.233209,0.703625,0.230694,-0.092771,3.6225,3.4947,22,9
von_neumann,6,0.3,500,12,0.138265,0.787085,0.64304,0.326819,0.220532,0.552833,0.229416,0.032171,3.6618,3.7145,11,4
von_neumann,6,0.3,1000,12,0.180152,0.876251,0.669717,0.343575,0.212276,0.564715,0.233969,-0.009141,3.6593,3.5148,22,5
von_neumann,7,0.3,500,12,0.131489,0.680704,0.625984,0.324449,0.223302,0.643821,0.219046,0.082326,3.612,3.4982,15,0
von_neumann,7,0.3,1000,12,0.221972,0.890439,0.67318,0.308849,0.229716,0.522055,0.233358,-0.171455,3.5593,3.8309,28,6
von_neumann,8,0.3,500,12,0.235093,0.942165,0.724981,0.367589,0.238549,0.746482,0.224634,-0.037412,3.7616,3.4779,19,8
von_neumann,8,0.3,1000,12,0.187185,0.889471,0.682867,0.346199,0.235276,0.625768,0.221577,-0.052711,3.7077,3.5933,23,7
von_neumann,9,0.3,500,12,0.19674,0.955951,0.733709,0.369414,0.221099,0.583645,0.225868,-0.12821,3.7992,3.5984,18,10
von_neumann,9,0.3,1000,12,0.195387,0.837507,0.719812,0.338808,0.20499,0.423229,0.231496,0.032448,3.7018,3.8813,12,6
von_neumann,10,0.3,500,12,0.206293,0.852102,0.690871,0.32028,0.230527,0.684154,0.222765,0.106565,3.62,3.4173,16,7
von_neumann,10,0.3,1000,12,0.201902,0.831228,0.741532,0.343728,0.226124,0.636082,0.225047,-0.073109,3.7144,3.4888,18,7
von_neumann,11,0.3,500,12,0.218782,0.91978,0.721572,0.339181,0.23556,0.602579,0.219248,0.022098,3.6952,3.632,17,8
von_neumann,11,0.3,1000,12,0.260958,0.942317,0.724028,0.326365,0.245098,0.571049,0.231614,0.029742,3.6727,3.6458,21,8
von_neumann,12,0.3,500,12,0.174782,0.788875,0.696611,0.342433,0.24078,0.642203,0.229765,0.048133,3.7286,3.6547,17,7
von_neumann,12,0.3,1000,12,0.232521,0.877697,0.690101,0.331114,0.219362,0.552194,0.231323,0.085005,3.6134,3.7984,15,7
von_neumann,13,0.3,500,12,0.182801,0.820369,0.686275,0.324847,0.22372,0.56276,0.230939,-0.013514,3.7075,3.6535,16,5
von_neumann,13,0.3,1000,12,0.145181,0.90656,0.676706,0.361527,0.212934,0.610827,0.221969,-0.033168,3.83,3.5026,19,7
von_neumann,14,0.3,500,12,0.173143,0.833453,0.756031,0.348893,0.2268,0.60486,0.223413,0.065211,3.7346,3.6147,14,9
von_neumann,14,0.3,1000,12,0.13753,0.851157,0.671346,0.365913,0.19648,0.583254,0.230632,-0.07727,3.8021,3.5429,18,6
von_neumann,15,0.3,500,12,0.169225,0.927681,0.643811,0.339509,0.207482,0.526805,0.228763,0.046614,3.7363,3.6222,17,5
von_neumann,15,0.3,1000,12,0.20016,0.890022,0.738327,0.334942,0.224014,0.555647,0.237427,-0.083284,3.6916,3.7285,23,11
von_neumann,16,0.3,500,12,0.169207,0.835868,0.675413,0.363374,0.230215,0.594987,0.222155,-0.085203,3.7784,3.7392,20,5
von_neumann,16,0.3,1000,12,0.235393,0.812609,0.718861,0.359689,0.24841,0.596429,0.227779,0.111714,3.7604,3.76,15,8
von_neumann,17,0.3,500,12,0.125989,0.800288,0.645245,0.334528,0.207598,0.555416,0.222979,-0.046716,3.7205,3.696,16,5
von_neumann,17,0.3,1000,12,0.259952,0.798724,0.722502,0.334341,0.251385,0.741335,0.217713,-0.024501,3.5408,3.4009,18,9
von_neumann,18,0.3,500,12,0.18448,0.846698,0.681526,0.347841,0.223921,0.583816,0.227995,0.108667,3.6462,3.4947,18,7
von_neumann,18,0.3,1000,12,0.17631,0.897265,0.706551,0.384864,0.221272,0.698188,0.237175,-0.068452,3.8245,3.6051,14,8
von_neumann,19,0.3,500,12,0.191555,0.913025,0.677317,0.338864,0.23391,0.605195,0.255651,0.045805,3.7141,3.6303,15,5
von_neumann,19,0.3,1000,12,0.19525,0.868322,0.682146,0.340796,0.227858,0.747266,0.234024,0.055705,3.7304,3.3621,15,6
von_neumann,20,0.3,500,12,0.199951,0.852158,0.671607,0.332574,0.192415,0.47021,0.239063,0.186869,3.6575,3.6394,12,7
von_neumann,20,0.3,1000,12,0.213242,0.881848,0.674847,0.311786,0.220067,0.640963,0.235087,0.084759,3.6154,3.4511,18,7
von_neumann,21,0.3,500,12,0.170063,0.848571,0.665623,0.312448,0.191071,0.569493,0.239534,-0.058734,3.6384,3.4549,13,4
von_neumann,21,0.3,1000,12,0.197324,0.868126,0.70108,0.325997,0.213979,0.597759,0.225684,-0.010396,3.6598,3.4617,15,7
von_neumann,22,0.3,500,12,0.176244,0.902385,0.753338,0.403535,0.228045,0.735023,0.229086,-0.064091,3.8988,3.4073,20,9
von_neumann,22,0.3,1000,12,0.190724,0.861452,0.687922,0.335327,0.235667,0.539457,0.211529,-0.029485,3.6663,3.8406,21,5
von_neumann,23,0.3,500,12,0.180094,0.854538,0.661616,0.309232,0.216793,0.702988,0.251529,-0.052316,3.5966,3.3786,16,5
von_neumann,23,0.3,1000,12,0.176212,0.843919,0.674809,0.35659,0.221705,0.770211,0.234621,-0.014626,3.7071,3.4328,16,6
von_neumann,24,0.3,500,12,0.183987,0.872318,0.713142,0.330539,0.221634,0.741811,0.239596,0.040241,3.6575,3.4142,14,6
von_neumann,24,0.3,1000,12,0.194652,0.817653,0.652911,0.318845,0.21876,0.477664,0.224356,-0.038751,3.6436,3.8317,20,5
von_neumann,25,0.3,500,12,0.169511,0.882536,0.701125,0.34082,0.242471,0.702676,0.217939,0.109359,3.7182,3.5203,15,8
von_neumann,25,0.3,1000,12,0.173356,0.869764,0.6406,0.29805,0.242505,0.617976,0.23061,-0.02995,3.5822,3.7626,15,7
von_neumann,26,0.3,500,12,0.131231,0.837271,0.65343,0.367936,0.20888,0.735493,0.236016,-0.02648,3.8361,3.3588,17,4
von_neumann,26,0.3,1000,12,0.220041,0.795682,0.726032,0.36427,0.209165,0.571679,0.246539,-0.073821,3.7292,3.6239,17,8
von_neumann,27,0.3,500,12,0.142925,0.8893,0.638176,0.350224,0.207889,0.487749,0.248758,-0.024501,3.7463,3.7359,19,5
von_neumann,27,0.3,1000,12,0.206328,0.909389,0.708479,0.348247,0.214632,0.506496,0.22415,0.01387,3.7013,3.7198,17,7
von_neumann,28,0.3,500,12,0.197798,0.883524,0.72055,0.339148,0.221996,0.586495,0.240239,0.031515,3.7019,3.5657,18,6
von_neumann,28,0.3,1000,12,0.232184,0.919146,0.701058,0.316662,0.227478,0.735945,0.229047,-0.020887,3.5889,3.3416,17,6
von_neumann,29,0.3,500,12,0.137307,0.833281,0.676642,0.355696,0.216742,0.591958,0.225944,-0.021533,3.7229,3.5686,13,6
von_neumann,29,0.3,1000,12,0.213473,0.888959,0.740886,0.340959,0.2293,0.606057,0.223017,0.046856,3.6491,3.5529,21,8
von_neumann,30,0.3,500,12,0.201756,0.839676,0.711624,0.349923,0.216353,0.568203,0.226689,0.166179,3.7182,3.6375,18,9
von_neumann,30,0.3,1000,12,0.216857,0.83247,0.642485,0.308261,0.224042,0.582288,0.225188,-0.079794,3.5661,3.5707,16,4
von_neumann,31,0.3,500,12,0.19225,0.829142,0.763556,0.338665,0.213988,0.607598,0.219991,-0.034534,3.7337,3.557,18,10
von_neumann,31,0.3,1000,12,0.25179,0.811849,0.729502,0.336232,0.231907,0.609941,0.236244,-0.06089,3.6501,3.6069,18,11
von_neumann,32,0.3,500,12,0.190056,0.81561,0.737862,0.321176,0.224031,0.603972,0.236271,-0.075114,3.6453,3.6044,19,9
von_neumann,32,0.3,1000,12,0.172932,0.766998,0.630941,0.32223,0.226446,0.635294,0.216114,0.053872,3.6188,3.5535,15,3
von_neumann,33,0.3,500,12,0.151485,0.838955,0.665371,0.326342,0.225972,0.682757,0.219736,0.042831,3.7021,3.4771,16,6
von_neumann,33,0.3,1000,12,0.211715,0.872248,0.674392,0.333274,0.213663,0.681257,0.220224,-0.077742,3.6825,3.3394,22,6
von_neumann,34,0.3,500,12,0.191156,0.867072,0.689234,0.326635,0.219765,0.535355,0.226867,-0.178748,3.6564,3.6641,21,6
von_neumann,34,0.3,1000,12,0.171736,0.788886,0.659864,0.338821,0.223757,0.500658,0.221824,0.00714,3.6917,3.708,14,4
von_neumann,35,0.3,500,12,0.168578,0.866525,0.70203,0.362306,0.216693,0.542326,0.242597,0.095277,3.7481,3.7301,18,7
von_neumann,35,0.3,1000,12,0.170168,0.865483,0.6516,0.323445,0.213548,0.539624,0.251395,0.110908,3.6875,3.6837,16,4
von_neumann,36,0.3,500,12,0.163118,0.854462,0.702632,0.335991,0.212434,0.635485,0.234519,-0.016943,3.6994,3.578,19,8
von_neumann,36,0.3,1000,12,0.15001,0.921405,0.656415,0.337874,0.218092,0.657085,0.215356,-0.035134,3.7191,3.4187,17,5
von_neumann,37,0.3,500,12,0.184124,0.89545,0.745528,0.378573,0.224836,0.720711,0.223925,-0.111358,3.823,3.4937,20,8
von_neumann,37,0.3,1000,12,0.181374,0.888088,0.602666,0.294711,0.206341,0.544207,0.230151,0.011152,3.5385,3.5423,13,4
von_neumann,38,0.3,500,12,0.136584,0.920345,0.693552,0.346953,0.227172,0.568445,0.228543,0.041826,3.7429,3.7072,14,6
von_neumann,38,0.3,1000,12,0.163838,0.830186,0.713428,0.32768,0.206178,0.641054,0.216863,-0.010048,3.6743,3.3788,19,9
von_neumann,39,0.3,500,12,0.129545,0.908435,0.654412,0.324999,0.229447,0.648778,0.220365,0.036413,3.6762,3.6149,14,3
von_neumann,39,0.3,1000,12,0.167879,0.823242,0.680471,0.338851,0.215319,0.581396,0.235223,-0.076925,3.7179,3.6287,20,6
von_neumann,40,0.3,500,12,0.169632,0.831237,0.653234,0.337347,0.198522,0.513069,0.242406,-0.085446,3.6476,3.682,15,5
von_neumann,40,0.3,1000,12,0.174879,0.942627,0.741122,0.361354,0.203195,0.526376,0.240031,-0.013904,3.7907,3.5736,22,6
von_neumann,41,0.3,500,12,0.164812,0.854792,0.734014,0.317885,0.198048,0.58544,0.248485,-0.074684,3.6229,3.4893,18,8
von_neumann,41,0.3,1000,12,0.195831,0.861538,0.733688,0.344922,0.198087,0.473425,0.232491,-0.014031,3.7328,3.5467,17,8
von_neumann,42,0.3,500,12,0.169497,0.84024,0.711857,0.35329,0.226115,0.768006,0.2209,0.134462,3.7307,3.3429,15,8
von_neumann,42,0.3,1000,12,0.2092,0.891761,0.689732,0.367452,0.237916,0.690646,0.239358,0.016888,3.7254,3.5916,15,6
von_neumann,43,0.3,500,12,0.199583,0.843771,0.706875,0.333204,0.242867,0.653853,0.219751,0.076441,3.7177,3.3984,19,5
von_neumann,43,0.3,1000,12,0.180641,0.787025,0.672565,0.312503,0.208375,0.682377,0.222774,-0.064441,3.5779,3.3572,15,5
von_neumann,44,0.3,500,12,0.228745,0.904804,0.698585,0.352972,0.234613,0.611398,0.22011,-0.056696,3.707,3.6949,18,7
von_neumann,44,0.3,1000,12,0.227336,0.957392,0.689531,0.321533,0.210599,0.617969,0.238931,-0.012016,3.651,3.5119,20,6
von_neumann,45,0.3,500,12,0.177184,0.83405,0.704367,0.33255,0.217513,0.602431,0.217524,-0.049463,3.6948,3.5154,18,7
von_neumann,45,0.3,1000,12,0.208438,0.831846,0.675678,0.325133,0.205651,0.553369,0.236204,-0.005411,3.6553,3.6099,16,7
von_neumann,46,0.3,500,12,0.23226,0.862426,0.716512,0.31975,0.221092,0.6027,0.233157,0.065455,3.6416,3.4701,15,8
von_neumann,46,0.3,1000,12,0.199922,0.81316,0.712325,0.347625,0.226285,0.741862,0.234404,0.114673,3.7193,3.2916,11,7
von_neumann,47,0.3,500,12,0.211801,0.922265,0.706444,0.331141,0.212216,0.639518,0.228952,-0.077558,3.6629,3.4262,20,8
von_neumann,47,0.3,1000,12,0.178297,0.895221,0.648621,0.323493,0.220181,0.69625,0.240808,-0.046526,3.6285,3.315,17,3
von_neumann,48,0.3,500,12,0.182806,0.843625,0.639115,0.316218,0.228925,0.660686,0.230895,0.121842,3.6252,3.6958,14,4
von_neumann,48,0.3,1000,12,0.174186,0.790118,0.691461,0.327011,0.238976,0.646815,0.224045,0.013939,3.6392,3.5562,17,7
von_neumann,49,0.3,500,12,0.149313,0.849912,0.716381,0.365818,0.208588,0.556204,0.247033,-0.03877,3.7451,3.673,20,8
von_neumann,49,0.3,1000,12,0.181959,0.844442,0.696146,0.327903,0.222746,0.557887,0.224433,-0.016181,3.6734,3.67,18,6
von_neumann,50,0.3,500,12,0.217867,0.882279,0.685672,0.35056,0.224263,0.626339,0.227428,0.165868,3.6773,3.5254,17,5
von_neumann,50,0.3,1000,12,0.127121,0.83123,0.676106,0.334538,0.197856,0.655176,0.228262,0.071219,3.7214,3.3714,15,6
moore,1,0.3,500,12,0.235901,0.892936,0.669678,0.314441,0.262329,0.606633,0.133933,0.003454,3.5981,3.6494,9,5
moore,1,0.3,1000,12,0.234083,0.869229,0.691877,0.324171,0.250652,0.540106,0.133831,0.002131,3.6337,3.7195,13,7
moore,2,0.3,500,12,0.249229,0.839281,0.69235,0.320607,0.26907,0.631271,0.137555,0.113282,3.5942,3.651,9,6
moore,2,0.3,1000,12,0.259587,0.864517,0.75542,0.328615,0.221878,0.798852,0.150255,0.078589,3.6526,3.124,3,9
moore,3,0.3,500,12,0.201799,0.825524,0.700492,0.338604,0.240261,0.548138,0.146437,0.087905,3.6932,3.6111,9,6
moore,3,0.3,1000,12,0.173162,0.851186,0.747933,0.356391,0.188768,0.481162,0.139659,0.132533,3.72,3.5021,9,7
moore,4,0.3,500,12,0.196606,0.87721,0.752036,0.338498,0.255552,0.654373,0.148065,-0.039817,3.6938,3.5007,13,9
moore,4,0.3,1000,12,0.149741,0.901274,0.669232,0.353886,0.252479,0.646365,0.134832,0.016476,3.7807,3.5723,13,6
moore,5,0.3,500,12,0.27069,0.865298,0.718045,0.319656,0.26244,0.791017,0.151305,0.114608,3.5967,3.4809,6,6
moore,5,0.3,1000,12,0.184851,0.903036,0.720871,0.34267,0.254618,0.68911,0.142487,-0.02303,3.7635,3.5094,8,8
moore,6,0.3,500,12,0.1904,0.832747,0.685196,0.317674,0.260444,0.667655,0.133921,0.040581,3.6218,3.5372,13,4
moore,6,0.3,1000,12,0.19697,0.795554,0.631199,0.313437,0.266265,0.549276,0.134639,-0.010662,3.5473,3.7315,11,3
moore,7,0.3,500,12,0.151427,0.942465,0.678662,0.356388,0.246484,0.684995,0.133885,0.079667,3.8179,3.4372,9,6
moore,7,0.3,1000,12,0.256308,0.787633,0.692772,0.313162,0.271348,0.572232,0.142586,0.035693,3.512,3.7914,8,6
moore,8,0.3,500,12,0.237975,0.865207,0.734721,0.371304,0.2561,0.712067,0.137827,-0.006131,3.7132,3.6121,4,5
moore,8,0.3,1000,12,0.214771,0.802639,0.66643,0.302046,0.257143,0.661439,0.140908,0.032362,3.5569,3.4059,8,3
moore,9,0.3,500,12,0.187078,0.858822,0.711417,0.368259,0.247466,0.636934,0.14129,0.062448,3.8103,3.5293,7,3
moore,9,0.3,1000,12,0.250838,0.833843,0.745193,0.328651,0.231097,0.63439,0.154429,0.107696,3.6457,3.4075,7,6
moore,10,0.3,500,12,0.222148,0.866732,0.744588,0.350101,0.272566,0.774751,0.146497,0.012066,3.7302,3.3769,8,7
moore,10,0.3,1000,12,0.233426,0.917511,0.725469,0.325218,0.239226,0.674434,0.148005,-0.005673,3.6613,3.3209,11,8
moore,11,0.3,500,12,0.266297,0.871649,0.730399,0.310398,0.264877,0.608946,0.137554,0.086613,3.5685,3.613,6,4
moore,11,0.3,1000,12,0.321798,0.864033,0.682026,0.284618,0.280414,0.67952,0.141565,-0.052291,3.4129,3.6995,6,7
moore,12,0.3,500,12,0.203969,0.891037,0.704177,0.352479,0.271273,0.683816,0.139495,0.100526,3.7022,3.7785,11,8
moore,12,0.3,1000,12,0.210299,0.90858,0.668609,0.33636,0.247251,0.699294,0.151913,0.078313,3.642,3.3834,9,5
moore,13,0.3,500,12,0.214383,0.881041,0.686541,0.313485,0.26022,0.672626,0.138456,-0.06065,3.5682,3.5065,10,6
moore,13,0.3,1000,12,0.241396,0.886493,0.628367,0.300466,0.237294,0.585696,0.139544,-0.010972,3.4726,3.4839,11,6
moore,14,0.3,500,12,0.244175,0.958191,0.765917,0.376384,0.265408,0.592517,0.144978,0.017454,3.8523,3.5935,10,12
moore,14,0.3,1000,12,0.104262,0.811114,0.682046,0.355247,0.199863,0.767493,0.150467,-0.0287,3.7634,3.0483,9,4
moore,15,0.3,500,12,0.167451,0.772323,0.639635,0.338818,0.223087,0.883318,0.14435,-0.000911,3.683,2.9252,10,4
moore,15,0.3,1000,12,0.20678,0.869416,0.716967,0.325311,0.239327,0.53076,0.140007,0.006549,3.6983,3.687,9,5
moore,16,0.3,500,12,0.187412,0.912504,0.688243,0.369969,0.226599,0.570424,0.146636,0.116499,3.7571,3.4537,7,4
moore,16,0.3,1000,12,0.237996,0.813058,0.714463,0.328997,0.310129,0.651821,0.137599,0.0273,3.6077,3.7056,10,6
moore,17,0.3,500,12,0.204238,0.936657,0.693738,0.326287,0.24283,0.709934,0.143231,0.063255,3.7072,3.4669,10,5
moore,17,0.3,1000,12,0.27583,0.85745,0.761641,0.341706,0.282898,0.622716,0.1319,0.01595,3.6796,3.5766,7,10
moore,18,0.3,500,12,0.192937,0.827334,0.663731,0.340196,0.236572,0.755607,0.150608,0.081796,3.7137,3.1811,11,4
moore,18,0.3,1000,12,0.233329,0.949898,0.735105,0.349336,0.245444,0.70251,0.146139,0.039512,3.7424,3.6313,10,8
moore,19,0.3,500,12,0.203282,0.904222,0.682386,0.332678,0.24658,0.64371,0.167312,-0.014069,3.692,3.3552,10,7
moore,19,0.3,1000,12,0.275527,0.879822,0.756635,0.306253,0.256316,0.6885,0.13767,0.022568,3.5759,3.4541,4,7
moore,20,0.3,500,12,0.209845,0.864779,0.677915,0.355499,0.227818,0.608725,0.145881,0.100515,3.7466,3.3609,9,6
moore,20,0.3,1000,12,0.21382,0.814292,0.737687,0.310353,0.26411,0.666714,0.140141,-0.027286,3.5738,3.4878,9,7
moore,21,0.3,500,12,0.174459,0.83878,0.668084,0.337033,0.22305,0.623875,0.149686,0.006732,3.6877,3.5115,9,4
moore,21,0.3,1000,12,0.246124,0.901271,0.700962,0.323059,0.258411,0.671683,0.144482,0.056538,3.637,3.575,8,6
moore,22,0.3,500,12,0.228754,0.943615,0.726725,0.357783,0.251065,0.730935,0.143661,0.095305,3.7496,3.5052,7,8
moore,22,0.3,1000,12,0.239865,0.947432,0.725817,0.331689,0.25111,0.694612,0.130351,-0.033626,3.6427,3.4976,10,7
moore,23,0.3,500,12,0.20376,0.80233,0.689187,0.344954,0.238977,0.55226,0.161573,0.062303,3.6818,3.6927,10,6
moore,23,0.3,1000,12,0.185711,0.93578,0.736707,0.367689,0.23259,0.61208,0.147581,0.099951,3.7961,3.5248,8,7
moore,24,0.3,500,12,0.200417,0.852386,0.741872,0.344924,0.238098,0.711503,0.148915,0.100752,3.6833,3.4108,8,7
moore,24,0.3,1000,12,0.189028,0.871214,0.647026,0.308211,0.251269,0.666198,0.140042,0.022003,3.5565,3.5309,14,3
moore,25,0.3,500,12,0.171509,0.97359,0.740633,0.35849,0.258226,0.756543,0.136686,-0.00975,3.8287,3.4827,7,9
moore,25,0.3,1000,12,0.175946,0.81996,0.692099,0.345755,0.262228,0.781869,0.144642,0.141355,3.7151,3.4072,7,4
moore,26,0.3,500,12,0.174898,0.761274,0.652217,0.35009,0.227661,0.656017,0.133895,0.038916,3.6642,3.3804,8,3
moore,26,0.3,1000,12,0.216605,0.855689,0.687982,0.347784,0.233602,0.612697,0.15876,0.049064,3.7423,3.4453,7,6
moore,27,0.3,500,12,0.216398,0.86316,0.694734,0.313374,0.233822,0.514109,0.154167,0.119875,3.6018,3.6232,10,7
moore,27,0.3,1000,12,0.252201,0.901588,0.761857,0.343501,0.243817,0.602288,0.140329,0.030174,3.6791,3.5733,8,10
moore,28,0.3,500,12,0.240043,0.828783,0.720754,0.326906,0.252076,0.652503,0.139782,0.084056,3.6493,3.5759,8,6
moore,28,0.3,1000,12,0.253859,0.838633,0.710356,0.330724,0.249298,0.567051,0.146725,0.065265,3.6494,3.5882,8,6
moore,29,0.3,500,12,0.191395,0.896524,0.687391,0.353777,0.257185,0.62807,0.141029,0.046013,3.7262,3.5849,12,5
moore,29,0.3,1000,12,0.245437,0.928801,0.761758,0.340911,0.257199,0.807017,0.135837,0.05272,3.7012,3.2811,6,7
moore,30,0.3,500,12,0.252954,0.88537,0.778394,0.359652,0.243158,0.526872,0.153041,0.153398,3.7455,3.7365,4,7
moore,30,0.3,1000,12,0.219228,0.90281,0.725831,0.317695,0.250899,0.639212,0.134635,0.033757,3.6182,3.5901,11,8
moore,31,0.3,500,12,0.205764,0.880604,0.796035,0.354204,0.235469,0.649749,0.124507,0.083406,3.7654,3.3489,8,10
moore,31,0.3,1000,12,0.24314,0.909563,0.748542,0.327337,0.244544,0.628988,0.146546,0.029473,3.6475,3.3811,6,5
moore,32,0.3,500,12,0.223854,0.761592,0.696595,0.314216,0.252513,0.63186,0.145601,0.023922,3.5725,3.5117,13,7
moore,32,0.3,1000,12,0.208059,0.877127,0.685099,0.346128,0.252918,0.648627,0.13333,-0.053365,3.7217,3.5507,14,5
moore,33,0.3,500,12,0.196788,0.907858,0.635275,0.319998,0.257748,0.776432,0.135412,-0.004952,3.5802,3.3284,6,4
moore,33,0.3,1000,12,0.210944,0.814591,0.733003,0.324702,0.24299,0.751883,0.148405,0.142004,3.6612,3.2593,5,5
moore,34,0.3,500,12,0.206598,0.86669,0.719967,0.365459,0.235852,0.630395,0.144606,0.075031,3.7393,3.39,8,8
moore,34,0.3,1000,12,0.211144,0.919064,0.732777,0.360957,0.254502,0.754091,0.136674,0.109829,3.7945,3.2232,9,8
moore,35,0.3,500,12,0.210884,0.918154,0.719024,0.36845,0.251227,0.644743,0.156441,0.028735,3.8163,3.5887,11,7
moore,35,0.3,1000,12,0.198972,0.836309,0.64569,0.319263,0.225865,0.507918,0.156685,0.063904,3.6002,3.6336,8,5
moore,36,0.3,500,12,0.17035,0.97503,0.7188,0.344692,0.218896,0.612673,0.154982,0.000951,3.7543,3.3932,10,8
moore,36,0.3,1000,12,0.181067,0.829325,0.714027,0.370984,0.231909,0.609119,0.132121,0.108143,3.7669,3.5707,6,6
moore,37,0.3,500,12,0.255247,0.820648,0.71127,0.32638,0.233541,0.669118,0.139396,0.00353,3.6276,3.4308,8,9
moore,37,0.3,1000,12,0.218117,0.826852,0.628957,0.296775,0.244589,0.564157,0.140124,-0.009567,3.5503,3.7043,10,6
moore,38,0.3,500,12,0.179661,0.775134,0.660731,0.306442,0.243286,0.621252,0.12825,0.155431,3.566,3.3912,8,4
moore,38,0.3,1000,12,0.23466,0.815293,0.689703,0.308294,0.241633,0.650912,0.132218,-0.019187,3.5915,3.4724,11,5
moore,39,0.3,500,12,0.166714,0.896485,0.663693,0.357956,0.248877,0.55727,0.139081,0.034021,3.8186,3.666,9,7
moore,39,0.3,1000,12,0.192399,0.832949,0.697567,0.323412,0.253041,0.736638,0.138346,0.047939,3.6991,3.4475,9,5
moore,40,0.3,500,12,0.098994,0.816562,0.633485,0.336918,0.230255,0.715287,0.139429,-0.018689,3.7525,3.1771,9,3
moore,40,0.3,1000,12,0.172931,0.859235,0.706897,0.360134,0.242496,0.694706,0.15039,0.003194,3.7691,3.4711,11,7
moore,41,0.3,500,12,0.182609,0.882196,0.668489,0.338096,0.239108,0.722704,0.152015,0.073406,3.6982,3.3514,10,5
moore,41,0.3,1000,12,0.191305,0.875223,0.638681,0.335894,0.228779,0.481002,0.146391,0.031161,3.6389,3.518,9,5
moore,42,0.3,500,12,0.220736,0.849392,0.750836,0.330012,0.258372,0.629741,0.140715,0.147107,3.6593,3.7034,6,6
moore,42,0.3,1000,12,0.19177,0.876905,0.714832,0.338695,0.245302,0.578306,0.148071,0.051836,3.73,3.5688,10,6
moore,43,0.3,500,12,0.253673,0.823273,0.72147,0.319579,0.28172,0.645223,0.142242,0.075976,3.6198,3.633,11,8
moore,43,0.3,1000,12,0.190793,0.840303,0.660357,0.323602,0.224253,0.669993,0.142214,0.012263,3.6127,3.4609,10,3
moore,44,0.3,500,12,0.184638,0.873778,0.710342,0.353931,0.246383,0.686896,0.138663,0.097419,3.7856,3.3078,8,6
moore,44,0.3,1000,12,0.205049,0.887844,0.775391,0.345516,0.219056,0.582514,0.14961,-0.009794,3.7547,3.4213,13,7
moore,45,0.3,500,12,0.197674,0.877536,0.70812,0.349372,0.250494,0.584395,0.135985,0.146463,3.7643,3.6998,9,7
moore,45,0.3,1000,12,0.277329,0.884572,0.707129,0.317807,0.232208,0.540749,0.148114,0.113043,3.5556,3.6203,9,8
moore,46,0.3,500,12,0.249443,0.841757,0.762412,0.323377,0.258152,0.691089,0.161067,0.106674,3.6344,3.3805,7,8
moore,46,0.3,1000,12,0.1903,0.785019,0.688088,0.335638,0.255837,0.530398,0.145757,0.069313,3.6158,3.7094,10,4
moore,47,0.3,500,12,0.206583,0.884901,0.751393,0.326353,0.22096,0.613347,0.144886,0.024676,3.6652,3.4229,13,7
moore,47,0.3,1000,12,0.225929,0.863938,0.691629,0.324715,0.260364,0.584546,0.149975,0.003411,3.587,3.737,11,6
moore,48,0.3,500,12,0.199286,0.943513,0.703502,0.340198,0.257129,0.667345,0.143342,0.085726,3.73,3.6276,8,7
moore,48,0.3,1000,12,0.201322,0.828642,0.705935,0.312203,0.251951,0.671203,0.13624,-0.02755,3.591,3.4574,12,5
moore,49,0.3,500,12,0.174918,0.784091,0.689481,0.361403,0.233623,0.687277,0.155716,-0.028818,3.7575,3.397,15,5
moore,49,0.3,1000,12,0.181931,0.837052,0.709618,0.363449,0.23991,0.68548,0.143741,0.07242,3.7747,3.5006,7,6
moore,50,0.3,500,12,0.265354,0.944707,0.735889,0.339851,0.249641,0.695117,0.140211,0.051083,3.6756,3.3557,10,9
moore,50,0.3,1000,12,0.134223,0.890506,0.639048,0.363491,0.219292,0.732235,0.154491,0.154376,3.7789,3.2787,13,4
hex,1,0.3,500,12,0.196054,0.907517,0.747675,0.358311,0.263835,0.627065,0.156381,-0.03785,3.7694,3.7053,12,10
hex,1,0.3,1000,12,0.222287,0.899016,0.672194,0.312798,0.246228,0.575364,0.154388,-0.008139,3.5361,3.6,16,5
hex,2,0.3,500,12,0.267939,0.882785,0.699305,0.320714,0.274377,0.65442,0.16311,0.000723,3.6129,3.7603,11,7
hex,2,0.3,1000,12,0.226811,0.866292,0.719881,0.335998,0.22773,0.779582,0.173408,0.102013,3.7023,3.1899,13,7
hex,3,0.3,500,12,0.19592,0.841933,0.727269,0.365956,0.243703,0.649362,0.171246,0.077699,3.8039,3.3948,10,8
hex,3,0.3,1000,12,0.189455,0.985425,0.742119,0.358678,0.197537,0.569203,0.159639,0.10856,3.7978,3.4684,10,7
hex,4,0.3,500,12,0.202757,0.850496,0.731191,0.330329,0.256392,0.706623,0.165934,0.037233,3.6784,3.4608,13,7
hex,4,0.3,1000,12,0.209097,0.832859,0.695755,0.354312,0.252816,0.658182,0.158078,0.015453,3.7254,3.5491,12,6
hex,5,0.3,500,12,0.252664,0.918306,0.714552,0.311197,0.257736,0.756813,0.169012,0.15265,3.5828,3.5107,13,6
hex,5,0.3,1000,12,0.193905,0.952087,0.710845,0.346105,0.266884,0.63857,0.162269,-0.034252,3.7191,3.6737,15,8
hex,6,0.3,500,12,0.183053,0.843144,0.671036,0.307748,0.252995,0.57379,0.153965,0.047363,3.5772,3.7716,8,6
hex,6,0.3,1000,12,0.173857,0.828731,0.669344,0.318296,0.259782,0.690607,0.155372,0.066869,3.652,3.4128,12,3
hex,7,0.3,500,12,0.142832,0.813671,0.689478,0.331168,0.24271,0.656893,0.155834,0.162868,3.68,3.4998,9,6
hex,7,0.3,1000,12,0.253722,0.798917,0.704309,0.293777,0.260237,0.583257,0.163939,0.014543,3.4689,3.6272,13,9
hex,8,0.3,500,12,0.226722,0.906846,0.745655,0.389345,0.257523,0.825898,0.158068,-0.011806,3.8185,3.4939,14,6
hex,8,0.3,1000,12,0.230481,0.890337,0.701937,0.314302,0.262394,0.674252,0.162953,-0.011002,3.5824,3.4877,15,8
hex,9,0.3,500,12,0.18488,0.906294,0.76824,0.362202,0.250154,0.585748,0.162872,0.047093,3.7723,3.7189,12,7
hex,9,0.3,1000,12,0.23565,0.871261,0.744059,0.33032,0.236759,0.581834,0.171866,0.00238,3.6729,3.6859,14,7
hex,10,0.3,500,12,0.248244,0.863596,0.773345,0.32405,0.273087,0.739467,0.166521,0.058262,3.6335,3.3994,11,8
hex,10,0.3,1000,12,0.211739,0.876676,0.714384,0.347764,0.2406,0.643667,0.168817,-0.038868,3.6659,3.4344,12,8
hex,11,0.3,500,12,0.281623,0.864241,0.764156,0.32507,0.263669,0.681352,0.159109,0.044679,3.636,3.4918,14,8
hex,11,0.3,1000,12,0.297823,0.942716,0.70277,0.321299,0.275368,0.638281,0.163439,-0.082584,3.5609,3.7359,17,8
hex,12,0.3,500,12,0.205149,0.851941,0.700468,0.350611,0.266913,0.645865,0.165865,0.070304,3.7278,3.7896,11,6
hex,12,0.3,1000,12,0.234987,0.851203,0.718988,0.327041,0.240651,0.782757,0.170333,0.117374,3.6416,3.2813,11,8
hex,13,0.3,500,12,0.231644,0.904536,0.706212,0.33295,0.256367,0.601949,0.157903,-0.05568,3.6629,3.6073,15,6
hex,13,0.3,1000,12,0.21249,0.830975,0.691271,0.322818,0.244764,0.805714,0.155318,0.038176,3.6161,3.2015,13,6
hex,14,0.3,500,12,0.230453,0.850837,0.699431,0.359603,0.263253,0.649733,0.166525,-0.001534,3.7106,3.6167,15,7
hex,14,0.3,1000,12,0.12829,0.856158,0.690736,0.353322,0.208997,0.654841,0.168702,-0.00531,3.7464,3.318,14,6
hex,15,0.3,500,12,0.182269,0.780074,0.662326,0.313542,0.228074,0.672665,0.168031,-0.024707,3.6158,3.2394,13,4
hex,15,0.3,1000,12,0.212086,0.814684,0.719887,0.329885,0.249171,0.573312,0.162283,0.051521,3.66,3.6821,15,7
hex,16,0.3,500,12,0.193996,0.890999,0.73471,0.359476,0.243634,0.763071,0.167033,0.068865,3.7747,3.3404,16,6
hex,16,0.3,1000,12,0.232132,0.791454,0.68769,0.354903,0.293097,0.668849,0.157449,0.134688,3.6336,3.7504,10,5
hex,17,0.3,500,12,0.174609,0.784661,0.603341,0.308673,0.234593,0.584891,0.160781,0.016091,3.57,3.6533,14,2
hex,17,0.3,1000,12,0.246548,0.921346,0.733777,0.356227,0.274776,0.536674,0.149726,-0.035162,3.7114,3.6906,18,12
hex,18,0.3,500,12,0.18156,0.910008,0.684515,0.346135,0.244795,0.797332,0.169586,0.068079,3.7517,3.0896,17,5
hex,18,0.3,1000,12,0.227078,0.900352,0.728413,0.36289,0.23955,0.674806,0.169433,0.065899,3.705,3.7137,12,11
hex,19,0.3,500,12,0.208371,0.876149,0.677648,0.308632,0.257399,0.554263,0.190521,0.028573,3.5925,3.7721,12,4
hex,19,0.3,1000,12,0.253451,0.930975,0.762139,0.328085,0.263349,0.614026,0.158051,0.014785,3.6926,3.6431,12,11
hex,20,0.3,500,12,0.22052,0.809898,0.698134,0.340444,0.225076,0.543387,0.168548,0.054136,3.6763,3.5549,13,7
hex,20,0.3,1000,12,0.220344,0.959677,0.722746,0.312185,0.26344,0.720215,0.159202,-0.050404,3.6579,3.5132,15,7
hex,21,0.3,500,12,0.173629,0.884248,0.68192,0.331042,0.223503,0.678621,0.172226,0.000166,3.6785,3.2231,11,6
hex,21,0.3,1000,12,0.244132,0.906039,0.707821,0.301719,0.245643,0.637373,0.168249,-0.011319,3.5456,3.545,13,7
hex,22,0.3,500,12,0.219272,0.936252,0.766582,0.380479,0.254445,0.668134,0.166983,0.075859,3.8736,3.5455,17,9
hex,22,0.3,1000,12,0.238983,0.883245,0.760445,0.3319,0.264515,0.849104,0.151109,-0.027258,3.6678,3.2985,13,10
hex,23,0.3,500,12,0.198854,0.868809,0.734306,0.341255,0.242297,0.71635,0.184159,-0.026015,3.724,3.4011,17,12
hex,23,0.3,1000,12,0.189378,0.931334,0.762434,0.336474,0.238192,0.71872,0.170229,0.081816,3.6777,3.4306,13,7
hex,24,0.3,500,12,0.188714,0.841366,0.707441,0.360884,0.240164,0.617113,0.170186,-0.004813,3.7989,3.6926,11,9
hex,24,0.3,1000,12,0.19872,0.925354,0.695571,0.306046,0.240472,0.506865,0.158743,-0.036695,3.5527,3.8559,14,7
hex,25,0.3,500,12,0.204468,0.944128,0.749142,0.360968,0.270169,0.670205,0.160315,0.02493,3.8094,3.6629,15,10
hex,25,0.3,1000,12,0.19503,0.862012,0.677034,0.314396,0.269834,0.672561,0.165027,0.074381,3.592,3.6861,14,4
hex,26,0.3,500,12,0.18827,0.823599,0.697207,0.348998,0.233826,0.66542,0.157975,-0.043106,3.7364,3.5317,13,5
hex,26,0.3,1000,12,0.229274,0.839874,0.719107,0.359769,0.238301,0.646239,0.182952,0.047825,3.7182,3.4368,10,9
hex,27,0.3,500,12,0.192819,0.939566,0.668139,0.329135,0.237656,0.518054,0.173581,0.123632,3.6705,3.7038,14,6
hex,27,0.3,1000,12,0.257204,0.853343,0.766819,0.330064,0.239816,0.729487,0.160967,0.004017,3.6567,3.3184,9,13
hex,28,0.3,500,12,0.24107,0.855317,0.706467,0.295772,0.254007,0.593519,0.160313,0.11556,3.5214,3.6622,12,6
hex,28,0.3,1000,12,0.248988,0.926011,0.739574,0.328295,0.253639,0.592569,0.168062,0.046341,3.6996,3.6339,11,8
hex,29,0.3,500,12,0.198691,0.819476,0.718541,0.353049,0.25519,0.550463,0.161333,-0.021931,3.7055,3.6379,13,11
hex,29,0.3,1000,12,0.259387,0.938549,0.752808,0.338976,0.258065,0.590316,0.157702,0.058084,3.6566,3.6391,10,10
hex,30,0.3,500,12,0.233975,0.91563,0.777789,0.354499,0.234901,0.593558,0.17086,0.119612,3.7435,3.6122,6,7
hex,30,0.3,1000,12,0.208049,0.882801,0.692362,0.30764,0.2475,0.592852,0.154617,0.065349,3.5301,3.4861,12,4
hex,31,0.3,500,12,0.214752,0.862491,0.72692,0.325895,0.239841,0.877978,0.147359,0.061049,3.6498,3.1048,13,9
hex,31,0.3,1000,12,0.239539,0.824128,0.703066,0.295514,0.249631,0.704022,0.167305,-0.001806,3.5376,3.3778,16,6
hex,32,0.3,500,12,0.229185,0.836238,0.723174,0.304147,0.256819,0.625679,0.16779,0.037055,3.5508,3.6215,12,8
hex,32,0.3,1000,12,0.225154,0.860878,0.680056,0.323476,0.251749,0.731562,0.154351,-0.05632,3.607,3.3866,14,4
hex,33,0.3,500,12,0.183198,0.779791,0.676949,0.321549,0.253763,0.775136,0.159873,0.047976,3.6316,3.4566,14,7
hex,33,0.3,1000,12,0.201159,0.865099,0.692895,0.329661,0.235332,0.577835,0.168917,0.021179,3.6226,3.6936,14,7
hex,34,0.3,500,12,0.221296,0.884925,0.73356,0.356006,0.236746,0.672591,0.166782,0.044065,3.7632,3.4037,13,8
hex,34,0.3,1000,12,0.210284,0.932533,0.710717,0.343389,0.252153,0.753909,0.155217,0.054327,3.707,3.3356,15,9
hex,35,0.3,500,12,0.227775,0.884726,0.721984,0.358489,0.239549,0.67251,0.177807,0.059241,3.7682,3.4305,11,9
hex,35,0.3,1000,12,0.183533,0.831915,0.613337,0.300184,0.23603,0.518534,0.180485,0.089767,3.4756,3.7067,10,1
hex,36,0.3,500,12,0.175494,0.840593,0.691412,0.353016,0.222188,0.742116,0.176287,0.032853,3.7549,3.1548,14,6
hex,36,0.3,1000,12,0.201414,0.802299,0.683996,0.353611,0.241948,0.63948,0.153096,0.029805,3.7198,3.5874,11,5
hex,37,0.3,500,12,0.249616,0.932497,0.757514,0.330971,0.24935,0.705925,0.157591,0.002586,3.7073,3.4888,12,9
hex,37,0.3,1000,12,0.198431,0.854233,0.654399,0.300118,0.243601,0.731832,0.162237,-0.037553,3.5779,3.2124,12,3
hex,38,0.3,500,12,0.15057,0.827086,0.656003,0.322283,0.243357,0.591986,0.152266,0.142036,3.6518,3.5725,12,3
hex,38,0.3,1000,12,0.215387,0.825668,0.657653,0.318814,0.233056,0.600765,0.154775,-0.013722,3.6069,3.5403,13,5
hex,39,0.3,500,12,0.167178,0.921319,0.689236,0.330427,0.23821,0.476383,0.159477,0.068602,3.6825,3.7655,15,7
hex,39,0.3,1000,12,0.17826,0.84875,0.709272,0.34517,0.244617,0.68431,0.15871,0.02071,3.7098,3.4572,13,7
hex,40,0.3,500,12,0.126142,0.768191,0.636865,0.343296,0.23188,0.56693,0.159824,-0.101284,3.6635,3.6143,12,4
hex,40,0.3,1000,12,0.161054,0.916164,0.766272,0.356666,0.230095,0.769858,0.171921,0.072114,3.8247,3.2589,14,9
hex,41,0.3,500,12,0.192222,0.794623,0.677355,0.320786,0.238119,0.649503,0.174251,0.067578,3.6134,3.5784,13,5
hex,41,0.3,1000,12,0.203888,0.909159,0.723338,0.370103,0.232721,0.457465,0.165822,-0.000668,3.7925,3.6779,13,7
hex,42,0.3,500,12,0.223647,0.858842,0.681926,0.308767,0.258621,0.692123,0.158831,0.078525,3.5361,3.5139,13,5
hex,42,0.3,1000,12,0.218237,0.829191,0.749193,0.35252,0.259369,0.608614,0.170439,-0.027531,3.7238,3.6825,16,12
hex,43,0.3,500,12,0.250823,0.862812,0.717234,0.313165,0.280786,0.712769,0.160472,0.079157,3.6254,3.4215,16,9
hex,43,0.3,1000,12,0.179196,0.878537,0.650397,0.316807,0.226889,0.672576,0.1633,0.01656,3.6671,3.4017,8,4
hex,44,0.3,500,12,0.185524,0.846809,0.656587,0.339543,0.252023,0.650304,0.162263,0.006966,3.6626,3.4595,15,5
hex,44,0.3,1000,12,0.225784,0.956742,0.741309,0.354151,0.233114,0.620182,0.170602,-0.011786,3.6716,3.6294,14,9
hex,45,0.3,500,12,0.206848,0.756012,0.718573,0.336368,0.246922,0.633086,0.153545,0.041341,3.6321,3.5531,12,10
hex,45,0.3,1000,12,0.248795,0.900283,0.748463,0.320417,0.233139,0.596245,0.170205,0.038728,3.6611,3.5863,11,8
hex,46,0.3,500,12,0.21993,0.819626,0.732688,0.329948,0.252848,0.668609,0.176917,0.098037,3.6624,3.3914,11,6
hex,46,0.3,1000,12,0.217895,0.907722,0.711667,0.340906,0.25557,0.726159,0.167337,0.021371,3.6798,3.4403,13,7
hex,47,0.3,500,12,0.205933,0.913391,0.650713,0.302155,0.226769,0.818412,0.165563,-0.040742,3.5679,3.0199,13,6
hex,47,0.3,1000,12,0.237138,0.901982,0.687442,0.321772,0.257818,0.644106,0.17118,0.012396,3.624,3.5929,18,7
hex,48,0.3,500,12,0.177046,0.943911,0.726432,0.339195,0.260738,0.678917,0.164191,0.201875,3.764,3.7104,11,7
hex,48,0.3,1000,12,0.167515,0.905972,0.680294,0.349575,0.261163,0.738628,0.157301,-0.063713,3.7696,3.3723,14,5
hex,49,0.3,500,12,0.178494,0.88689,0.708375,0.358764,0.235923,0.593915,0.178422,-0.056567,3.813,3.5792,15,8
hex,49,0.3,1000,12,0.182197,0.840005,0.717029,0.332914,0.239237,0.680235,0.162422,-0.02111,3.6986,3.4264,14,8
hex,50,0.3,500,12,0.228984,0.911293,0.743931,0.370138,0.249105,0.55619,0.158231,0.081682,3.8327,3.7031,8,10
hex,50,0.3,1000,12,0.146185,0.806124,0.6257,0.342138,0.217546,0.662323,0.176958,0.060587,3.6726,3.3596,14,4
random,1,0.3,500,12,0.24345,0.956965,0.752732,0.338514,0.332915,0.732941,0.174068,-0.033796,3.6696,3.6959,21,15
random,1,0.3,1000,12,0.114997,0.846444,0.624677,0.321348,0.329798,0.86006,0.175116,-0.026853,3.6498,3.5444,14,3
random,2,0.3,500,12,0.193003,0.876997,0.673677,0.324639,0.348519,0.717006,0.168155,0.042819,3.6504,3.8263,19,7
random,2,0.3,1000,12,0.172312,0.834853,0.670734,0.370133,0.327848,0.883868,0.168068,0.031819,3.7263,3.5276,17,6
random,3,0.3,500,12,0.203675,0.836303,0.723784,0.331289,0.316232,0.774751,0.17807,0.024468,3.7074,3.6589,17,8
random,3,0.3,1000,12,0.196959,0.834257,0.690823,0.330506,0.346174,0.780385,0.163959,-0.013826,3.6676,3.7306,14,5
random,4,0.3,500,12,0.21055,0.966629,0.74371,0.344158,0.344492,0.756053,0.157549,-0.041342,3.7318,3.7223,20,10
random,4,0.3,1000,12,0.148336,0.831397,0.638863,0.33213,0.321725,0.688694,0.169954,-0.068308,3.6799,3.6793,18,5
random,5,0.3,500,12,0.205749,0.835637,0.699336,0.348396,0.339559,0.8051,0.167935,-0.048283,3.6803,3.4823,20,6
random,5,0.3,1000,12,0.228263,0.863178,0.689308,0.325631,0.352943,0.870032,0.164099,-0.011723,3.6514,3.465,19,5
random,6,0.3,500,12,0.181996,0.907898,0.704418,0.355032,0.33382,0.728876,0.159046,0.050861,3.77,3.6238,14,6
random,6,0.3,1000,12,0.162402,0.873271,0.682471,0.33755,0.343447,0.673585,0.162282,0.017792,3.7096,3.7844,13,6
random,7,0.3,500,12,0.146085,0.792347,0.685163,0.326066,0.330323,0.785092,0.165126,-0.021237,3.6668,3.6175,16,7
random,7,0.3,1000,12,0.116669,0.876398,0.645114,0.33553,0.328797,0.786478,0.17391,-0.008098,3.7222,3.6336,19,5
random,8,0.3,500,12,0.142071,0.921257,0.670101,0.334837,0.336128,0.876592,0.167375,-0.049925,3.7317,3.4567,18,4
random,8,0.3,1000,12,0.231291,0.877125,0.753634,0.334859,0.345025,0.683185,0.174161,-0.073999,3.7179,3.8034,18,9
random,9,0.3,500,12,0.251734,0.863145,0.742781,0.341396,0.361514,0.714244,0.172955,-0.048905,3.691,3.794,14,12
random,9,0.3,1000,12,0.184775,0.901629,0.742431,0.356616,0.325203,0.744667,0.16221,0.058577,3.7669,3.6848,19,9
random,10,0.3,500,12,0.158816,0.86462,0.671838,0.33556,0.326963,0.743117,0.167887,-0.018341,3.7053,3.6428,16,6
random,10,0.3,1000,12,0.225178,0.855671,0.737509,0.318411,0.371201,0.857222,0.171996,-0.045888,3.603,3.4491,16,8
random,11,0.3,500,12,0.174053,0.836365,0.669956,0.315804,0.343788,0.767473,0.176177,0.001373,3.6313,3.7979,15,3
random,11,0.3,1000,12,0.281685,0.885044,0.7661,0.320546,0.369707,0.729311,0.174965,0.060634,3.6205,3.665,20,7
random,12,0.3,500,12,0.175625,0.936209,0.681156,0.343442,0.318662,0.931143,0.171052,-0.012061,3.6701,3.2979,15,6
random,12,0.3,1000,12,0.198149,0.755693,0.684094,0.317344,0.344822,0.658647,0.17223,-0.066202,3.582,3.7117,16,5
random,13,0.3,500,12,0.207446,0.857299,0.724427,0.363429,0.318421,0.730691,0.164731,0.032414,3.78,3.7123,15,10
random,13,0.3,1000,12,0.125568,0.806731,0.664256,0.3565,0.313638,0.667544,0.163192,-0.069182,3.7305,3.6851,16,5
random,14,0.3,500,12,0.203684,0.87006,0.712266,0.344585,0.341408,0.768397,0.156051,0.00814,3.7308,3.6587,26,6
random,14,0.3,1000,12,0.20606,0.788922,0.680523,0.328256,0.357254,0.740194,0.170398,0.003197,3.609,3.7843,22,5
random,15,0.3,500,12,0.181719,0.882632,0.657138,0.317671,0.325584,0.773575,0.169003,0.033768,3.5875,3.5511,14,4
random,15,0.3,1000,12,0.182804,0.784518,0.624957,0.314371,0.35258,0.712484,0.174816,0.001976,3.5553,3.6073,11,5
random,16,0.3,500,12,0.188549,0.748022,0.669864,0.321919,0.316229,0.681832,0.175788,0.001285,3.548,3.6618,14,3
random,16,0.3,1000,12,0.177379,0.833943,0.650544,0.327532,0.340795,0.804237,0.162572,-0.00309,3.6337,3.658,20,4
random,17,0.3,500,12,0.133856,0.825887,0.633241,0.328904,0.301798,0.730554,0.158144,0.026762,3.6518,3.6184,16,4
random,17,0.3,1000,12,0.190303,0.875332,0.711236,0.376918,0.344733,0.81918,0.168327,-0.050956,3.8053,3.5554,18,11
random,18,0.3,500,12,0.21682,0.915226,0.711995,0.343391,0.351478,0.862227,0.180393,-0.049446,3.7301,3.6341,19,8
random,18,0.3,1000,12,0.189979,0.835985,0.721599,0.338221,0.339015,0.700975,0.164207,-0.001768,3.6586,3.7452,14,7
random,19,0.3,500,12,0.207371,0.840591,0.663552,0.349636,0.337054,0.689294,0.176712,-0.018864,3.7036,3.895,17,4
random,19,0.3,1000,12,0.240116,0.962088,0.71561,0.328102,0.341226,0.68996,0.164018,-0.081048,3.6818,3.8745,18,8
random,20,0.3,500,12,0.196173,0.773519,0.712905,0.331821,0.336555,0.712933,0.171227,-0.102367,3.6625,3.7933,19,9
random,20,0.3,1000,12,0.126246,0.867148,0.684036,0.349579,0.329817,0.865762,0.160196,-0.007295,3.7476,3.5243,13,6
random,21,0.3,500,12,0.170356,0.79716,0.627573,0.328394,0.32954,0.815131,0.161174,-0.019464,3.6268,3.5532,21,4
random,21,0.3,1000,12,0.157145,0.739911,0.620335,0.312048,0.323366,0.721639,0.172143,0.022161,3.5871,3.6466,17,3
random,22,0.3,500,12,0.164798,0.76277,0.632312,0.35265,0.337722,0.761256,0.159459,0.037551,3.7385,3.6723,18,5
random,22,0.3,1000,12,0.194646,0.903316,0.653617,0.31593,0.333673,0.69406,0.168363,-0.014797,3.6221,3.7028,20,4
random,23,0.3,500,12,0.150374,0.801308,0.644714,0.355174,0.346174,0.715516,0.179058,-0.063072,3.7475,3.8173,21,3
random,23,0.3,1000,12,0.173414,0.81698,0.725051,0.347819,0.335038,0.651616,0.179841,0.023842,3.7694,3.7039,11,7
random,24,0.3,500,12,0.230319,0.862093,0.699021,0.289708,0.332939,0.66988,0.173527,-0.024402,3.5198,3.6634,19,7
random,24,0.3,1000,12,0.196295,0.83227,0.668463,0.340429,0.355705,0.800019,0.169171,0.029323,3.6909,3.6709,19,6
random,25,0.3,500,12,0.201423,0.836703,0.694476,0.357265,0.330426,0.885733,0.162953,0.03515,3.759,3.4494,12,5
random,25,0.3,1000,12,0.173016,0.87028,0.677831,0.344627,0.353354,0.834794,0.171727,-0.03324,3.7304,3.5979,18,6
random,26,0.3,500,12,0.140889,0.863688,0.596071,0.317975,0.33278,0.713434,0.166519,-0.046261,3.6166,3.6029,13,3
random,26,0.3,1000,12,0.18651,0.878327,0.664757,0.333158,0.356662,0.689611,0.173988,-0.098962,3.6616,3.7553,18,6
random,27,0.3,500,12,0.180952,0.842621,0.746251,0.336202,0.337254,0.725132,0.158686,-0.029367,3.6594,3.7337,19,9
random,27,0.3,1000,12,0.227307,0.929445,0.717466,0.338866,0.354103,0.704431,0.15529,0.053003,3.6867,3.6458,18,7
random,28,0.3,500,12,0.192596,0.825709,0.710339,0.331696,0.322265,0.655565,0.166542,-0.054872,3.6947,3.7988,20,8
random,28,0.3,1000,12,0.222761,0.871837,0.733987,0.361658,0.319771,0.737112,0.168705,0.017387,3.7597,3.5883,20,7
random,29,0.3,500,12,0.138493,0.818804,0.624311,0.337176,0.347691,0.811277,0.161493,-0.060543,3.7275,3.5379,14,3
random,29,0.3,1000,12,0.177885,0.883828,0.712118,0.337601,0.330577,0.759419,0.170227,-0.014507,3.6754,3.5434,16,8
random,30,0.3,500,12,0.19622,0.806855,0.712598,0.352456,0.336965,0.723952,0.177665,-0.02187,3.7542,3.7108,14,8
random,30,0.3,1000,12,0.182754,0.867104,0.69149,0.349715,0.342396,0.692326,0.165108,0.0292,3.6765,3.7808,18,5
random,31,0.3,500,12,0.192143,0.861087,0.706863,0.326248,0.352804,0.818533,0.170588,-0.055617,3.6824,3.625,20,7
random,31,0.3,1000,12,0.200979,0.910444,0.730467,0.326902,0.349471,0.808392,0.167162,0.001448,3.715,3.6346,16,9
random,32,0.3,500,12,0.147818,0.813039,0.618119,0.310927,0.314842,0.651948,0.164171,-0.028421,3.6006,3.7993,13,4
random,32,0.3,1000,12,0.154868,0.840149,0.604682,0.334362,0.326023,0.666652,0.159347,-0.004968,3.6857,3.7999,17,3
random,33,0.3,500,12,0.175711,0.90057,0.72101,0.346262,0.351167,0.715488,0.172498,0.039082,3.7414,3.8748,18,9
random,33,0.3,1000,12,0.161792,0.862504,0.761876,0.376243,0.325799,0.916108,0.166519,-0.024537,3.8607,3.5034,19,11
random,34,0.3,500,12,0.185557,0.820371,0.692841,0.321868,0.34697,0.754571,0.159523,0.005265,3.6769,3.6675,18,7
random,34,0.3,1000,12,0.206144,0.88404,0.735638,0.368255,0.343634,0.698184,0.16823,0.031429,3.8161,3.777,15,10
random,35,0.3,500,12,0.186327,0.850523,0.66249,0.337613,0.331864,0.751045,0.17361,-0.066269,3.7028,3.6495,18,5
random,35,0.3,1000,12,0.220281,0.88805,0.681688,0.329679,0.34082,0.75368,0.196234,-0.015034,3.6103,3.6879,15,4
random,36,0.3,500,12,0.153065,0.872428,0.693022,0.338564,0.313924,0.876892,0.166359,-0.015897,3.6333,3.3331,13,4
random,36,0.3,1000,12,0.217388,0.796891,0.703887,0.311601,0.364556,0.717411,0.167438,-0.114701,3.5628,3.8978,21,8
random,37,0.3,500,12,0.18771,0.858999,0.716923,0.35467,0.344909,0.695075,0.163849,-0.038791,3.7156,3.6963,20,8
random,37,0.3,1000,12,0.163429,0.866562,0.660848,0.347336,0.358466,0.839335,0.157741,0.004636,3.7363,3.5159,17,3
random,38,0.3,500,12,0.15798,0.81692,0.668542,0.332841,0.354432,0.716511,0.1634,0.037607,3.7125,3.7211,12,5
random,38,0.3,1000,12,0.12933,0.812878,0.645557,0.351735,0.311645,0.658383,0.160095,-0.05227,3.7694,3.6976,10,6
random,39,0.3,500,12,0.118186,0.790476,0.665129,0.338266,0.303191,0.716974,0.167805,0.004958,3.6869,3.5828,16,5
random,39,0.3,1000,12,0.200345,0.801706,0.712161,0.335325,0.299043,0.707003,0.172915,-0.010475,3.6823,3.5784,14,9
random,40,0.3,500,12,0.193271,0.891439,0.654942,0.31806,0.366358,0.82715,0.167811,-0.002484,3.6139,3.5219,16,4
random,40,0.3,1000,12,0.15346,0.903272,0.599318,0.310836,0.315411,0.685744,0.173904,-0.021247,3.578,3.8079,11,1
random,41,0.3,500,12,0.235476,0.835501,0.742084,0.354046,0.35381,0.727723,0.167627,-0.006312,3.7208,3.7571,18,8
random,41,0.3,1000,12,0.104931,0.949523,0.664577,0.346106,0.331609,0.749231,0.171624,0.010279,3.759,3.6364,15,6
random,42,0.3,500,12,0.192495,0.914735,0.778485,0.361115,0.320215,0.692443,0.167433,-0.011081,3.8218,3.7872,15,9
random,42,0.3,1000,12,0.233903,0.924122,0.676257,0.310422,0.341819,0.69874,0.17122,-0.046566,3.5557,3.7897,23,4
random,43,0.3,500,12,0.177666,0.871825,0.695712,0.330134,0.328707,0.797255,0.168355,-0.068892,3.7035,3.5628,18,7
random,43,0.3,1000,12,0.175834,0.888269,0.668187,0.306619,0.321726,0.696309,0.16821,0.037483,3.6087,3.6731,13,6
random,44,0.3,500,12,0.186549,0.898001,0.733155,0.34278,0.337163,0.811428,0.165937,-0.017625,3.7164,3.6497,19,10
random,44,0.3,1000,12,0.205665,0.803855,0.685881,0.362526,0.322627,0.803332,0.179363,-0.019416,3.7172,3.5246,18,6
random,45,0.3,500,12,0.204459,0.819239,0.642088,0.288128,0.339079,0.701603,0.163432,0.040378,3.4396,3.7647,16,3
random,45,0.3,1000,12,0.229405,0.880713,0.671511,0.330041,0.366351,0.807267,0.159779,-0.046323,3.6522,3.539,19,6
random,46,0.3,500,12,0.139913,0.726838,0.619577,0.328422,0.346376,0.693081,0.184792,-0.003587,3.6347,3.7613,14,3
random,46,0.3,1000,12,0.202806,0.906808,0.667138,0.329897,0.346547,0.798289,0.164657,0.009415,3.6401,3.5761,12,5
random,47,0.3,500,12,0.141081,0.771336,0.655254,0.338887,0.328134,0.705549,0.167363,-0.039212,3.6712,3.7159,16,4
random,47,0.3,1000,12,0.2124,0.867016,0.705814,0.347302,0.337666,0.714957,0.174388,-0.077882,3.6874,3.6563,17,8
random,48,0.3,500,12,0.178117,0.924216,0.669299,0.355351,0.331331,0.761405,0.186596,0.063432,3.7582,3.7111,20,6
random,48,0.3,1000,12,0.193597,0.86482,0.680665,0.328946,0.332031,0.732313,0.163979,0.006588,3.6635,3.6053,20,7
random,49,0.3,500,12,0.20254,0.865929,0.657328,0.31235,0.321336,0.672277,0.168595,0.013586,3.6092,3.6939,20,5
random,49,0.3,1000,12,0.118182,0.736423,0.554869,0.302269,0.327289,0.839686,0.167208,0.029368,3.5719,3.4039,11,1
random,50,0.3,500,12,0.161476,0.81105,0.71649,0.334077,0.336192,0.770906,0.166268,-0.051097,3.7371,3.641,16,6
random,50,0.3,1000,12,0.131042,0.796948,0.689681,0.354927,0.301988,0.733938,0.164991,-0.075662,3.7467,3.604,18,6
small_world,1,0.3,500,12,0.217205,0.906205,0.72588,0.339824,0.27243,0.822122,0.210075,-0.063133,3.6959,3.4526,18,9
small_world,1,0.3,1000,12,0.141447,0.884775,0.710663,0.356203,0.245192,0.733925,0.202285,0.131354,3.7762,3.5824,18,7
small_world,2,0.3,500,12,0.185785,0.834708,0.709687,0.336118,0.266449,0.64453,0.203618,-0.057535,3.6995,3.7725,20,9
small_world,2,0.3,1000,12,0.174734,0.896711,0.693718,0.356298,0.247285,0.60648,0.211261,-0.029609,3.7786,3.7273,17,6
small_world,3,0.3,500,12,0.253645,0.89129,0.724357,0.301844,0.254038,0.601144,0.229432,-0.039113,3.5494,3.7117,17,10
small_world,3,0.3,1000,12,0.196644,0.936239,0.736067,0.358965,0.245259,0.6011,0.211891,-0.046513,3.8073,3.717,18,9
small_world,4,0.3,500,12,0.210623,0.808018,0.719402,0.338772,0.249716,0.599563,0.205499,0.057816,3.6618,3.7573,13,7
small_world,4,0.3,1000,12,0.167317,0.719404,0.614323,0.327676,0.248132,0.595026,0.208545,-0.040999,3.5954,3.6691,21,1
small_world,5,0.3,500,12,0.267689,0.857713,0.732095,0.312192,0.25864,0.590714,0.211452,-0.015633,3.552,3.7873,19,9
small_world,5,0.3,1000,12,0.1431,0.848123,0.703619,0.368317,0.233689,0.646599,0.21884,-0.050623,3.8259,3.4695,19,8
small_world,6,0.3,500,12,0.144924,0.870956,0.688177,0.344952,0.260792,0.665011,0.207221,0.016274,3.7306,3.5371,15,5
small_world,6,0.3,1000,12,0.23197,0.872686,0.738766,0.338152,0.264415,0.691188,0.206838,0.002326,3.6816,3.5591,21,12
small_world,7,0.3,500,12,0.211924,0.909503,0.663004,0.313643,0.264226,0.660744,0.206748,0.016313,3.614,3.76,12,5
small_world,7,0.3,1000,12,0.157276,0.813723,0.634174,0.297417,0.249228,0.610958,0.21029,0.053956,3.5539,3.5989,15,5
small_world,8,0.3,500,12,0.171094,0.862553,0.676335,0.343198,0.244794,0.682685,0.216787,0.003101,3.7217,3.5697,18,5
small_world,8,0.3,1000,12,0.244319,0.942039,0.755509,0.357192,0.286687,0.71163,0.207594,0.100408,3.766,3.5282,21,13
small_world,9,0.3,500,12,0.191344,0.874068,0.710207,0.357506,0.248296,0.569174,0.209387,-0.027912,3.7916,3.7601,19,7
small_world,9,0.3,1000,12,0.184995,0.857379,0.605353,0.313734,0.259353,0.668359,0.20678,-0.027564,3.5755,3.7225,18,4
small_world,10,0.3,500,12,0.184852,0.903905,0.724622,0.342435,0.273597,0.656787,0.21732,-0.01548,3.7468,3.7911,17,10
small_world,10,0.3,1000,12,0.128995,0.75107,0.6174,0.3495,0.271911,0.666707,0.218253,-0.013254,3.6475,3.7359,13,3
small_world,11,0.3,500,12,0.165705,0.885998,0.685517,0.327505,0.275815,0.631234,0.20222,0.084789,3.6369,3.6899,14,6
small_world,11,0.3,1000,12,0.203997,0.847799,0.706466,0.323534,0.269733,0.682401,0.220474,-0.011964,3.665,3.8024,16,8
small_world,12,0.3,500,12,0.225586,0.95008,0.715753,0.331825,0.25406,0.673386,0.219797,-0.083383,3.6906,3.6883,22,9
small_world,12,0.3,1000,12,0.208628,0.871749,0.659756,0.325638,0.280614,0.635268,0.215025,0.07414,3.6482,3.7049,16,6
small_world,13,0.3,500,12,0.169295,0.841901,0.66274,0.323107,0.261419,0.678201,0.218929,0.063638,3.6922,3.603,16,6
small_world,13,0.3,1000,12,0.205516,0.881617,0.74489,0.346572,0.251509,0.552604,0.203254,-0.000217,3.6548,3.8962,20,7
small_world,14,0.3,500,12,0.234895,0.944566,0.740422,0.328945,0.266911,0.698737,0.208297,-0.020587,3.7022,3.7357,19,11
small_world,14,0.3,1000,12,0.187912,0.82154,0.715198,0.336129,0.259379,0.773024,0.204727,-0.040556,3.6663,3.5623,19,7
small_world,15,0.3,500,12,0.216465,0.814077,0.697125,0.341551,0.240438,0.600741,0.198966,0.104074,3.6397,3.6801,17,5
small_world,15,0.3,1000,12,0.215242,0.799473,0.699703,0.340719,0.259529,0.750257,0.220977,-0.030519,3.629,3.4657,20,5
small_world,16,0.3,500,12,0.1968,0.919713,0.738185,0.349482,0.269049,0.807643,0.213892,0.013017,3.7318,3.492,16,10
small_world,16,0.3,1000,12,0.160148,0.899875,0.721714,0.372617,0.27771,0.628777,0.211837,0.077652,3.7783,3.8179,16,6
small_world,17,0.3,500,12,0.128809,0.904785,0.636652,0.329431,0.239907,0.512731,0.204559,0.004017,3.6819,3.8899,19,4
small_world,17,0.3,1000,12,0.214417,0.883111,0.731107,0.350031,0.282816,0.717237,0.190865,0.133472,3.7299,3.771,17,9
small_world,18,0.3,500,12,0.169616,0.878392,0.717442,0.358903,0.265615,0.739719,0.196643,-0.139547,3.8002,3.5816,18,8
small_world,18,0.3,1000,12,0.162171,0.870298,0.639003,0.318394,0.295084,0.719929,0.213587,0.008222,3.621,3.8187,16,2
small_world,19,0.3,500,12,0.163443,0.87645,0.650785,0.301742,0.277013,0.623738,0.216428,-0.045324,3.5034,3.8489,16,5
small_world,19,0.3,1000,12,0.18898,0.941566,0.686605,0.355277,0.242842,0.601925,0.210299,0.067931,3.772,3.7597,18,7
small_world,20,0.3,500,12,0.182848,0.903021,0.710882,0.341872,0.243764,0.679335,0.214648,-0.066087,3.7685,3.5002,18,7
small_world,20,0.3,1000,12,0.186932,0.800212,0.663587,0.325868,0.247184,0.722477,0.207815,0.039454,3.6524,3.5783,15,5
small_world,21,0.3,500,12,0.177201,0.893112,0.695457,0.328843,0.258396,0.82801,0.226447,-0.078595,3.6726,3.4286,16,7
small_world,21,0.3,1000,12,0.192616,0.854,0.685256,0.33155,0.260308,0.878873,0.221391,-0.005837,3.6186,3.2814,16,6
small_world,22,0.3,500,12,0.216396,0.918934,0.736891,0.345973,0.254395,0.568973,0.216287,-0.033174,3.7266,3.7118,23,9
small_world,22,0.3,1000,12,0.109527,0.835066,0.684712,0.354977,0.247387,0.577103,0.207079,0.010648,3.752,3.814,17,5
small_world,23,0.3,500,12,0.2122,0.784409,0.724306,0.309122,0.267376,0.747758,0.219716,-0.003367,3.5445,3.5969,14,10
small_world,23,0.3,1000,12,0.130454,0.81838,0.612405,0.328044,0.245445,0.576138,0.199875,0.111487,3.6953,3.8227,18,4
small_world,24,0.3,500,12,0.242182,0.952487,0.713332,0.329767,0.26101,0.676386,0.202902,-0.007844,3.6465,3.6164,17,9
small_world,24,0.3,1000,12,0.207896,0.965365,0.722247,0.348884,0.266641,0.770183,0.206251,-0.052849,3.7305,3.5799,18,10
small_world,25,0.3,500,12,0.218488,0.8754,0.677388,0.302681,0.283882,0.724324,0.204318,0.00926,3.572,3.6579,19,4
small_world,25,0.3,1000,12,0.183161,0.923797,0.722227,0.368417,0.2687,0.672312,0.210753,-0.048093,3.8491,3.5571,20,7
small_world,26,0.3,500,12,0.17987,0.832719,0.678941,0.340247,0.275978,0.67856,0.228042,0.002258,3.7262,3.6402,21,6
small_world,26,0.3,1000,12,0.149538,0.846329,0.681711,0.35093,0.243839,0.647703,0.212494,0.134522,3.7361,3.5218,15,6
small_world,27,0.3,500,12,0.209448,0.859827,0.70022,0.351181,0.272444,0.58038,0.202795,-0.021449,3.7526,3.9058,18,7
small_world,27,0.3,1000,12,0.282112,0.922896,0.705506,0.296846,0.266795,0.844058,0.214557,0.013029,3.5208,3.261,17,7
small_world,28,0.3,500,12,0.206933,0.887796,0.756531,0.338565,0.254034,0.704464,0.20617,-0.022251,3.7007,3.6098,22,10
small_world,28,0.3,1000,12,0.219025,0.755964,0.678525,0.334483,0.271812,0.709034,0.219651,-0.070037,3.6407,3.5445,23,6
small_world,29,0.3,500,12,0.217601,0.858015,0.725974,0.338297,0.252965,0.805319,0.216659,-0.133819,3.6741,3.4241,21,7
small_world,29,0.3,1000,12,0.147931,0.778406,0.607792,0.33628,0.242028,0.664246,0.20818,0.032647,3.6755,3.5697,18,3
small_world,30,0.3,500,12,0.232951,0.888408,0.723322,0.330236,0.255506,0.648839,0.214291,0.056464,3.6617,3.7734,16,8
small_world,30,0.3,1000,12,0.178077,0.851923,0.680747,0.332632,0.260747,0.633508,0.205889,-0.091872,3.6427,3.8011,17,6
small_world,31,0.3,500,12,0.227776,0.884052,0.684796,0.300476,0.256841,0.778084,0.215957,0.070625,3.5521,3.5312,17,7
small_world,31,0.3,1000,12,0.229951,0.779233,0.706467,0.33628,0.267104,0.869474,0.221327,-0.010335,3.6526,3.4706,22,9
small_world,32,0.3,500,12,0.119179,0.848962,0.692807,0.343212,0.242223,0.563134,0.209721,0.015292,3.6839,3.7583,13,6
small_world,32,0.3,1000,12,0.229739,0.877233,0.670317,0.310934,0.274593,0.654693,0.205203,-0.070676,3.5851,3.7617,19,5
small_world,33,0.3,500,12,0.157244,0.826687,0.643821,0.338015,0.25864,0.622685,0.204004,-0.01933,3.648,3.7737,19,3
small_world,33,0.3,1000,12,0.139336,0.835798,0.702816,0.342058,0.245494,0.547236,0.209939,0.086133,3.7463,3.8515,12,6
small_world,34,0.3,500,12,0.144208,0.898437,0.726548,0.372217,0.273099,0.651179,0.210932,0.030114,3.8259,3.6884,20,8
small_world,34,0.3,1000,12,0.193183,0.91913,0.656873,0.335644,0.256958,0.65971,0.219787,-0.006734,3.6965,3.432,19,5
small_world,35,0.3,500,12,0.167534,0.820084,0.631257,0.348178,0.247589,0.70579,0.215804,-0.121116,3.6823,3.4336,17,3
small_world,35,0.3,1000,12,0.221677,0.933045,0.744535,0.352538,0.268869,0.650045,0.225298,0.009333,3.7561,3.6925,16,9
small_world,36,0.3,500,12,0.189945,0.914306,0.726214,0.337278,0.252367,0.682394,0.221961,0.131829,3.702,3.5194,14,8
small_world,36,0.3,1000,12,0.209382,0.869699,0.73315,0.343861,0.268013,0.666027,0.210156,-0.002488,3.6908,3.7354,15,8
small_world,37,0.3,500,12,0.177089,0.824388,0.69782,0.343311,0.250161,0.645118,0.223939,-0.016818,3.6461,3.7156,19,7
small_world,37,0.3,1000,12,0.190193,0.836921,0.67457,0.293219,0.265419,0.68845,0.210828,-0.048549,3.5266,3.7169,19,3
small_world,38,0.3,500,12,0.159259,0.893309,0.640899,0.338332,0.264038,0.702514,0.212244,-0.084937,3.7151,3.5623,11,5
small_world,38,0.3,1000,12,0.177022,0.877343,0.738752,0.36261,0.251442,0.793755,0.190716,0.068288,3.7772,3.2931,10,7
small_world,39,0.3,500,12,0.147844,0.875642,0.675574,0.336671,0.260327,0.611386,0.203842,0.041371,3.7289,3.8444,13,4
small_world,39,0.3,1000,12,0.205638,0.891143,0.72533,0.35825,0.254968,0.696683,0.216112,-0.029993,3.7555,3.6179,17,12
small_world,40,0.3,500,12,0.16174,0.943401,0.675506,0.337021,0.246925,0.582016,0.203935,-0.038683,3.6914,3.6627,13,6
small_world,40,0.3,1000,12,0.139738,0.86759,0.640907,0.34147,0.250957,0.709371,0.199605,-0.061118,3.6644,3.6114,20,3
small_world,41,0.3,500,12,0.121193,0.763397,0.649893,0.35768,0.233794,0.654844,0.218957,0.041179,3.7374,3.5223,16,4
small_world,41,0.3,1000,12,0.165818,0.819761,0.652576,0.318967,0.235645,0.697331,0.217321,-0.020544,3.6054,3.3742,12,4
small_world,42,0.3,500,12,0.164135,0.916439,0.640994,0.342055,0.235286,0.7626,0.216817,0.003033,3.7104,3.3112,16,5
small_world,42,0.3,1000,12,0.185727,0.91543,0.696759,0.362294,0.287936,0.726938,0.217511,-0.069047,3.7865,3.6421,17,6
small_world,43,0.3,500,12,0.171466,0.828125,0.728188,0.35329,0.233084,0.728976,0.228101,-0.046926,3.7278,3.3406,15,12
small_world,43,0.3,1000,12,0.170584,0.929297,0.676341,0.333358,0.272079,0.799094,0.202099,-0.036479,3.6986,3.4686,17,5
small_world,44,0.3,500,12,0.20757,0.916935,0.710962,0.370692,0.275075,0.702143,0.203369,0.043996,3.7818,3.6741,17,10
small_world,44,0.3,1000,12,0.15374,0.830108,0.712775,0.353603,0.273148,0.63387,0.211174,-0.094009,3.7555,3.7664,19,9
small_world,45,0.3,500,12,0.145484,0.82226,0.617511,0.307294,0.257463,0.731076,0.211045,-0.060651,3.5685,3.4707,13,3
small_world,45,0.3,1000,12,0.232222,0.928739,0.70979,0.328011,0.25991,0.779322,0.215861,-0.027783,3.6768,3.4931,19,8
small_world,46,0.3,500,12,0.194959,0.907278,0.648617,0.331605,0.242053,0.64061,0.222379,0.004721,3.692,3.549,21,6
small_world,46,0.3,1000,12,0.214335,0.824512,0.660487,0.334143,0.259751,0.609139,0.218474,-0.098832,3.5889,3.819,22,5
small_world,47,0.3,500,12,0.213719,0.893743,0.745587,0.353037,0.264355,0.647316,0.19973,-0.02429,3.7476,3.7605,21,13
small_world,47,0.3,1000,12,0.175025,0.933761,0.70219,0.361975,0.27012,0.621789,0.205473,-0.14232,3.8151,3.6007,22,7
small_world,48,0.3,500,12,0.194227,0.878985,0.737935,0.35608,0.246325,0.58416,0.224254,-0.05369,3.7143,3.8141,22,15
small_world,48,0.3,1000,12,0.196159,0.874078,0.713541,0.369604,0.262045,0.739538,0.204984,-0.138833,3.7555,3.54,30,8
small_world,49,0.3,500,12,0.173399,0.884019,0.664334,0.326119,0.23247,0.639251,0.216142,-0.054362,3.649,3.7318,18,5
small_world,49,0.3,1000,12,0.103195,0.824663,0.528321,0.305423,0.245397,0.696408,0.21666,-0.018299,3.568,3.5451,11,2
small_world,50,0.3,500,12,0.250438,0.894612,0.690699,0.317136,0.295365,0.686585,0.207966,-0.044475,3.5848,3.6632,19,6
small_world,50,0.3,1000,12,0.159229,0.80475,0.691797,0.346249,0.245303,0.650738,0.212005,0.071316,3.6806,3.5939,13,6
