topology,seed,noise,tick,size,mean_self,max_self,p95_self,std_self,mean_phi,max_phi,mean_err,morans_i,entropy,phi_entropy,clusters_05,clusters_07
von_neumann,1,0.04,500,24,0.196928,0.913149,0.705199,0.331233,0.304519,0.83319,0.043394,0.020902,3.7535,3.4313,63,29
von_neumann,1,0.04,1000,24,0.176713,0.905679,0.695316,0.326534,0.30416,0.761403,0.044055,0.050043,3.7044,3.5987,69,24
von_neumann,2,0.04,500,24,0.149373,0.891194,0.653114,0.334251,0.297876,0.746211,0.043174,-0.009269,3.7316,3.5901,62,19
von_neumann,2,0.04,1000,24,0.206123,0.938495,0.704059,0.343652,0.310289,0.769297,0.043743,-0.000598,3.7579,3.6059,63,26
von_neumann,3,0.04,500,24,0.204203,0.950327,0.716306,0.337123,0.306571,0.81648,0.043545,-0.012078,3.7384,3.5305,67,33
von_neumann,3,0.04,1000,24,0.176947,0.898331,0.706918,0.335731,0.292166,0.755834,0.044566,-0.037441,3.7484,3.5725,76,29
von_neumann,4,0.04,500,24,0.200572,0.938276,0.729741,0.342759,0.305035,0.761776,0.043796,-0.015561,3.7853,3.617,73,34
von_neumann,4,0.04,1000,24,0.192057,0.981971,0.709871,0.342193,0.296543,0.707323,0.043257,-0.053615,3.7824,3.7206,73,31
von_neumann,5,0.04,500,24,0.164126,0.956461,0.678596,0.328107,0.310159,0.73226,0.043128,0.05533,3.7337,3.7161,61,22
von_neumann,5,0.04,1000,24,0.172389,0.917707,0.697209,0.350751,0.301099,0.741732,0.042704,-0.009085,3.822,3.6788,76,26
von_neumann,6,0.04,500,24,0.187321,0.901615,0.732046,0.348005,0.307739,0.775917,0.042669,-0.021368,3.7912,3.588,69,33
von_neumann,6,0.04,1000,24,0.196078,0.905907,0.692596,0.326014,0.300751,0.738784,0.04271,0.060131,3.711,3.6438,73,23
von_neumann,7,0.04,500,24,0.189034,0.924344,0.71337,0.341176,0.304406,0.774133,0.043183,-0.043441,3.78,3.6262,72,29
von_neumann,7,0.04,1000,24,0.165213,0.944185,0.699347,0.333935,0.294511,0.792259,0.043562,0.042155,3.7672,3.4888,56,26
von_neumann,8,0.04,500,24,0.195864,0.899106,0.680991,0.333571,0.303094,0.704806,0.043512,0.018138,3.7119,3.7245,66,22
von_neumann,8,0.04,1000,24,0.176202,0.841643,0.665234,0.335741,0.294323,0.740422,0.042903,0.028445,3.7388,3.5931,61,18
von_neumann,9,0.04,500,24,0.210804,0.899822,0.695549,0.3319,0.302606,0.755776,0.045112,-0.011614,3.6949,3.6065,69,25
von_neumann,9,0.04,1000,24,0.195208,0.862266,0.707927,0.344128,0.299664,0.713938,0.043481,-0.028569,3.7534,3.774,80,27
von_neumann,10,0.04,500,24,0.186477,0.914163,0.681283,0.330895,0.299022,0.718773,0.04384,-0.023549,3.7337,3.7383,68,25
von_neumann,10,0.04,1000,24,0.203026,0.896348,0.688708,0.338099,0.309835,0.793919,0.043414,-0.03003,3.7165,3.6553,74,23
von_neumann,11,0.04,500,24,0.190959,0.887925,0.685147,0.327335,0.307825,0.789443,0.043494,-0.030107,3.6656,3.5952,74,20
von_neumann,11,0.04,1000,24,0.201424,0.924655,0.719664,0.346167,0.307043,0.779408,0.044081,0.000381,3.7871,3.6445,76,34
von_neumann,12,0.04,500,24,0.1985,0.94704,0.714256,0.325767,0.300843,0.770034,0.042945,-0.027921,3.7167,3.5805,69,29
von_neumann,12,0.04,1000,24,0.182072,0.923569,0.721855,0.346731,0.29755,0.805018,0.043672,-0.030482,3.8066,3.5639,70,31
von_neumann,13,0.04,500,24,0.215525,0.883525,0.749627,0.343751,0.306717,0.771911,0.044002,-0.018228,3.7591,3.6459,70,38
von_neumann,13,0.04,1000,24,0.201702,0.879415,0.706188,0.322638,0.303947,0.780116,0.043938,-0.059177,3.7005,3.5864,77,29
von_neumann,14,0.04,500,24,0.167716,0.922468,0.697324,0.361728,0.301239,0.80171,0.041395,-0.006636,3.8163,3.5512,68,26
von_neumann,14,0.04,1000,24,0.198698,0.934168,0.681998,0.322402,0.310208,0.904258,0.042703,-0.016852,3.6917,3.4428,68,21
von_neumann,15,0.04,500,24,0.203079,0.896488,0.687934,0.323183,0.292923,0.798173,0.044694,-0.047862,3.6827,3.5255,69,25
von_neumann,15,0.04,1000,24,0.174009,0.932579,0.648604,0.325224,0.304223,0.814368,0.042702,-0.001297,3.7057,3.5637,65,16
von_neumann,16,0.04,500,24,0.19443,0.903956,0.7049,0.340973,0.316214,0.78283,0.042854,0.045593,3.7643,3.6146,66,28
von_neumann,16,0.04,1000,24,0.192804,0.890702,0.693006,0.316075,0.306569,0.874395,0.043608,-0.002156,3.6517,3.5003,62,24
von_neumann,17,0.04,500,24,0.188693,0.942042,0.748804,0.34877,0.306881,0.710358,0.044178,-0.03499,3.8094,3.7186,76,38
von_neumann,17,0.04,1000,24,0.170361,0.913706,0.691098,0.347079,0.298735,0.771276,0.04383,0.027159,3.7972,3.5469,64,24
von_neumann,18,0.04,500,24,0.178216,0.940424,0.707677,0.35875,0.298576,0.843625,0.042767,0.01024,3.8263,3.3788,77,26
von_neumann,18,0.04,1000,24,0.186711,0.901301,0.734235,0.335621,0.311258,0.833538,0.042415,0.053945,3.7533,3.5498,61,31
von_neumann,19,0.04,500,24,0.184297,0.914748,0.700497,0.337158,0.298802,0.793569,0.043711,0.040156,3.765,3.5623,70,28
von_neumann,19,0.04,1000,24,0.208974,0.915838,0.714196,0.323496,0.312716,0.795951,0.043187,-0.070297,3.6895,3.5509,82,31
von_neumann,20,0.04,500,24,0.171959,0.903833,0.714192,0.338514,0.302364,0.920307,0.04404,0.048238,3.7699,3.3341,68,28
von_neumann,20,0.04,1000,24,0.185691,0.933531,0.67914,0.326728,0.304742,0.77739,0.042887,0.025407,3.7202,3.6465,56,21
von_neumann,21,0.04,500,24,0.211148,0.932001,0.731657,0.344449,0.307779,0.79629,0.043581,-0.040704,3.7822,3.6033,82,34
von_neumann,21,0.04,1000,24,0.168166,0.835551,0.673671,0.322309,0.29577,0.767464,0.044017,-0.002804,3.6904,3.5402,70,20
von_neumann,22,0.04,500,24,0.183313,0.853903,0.677994,0.341403,0.315341,0.758919,0.043499,-0.036141,3.7538,3.5771,72,21
von_neumann,22,0.04,1000,24,0.194632,0.887332,0.711417,0.333963,0.307065,0.733525,0.04477,0.03487,3.7393,3.6643,63,28
von_neumann,23,0.04,500,24,0.159529,0.900234,0.703849,0.352888,0.299702,0.882278,0.043711,0.029989,3.8139,3.4407,70,29
von_neumann,23,0.04,1000,24,0.183237,0.897525,0.688382,0.343048,0.309116,0.752434,0.042332,-0.058939,3.7665,3.7146,80,27
von_neumann,24,0.04,500,24,0.171831,0.855938,0.665107,0.332064,0.305446,0.751467,0.042052,0.025663,3.7248,3.6445,67,19
von_neumann,24,0.04,1000,24,0.215483,0.856202,0.710304,0.341337,0.318356,0.885609,0.044516,-0.024703,3.7537,3.4244,81,33
von_neumann,25,0.04,500,24,0.198743,0.913451,0.69557,0.342491,0.312348,0.909914,0.043146,0.056116,3.7594,3.4148,65,23
von_neumann,25,0.04,1000,24,0.161168,0.943537,0.68319,0.351263,0.304466,0.7043,0.043517,-0.052093,3.8108,3.6928,72,25
von_neumann,26,0.04,500,24,0.155349,0.8963,0.679741,0.336325,0.294584,0.863806,0.041943,-0.048315,3.7701,3.3499,74,24
von_neumann,26,0.04,1000,24,0.169658,0.938528,0.688374,0.33422,0.291957,0.758211,0.043462,-0.014153,3.7472,3.5817,72,26
von_neumann,27,0.04,500,24,0.191387,0.944682,0.7286,0.356851,0.309182,0.757191,0.043759,-0.028064,3.8305,3.6559,66,34
von_neumann,27,0.04,1000,24,0.186961,0.930366,0.713012,0.354822,0.300714,0.787886,0.043064,-0.022997,3.8172,3.6198,75,28
von_neumann,28,0.04,500,24,0.159911,0.872786,0.69782,0.360681,0.298358,0.64928,0.043689,-0.029719,3.8265,3.7422,77,27
von_neumann,28,0.04,1000,24,0.180367,0.941423,0.715235,0.350604,0.308406,0.797556,0.042787,0.017319,3.8049,3.5838,62,27
von_neumann,29,0.04,500,24,0.185512,0.98686,0.710237,0.343941,0.310831,0.746817,0.044085,0.003553,3.7958,3.6524,72,32
von_neumann,29,0.04,1000,24,0.180704,0.905831,0.705152,0.331495,0.296929,0.812787,0.043627,0.017295,3.7587,3.4783,73,25
von_neumann,30,0.04,500,24,0.182953,0.910398,0.711878,0.331907,0.302389,0.701827,0.044777,0.021101,3.7475,3.7424,63,30
von_neumann,30,0.04,1000,24,0.215254,0.865452,0.719663,0.333067,0.305579,0.794535,0.044117,0.029175,3.7153,3.5037,64,28
von_neumann,31,0.04,500,24,0.186228,0.892034,0.700077,0.322823,0.309089,0.779578,0.043082,0.0248,3.6839,3.6458,65,27
von_neumann,31,0.04,1000,24,0.175827,0.92927,0.680416,0.340388,0.299383,0.756025,0.044587,-0.005843,3.772,3.5821,74,25
von_neumann,32,0.04,500,24,0.194923,0.916953,0.697425,0.336346,0.31042,0.806027,0.042341,-0.00719,3.7562,3.5481,68,26
von_neumann,32,0.04,1000,24,0.185802,0.898411,0.719687,0.336396,0.304915,0.640204,0.042653,-0.059667,3.743,3.7727,76,34
von_neumann,33,0.04,500,24,0.189742,0.883851,0.72993,0.347912,0.310082,0.831647,0.043795,0.017257,3.7928,3.5725,70,36
von_neumann,33,0.04,1000,24,0.196233,0.883454,0.704509,0.336827,0.306302,0.796574,0.043719,-0.00819,3.7331,3.6089,70,27
von_neumann,34,0.04,500,24,0.178634,0.91025,0.692156,0.351826,0.309137,0.780988,0.042724,-0.02774,3.8056,3.5645,69,22
von_neumann,34,0.04,1000,24,0.208133,0.9397,0.709731,0.343242,0.307767,0.775511,0.0428,0.00164,3.7735,3.5485,74,29
von_neumann,35,0.04,500,24,0.184453,0.917265,0.70413,0.338461,0.30919,0.806779,0.043119,-0.006065,3.7457,3.5806,72,25
von_neumann,35,0.04,1000,24,0.172381,0.899466,0.657687,0.34513,0.304382,0.928923,0.043342,0.020391,3.767,3.3393,69,18
von_neumann,36,0.04,500,24,0.201363,0.900583,0.69672,0.33175,0.314852,0.865029,0.043587,-0.022395,3.7328,3.5159,76,25
von_neumann,36,0.04,1000,24,0.177439,0.92565,0.694937,0.348145,0.309223,0.825028,0.044133,0.0182,3.8003,3.5295,68,26
von_neumann,37,0.04,500,24,0.198522,0.928023,0.706105,0.322473,0.30235,0.789613,0.04252,0.021593,3.7042,3.6345,72,30
von_neumann,37,0.04,1000,24,0.155992,0.87413,0.661773,0.339197,0.306652,0.814823,0.042322,-0.025611,3.7498,3.5863,74,22
von_neumann,38,0.04,500,24,0.175946,0.942522,0.694972,0.346207,0.297369,0.799692,0.04356,0.013019,3.7951,3.5589,69,24
von_neumann,38,0.04,1000,24,0.178702,0.938149,0.706642,0.333768,0.304061,0.801949,0.044247,-0.000935,3.7622,3.5435,66,28
von_neumann,39,0.04,500,24,0.167663,0.846668,0.681124,0.344174,0.315837,0.793429,0.041408,-0.014787,3.7763,3.6003,65,23
von_neumann,39,0.04,1000,24,0.191076,0.876716,0.668252,0.33399,0.296289,0.775935,0.045561,-0.002891,3.7284,3.5706,78,21
von_neumann,40,0.04,500,24,0.182821,0.988045,0.696754,0.354746,0.300128,0.77812,0.043283,-0.019946,3.8085,3.5553,78,28
von_neumann,40,0.04,1000,24,0.155947,0.893515,0.674224,0.347247,0.306204,0.867376,0.043092,-0.003523,3.79,3.4496,70,22
von_neumann,41,0.04,500,24,0.199777,0.853935,0.711572,0.339206,0.298342,0.752587,0.043676,-0.076009,3.7437,3.6532,73,29
von_neumann,41,0.04,1000,24,0.181994,0.943102,0.724251,0.355748,0.309255,0.758093,0.042662,0.022584,3.8262,3.6727,61,31
von_neumann,42,0.04,500,24,0.193178,0.894409,0.69961,0.331543,0.315979,0.774514,0.043452,-0.020728,3.742,3.6325,64,28
von_neumann,42,0.04,1000,24,0.172201,0.903422,0.706651,0.347354,0.302182,0.738031,0.043274,0.015165,3.8006,3.6149,71,27
von_neumann,43,0.04,500,24,0.20352,0.877977,0.719992,0.333655,0.301689,0.755423,0.044103,0.054669,3.732,3.6495,65,26
von_neumann,43,0.04,1000,24,0.166264,0.89937,0.693105,0.344596,0.309509,0.845446,0.042356,0.021158,3.7804,3.5105,68,24
von_neumann,44,0.04,500,24,0.186262,0.927499,0.698897,0.347364,0.307392,0.773439,0.042894,0.00761,3.7897,3.6063,68,27
von_neumann,44,0.04,1000,24,0.184326,0.930942,0.705523,0.33934,0.311664,0.827993,0.042789,0.056087,3.7665,3.548,63,27
von_neumann,45,0.04,500,24,0.178214,0.920276,0.662659,0.33803,0.29417,0.81087,0.043588,-0.02034,3.7362,3.5283,64,19
von_neumann,45,0.04,1000,24,0.190654,0.892446,0.734242,0.358238,0.307537,0.831552,0.044049,-0.02982,3.8223,3.5036,76,34
von_neumann,46,0.04,500,24,0.181261,0.906538,0.673054,0.326395,0.297748,0.789581,0.0442,-0.028958,3.6934,3.5242,71,22
von_neumann,46,0.04,1000,24,0.186727,0.889429,0.699827,0.336004,0.30013,0.70779,0.042747,0.014241,3.7403,3.6301,67,26
von_neumann,47,0.04,500,24,0.177994,0.90977,0.70056,0.343362,0.300265,0.778321,0.043482,-0.040239,3.7933,3.5933,70,30
von_neumann,47,0.04,1000,24,0.204219,0.893548,0.683802,0.323938,0.309474,0.77321,0.043685,0.064219,3.6934,3.6339,72,23
von_neumann,48,0.04,500,24,0.172287,0.959592,0.709596,0.335398,0.300279,0.799932,0.04288,-0.011987,3.7553,3.5176,65,30
von_neumann,48,0.04,1000,24,0.187356,0.879333,0.674592,0.323186,0.305752,0.749072,0.04326,-0.061639,3.6979,3.6309,64,19
von_neumann,49,0.04,500,24,0.212876,0.936811,0.72987,0.338197,0.310617,0.759036,0.044632,0.035679,3.7592,3.6566,78,33
von_neumann,49,0.04,1000,24,0.183422,0.938987,0.674373,0.337577,0.304438,0.820644,0.043177,0.027297,3.7413,3.5289,53,19
von_neumann,50,0.04,500,24,0.179465,0.907766,0.69339,0.349578,0.307408,0.75739,0.043303,0.043978,3.7916,3.6764,73,25
von_neumann,50,0.04,1000,24,0.192014,0.884148,0.714855,0.355661,0.311497,0.807414,0.04167,0.037622,3.7883,3.6184,71,33
moore,1,0.04,500,24,0.213025,0.892257,0.705065,0.338931,0.366075,0.863427,0.029858,-0.005756,3.7426,3.5037,39,30
moore,1,0.04,1000,24,0.180247,0.938996,0.707315,0.326632,0.361847,0.814335,0.03086,0.004221,3.7237,3.5135,45,23
moore,2,0.04,500,24,0.149889,0.876706,0.659273,0.345222,0.352099,0.752309,0.030027,0.002911,3.7815,3.633,41,17
moore,2,0.04,1000,24,0.206339,0.949814,0.711568,0.331819,0.371422,0.920967,0.029949,-0.013287,3.7354,3.4652,45,19
moore,3,0.04,500,24,0.199645,0.910165,0.710078,0.330671,0.365754,0.878381,0.030705,-0.004486,3.7253,3.4852,53,32
moore,3,0.04,1000,24,0.163619,0.899525,0.707099,0.347777,0.343612,0.730413,0.030205,-0.020372,3.8038,3.6572,46,24
moore,4,0.04,500,24,0.196502,0.929545,0.714604,0.341628,0.358438,0.73698,0.030032,-0.006977,3.7725,3.6737,41,27
moore,4,0.04,1000,24,0.180918,0.884964,0.681723,0.339384,0.351764,0.838001,0.029209,-0.020439,3.7453,3.5131,47,21
moore,5,0.04,500,24,0.163604,0.983137,0.669755,0.333571,0.362317,0.807572,0.02924,-0.009639,3.7517,3.566,51,20
moore,5,0.04,1000,24,0.16907,0.94583,0.694114,0.352654,0.356076,0.805471,0.029698,0.010284,3.7929,3.5712,38,22
moore,6,0.04,500,24,0.196072,0.923095,0.721075,0.33885,0.366167,0.807923,0.029506,-0.014737,3.7732,3.5676,37,33
moore,6,0.04,1000,24,0.196121,0.932913,0.691382,0.33296,0.362159,0.78986,0.029822,0.002836,3.7342,3.6101,42,19
moore,7,0.04,500,24,0.197184,0.92136,0.698994,0.334002,0.363383,0.883138,0.030156,0.003059,3.7209,3.5012,42,24
moore,7,0.04,1000,24,0.16985,0.939627,0.705917,0.336505,0.349753,0.765502,0.030605,0.041156,3.7624,3.5393,40,21
moore,8,0.04,500,24,0.199587,0.924505,0.719601,0.341206,0.366182,0.901212,0.030374,-0.020994,3.7758,3.4568,45,27
moore,8,0.04,1000,24,0.184742,0.867718,0.668612,0.33673,0.348381,0.834514,0.030684,-0.021548,3.7355,3.4462,43,21
moore,9,0.04,500,24,0.209385,0.893569,0.706327,0.334863,0.362446,0.81238,0.030735,0.001381,3.7396,3.5862,42,24
moore,9,0.04,1000,24,0.191221,0.884276,0.700893,0.333411,0.354602,0.856056,0.030389,-0.003498,3.7391,3.5457,40,26
moore,10,0.04,500,24,0.194757,0.944619,0.694395,0.325035,0.358662,0.798281,0.03068,0.003383,3.715,3.5672,49,22
moore,10,0.04,1000,24,0.201475,0.879172,0.664623,0.33515,0.35948,0.769708,0.029595,0.010334,3.7226,3.6491,47,19
moore,11,0.04,500,24,0.186369,0.929395,0.703808,0.337047,0.363558,0.859686,0.030174,-0.011116,3.7518,3.5091,39,25
moore,11,0.04,1000,24,0.218264,0.90979,0.734143,0.340969,0.366253,0.847327,0.031135,-0.015849,3.7535,3.5425,43,36
moore,12,0.04,500,24,0.184687,0.90933,0.679396,0.324205,0.355805,0.734505,0.030032,0.001336,3.6995,3.6693,48,23
moore,12,0.04,1000,24,0.181084,0.92573,0.689743,0.340159,0.363165,0.879355,0.029843,-0.014162,3.7572,3.4649,49,22
moore,13,0.04,500,24,0.22416,0.951036,0.743096,0.339502,0.368077,0.821865,0.030189,0.036743,3.7483,3.5764,40,31
moore,13,0.04,1000,24,0.192855,0.869929,0.70344,0.326679,0.357911,0.743682,0.030014,-0.029184,3.7137,3.6476,44,29
moore,14,0.04,500,24,0.165043,0.901974,0.714703,0.362839,0.354147,0.784167,0.028951,-0.01625,3.8416,3.612,44,30
moore,14,0.04,1000,24,0.197356,0.909046,0.695056,0.337333,0.368169,0.830501,0.029193,-0.008433,3.7491,3.5821,37,22
moore,15,0.04,500,24,0.204419,0.876468,0.694589,0.335913,0.351761,0.896924,0.030501,0.001337,3.7428,3.3759,37,24
moore,15,0.04,1000,24,0.18851,0.931716,0.676513,0.3328,0.361653,0.826544,0.029552,0.005033,3.7413,3.5384,46,19
moore,16,0.04,500,24,0.203674,0.900509,0.702722,0.319802,0.36842,0.807996,0.03016,0.028848,3.6818,3.5444,42,24
moore,16,0.04,1000,24,0.191025,0.847702,0.669459,0.318326,0.364676,0.773355,0.030237,0.005911,3.6923,3.6228,38,22
moore,17,0.04,500,24,0.190737,0.883936,0.723868,0.353958,0.365533,0.788454,0.030447,-0.003976,3.8,3.6126,37,28
moore,17,0.04,1000,24,0.173421,0.91977,0.726613,0.349851,0.365213,0.834617,0.029214,0.021845,3.772,3.5571,41,28
moore,18,0.04,500,24,0.191612,0.903956,0.72736,0.348205,0.359354,0.770013,0.030558,0.025176,3.791,3.5724,42,22
moore,18,0.04,1000,24,0.171601,0.887381,0.695956,0.335015,0.365169,0.737745,0.030417,0.02291,3.7527,3.6902,45,17
moore,19,0.04,500,24,0.177447,0.871463,0.697695,0.343724,0.352411,0.820755,0.030854,0.008631,3.7731,3.5356,40,20
moore,19,0.04,1000,24,0.210821,0.901202,0.75627,0.337636,0.367973,0.824346,0.031191,-0.011567,3.7745,3.5716,42,33
moore,20,0.04,500,24,0.165551,0.888832,0.69192,0.339623,0.358103,0.789833,0.030321,0.013816,3.7704,3.5543,42,22
moore,20,0.04,1000,24,0.184623,0.878763,0.669586,0.325948,0.361694,0.769379,0.029845,-0.012696,3.6908,3.6956,38,14
moore,21,0.04,500,24,0.205302,0.911691,0.729285,0.337223,0.366338,0.799785,0.030335,-0.026439,3.7601,3.653,41,31
moore,21,0.04,1000,24,0.175161,0.913015,0.674683,0.332808,0.354827,0.719575,0.030886,-0.001345,3.7326,3.7236,48,15
moore,22,0.04,500,24,0.188357,0.856523,0.697926,0.344909,0.3742,0.875302,0.030136,-0.026169,3.7776,3.4323,45,21
moore,22,0.04,1000,24,0.203663,0.947206,0.701393,0.333564,0.371051,0.745626,0.03086,0.005331,3.7391,3.7223,43,23
moore,23,0.04,500,24,0.153786,0.917556,0.704035,0.356709,0.356239,0.869592,0.029094,-0.011964,3.8317,3.5083,44,23
moore,23,0.04,1000,24,0.18716,0.87308,0.689195,0.332326,0.36383,0.873,0.029621,-0.02104,3.7367,3.4996,46,21
moore,24,0.04,500,24,0.194372,0.871723,0.670966,0.333458,0.35904,0.733448,0.0298,0.009049,3.7062,3.67,39,19
moore,24,0.04,1000,24,0.219883,0.849932,0.726975,0.325608,0.373499,0.868764,0.030862,-0.016009,3.7056,3.4068,33,33
moore,25,0.04,500,24,0.198832,0.892562,0.721937,0.343584,0.371685,0.844706,0.029952,0.045045,3.7467,3.5329,31,29
moore,25,0.04,1000,24,0.182701,0.866743,0.722695,0.345962,0.357385,0.792835,0.03044,-0.018589,3.785,3.5929,48,31
moore,26,0.04,500,24,0.156113,0.908754,0.687007,0.332071,0.35147,0.785316,0.030135,0.00505,3.7261,3.572,45,23
moore,26,0.04,1000,24,0.173258,0.875734,0.685449,0.337965,0.343639,0.763946,0.029483,0.019191,3.7606,3.5999,29,23
moore,27,0.04,500,24,0.186403,0.87561,0.707192,0.343645,0.367971,0.81153,0.030204,0.015986,3.7786,3.6221,44,23
moore,27,0.04,1000,24,0.191324,0.890394,0.695819,0.352288,0.356323,0.862221,0.030289,-0.014958,3.7835,3.5464,42,23
moore,28,0.04,500,24,0.167175,0.907471,0.715204,0.355187,0.357027,0.763515,0.029876,0.004438,3.8103,3.5743,41,24
moore,28,0.04,1000,24,0.183981,0.887915,0.694665,0.333102,0.365904,0.792859,0.02961,0.039239,3.739,3.6246,37,21
moore,29,0.04,500,24,0.181489,0.890296,0.702881,0.352183,0.370997,0.854575,0.030061,-0.024894,3.8058,3.5368,42,29
moore,29,0.04,1000,24,0.167649,0.963521,0.68068,0.343346,0.34981,0.848586,0.030225,-0.019766,3.7564,3.4893,44,14
moore,30,0.04,500,24,0.184239,0.907698,0.705299,0.339779,0.362815,0.758882,0.031353,0.028463,3.7742,3.6962,39,21
moore,30,0.04,1000,24,0.219199,0.899855,0.718922,0.338028,0.368205,0.878633,0.029969,0.019517,3.7346,3.5443,37,23
moore,31,0.04,500,24,0.188706,0.871983,0.687685,0.324291,0.36633,0.826579,0.030414,-0.007428,3.7048,3.5049,38,22
moore,31,0.04,1000,24,0.179097,0.925062,0.685301,0.344263,0.363922,0.829529,0.029896,-0.024247,3.7809,3.5494,41,21
moore,32,0.04,500,24,0.199662,0.952285,0.713221,0.342956,0.36527,0.801849,0.029539,0.021981,3.7662,3.5614,35,29
moore,32,0.04,1000,24,0.196595,0.914974,0.708428,0.337303,0.362282,0.801292,0.029961,-0.019337,3.7417,3.5687,40,27
moore,33,0.04,500,24,0.186784,0.917167,0.696296,0.35785,0.367511,0.847112,0.030257,0.03012,3.8215,3.5663,43,21
moore,33,0.04,1000,24,0.198615,0.91013,0.682366,0.331687,0.364348,0.865456,0.030577,0.033257,3.7111,3.516,39,16
moore,34,0.04,500,24,0.191747,0.853638,0.726335,0.350135,0.365382,0.748749,0.029912,-0.033064,3.7946,3.6494,44,31
moore,34,0.04,1000,24,0.197169,0.926283,0.74233,0.341579,0.361929,0.783349,0.030282,0.025967,3.7687,3.6408,40,28
moore,35,0.04,500,24,0.196342,0.922376,0.708582,0.326853,0.368647,0.84867,0.03039,-0.010912,3.7206,3.5345,46,23
moore,35,0.04,1000,24,0.192493,0.903377,0.694943,0.345826,0.358942,0.764734,0.029443,0.034475,3.7766,3.6324,41,21
moore,36,0.04,500,24,0.181246,0.885857,0.678603,0.333191,0.364565,0.797398,0.029636,-0.016853,3.7353,3.6104,47,22
moore,36,0.04,1000,24,0.178532,0.891406,0.70384,0.351545,0.367316,0.818536,0.030452,-0.013164,3.7927,3.6228,42,27
moore,37,0.04,500,24,0.200556,0.929817,0.712925,0.333353,0.358273,0.856531,0.029953,-0.004844,3.7376,3.5534,36,28
moore,37,0.04,1000,24,0.169923,0.904784,0.700623,0.339061,0.363849,0.81168,0.029375,-0.007479,3.7727,3.6803,49,26
moore,38,0.04,500,24,0.173964,0.859108,0.687175,0.332324,0.355742,0.747439,0.030362,-0.010557,3.734,3.6642,36,19
moore,38,0.04,1000,24,0.174435,0.8853,0.686061,0.338447,0.362632,0.794907,0.030065,0.007268,3.7586,3.6,46,22
moore,39,0.04,500,24,0.181747,0.882213,0.686397,0.333654,0.372385,0.832963,0.029357,-0.002056,3.7447,3.5623,39,25
moore,39,0.04,1000,24,0.19369,0.929612,0.693052,0.337586,0.35374,0.817903,0.032474,-0.006433,3.7556,3.4902,39,24
moore,40,0.04,500,24,0.193571,0.929486,0.707774,0.337725,0.357829,0.881,0.030355,0.020613,3.7527,3.4815,42,26
moore,40,0.04,1000,24,0.175048,0.975139,0.691791,0.346134,0.362503,0.83848,0.030364,0.017189,3.7839,3.5565,38,22
moore,41,0.04,500,24,0.210952,0.879079,0.698272,0.332717,0.362395,0.771854,0.03001,-0.021032,3.7146,3.6739,43,23
moore,41,0.04,1000,24,0.18658,0.898029,0.703148,0.352605,0.368281,0.816438,0.029732,-0.005094,3.789,3.5867,42,25
moore,42,0.04,500,24,0.184435,0.90235,0.705818,0.335421,0.372547,0.782372,0.03004,-0.008058,3.7397,3.6543,45,24
moore,42,0.04,1000,24,0.189166,0.958544,0.721458,0.340508,0.364914,0.909247,0.028663,-0.007142,3.7677,3.4439,46,27
moore,43,0.04,500,24,0.203506,0.87924,0.69847,0.327876,0.358864,0.797528,0.030846,0.007148,3.7,3.5825,40,24
moore,43,0.04,1000,24,0.178304,0.969844,0.702961,0.355325,0.360741,0.868053,0.029722,0.015085,3.802,3.5132,41,24
moore,44,0.04,500,24,0.184026,0.908908,0.696575,0.350088,0.362512,0.842874,0.029872,-0.004293,3.7927,3.4999,36,23
moore,44,0.04,1000,24,0.190226,0.923472,0.666803,0.33488,0.370218,0.875282,0.029773,0.02464,3.7467,3.5096,44,22
moore,45,0.04,500,24,0.191336,0.982582,0.706631,0.334984,0.351228,0.852004,0.029665,-0.023706,3.7512,3.4816,42,26
moore,45,0.04,1000,24,0.190947,0.955425,0.747301,0.356753,0.366665,0.851196,0.030512,-0.023259,3.8358,3.5451,45,29
moore,46,0.04,500,24,0.182775,0.856786,0.692152,0.327309,0.355745,0.775045,0.030608,0.013782,3.7183,3.5818,38,26
moore,46,0.04,1000,24,0.175988,0.873934,0.692291,0.334339,0.360953,0.78218,0.028924,0.007483,3.746,3.5855,48,18
moore,47,0.04,500,24,0.17407,0.922399,0.683509,0.332544,0.347423,0.784942,0.030671,-0.015873,3.7483,3.5603,50,20
moore,47,0.04,1000,24,0.207984,0.934809,0.699095,0.332954,0.363962,0.850655,0.031026,0.023577,3.7321,3.5081,43,22
moore,48,0.04,500,24,0.17725,0.905959,0.712161,0.345313,0.357019,0.889191,0.029805,0.029364,3.7894,3.4791,39,25
moore,48,0.04,1000,24,0.185874,0.905538,0.692014,0.330593,0.362969,0.884232,0.030415,0.000557,3.7346,3.4472,38,18
moore,49,0.04,500,24,0.200647,0.909442,0.706104,0.337284,0.362499,0.849472,0.030993,0.028029,3.7584,3.5548,36,23
moore,49,0.04,1000,24,0.183349,0.945898,0.690459,0.332645,0.359085,0.769409,0.030029,-0.02185,3.7397,3.6917,42,23
moore,50,0.04,500,24,0.186367,0.918617,0.711282,0.354635,0.366941,0.87166,0.02977,0.023243,3.8177,3.5254,39,26
moore,50,0.04,1000,24,0.189496,0.926897,0.724094,0.352101,0.365099,0.882221,0.029247,-0.004813,3.8057,3.5076,38,30
hex,1,0.04,500,24,0.210048,0.884757,0.718771,0.331164,0.345911,0.818939,0.03377,0.012169,3.7131,3.5679,58,31
hex,1,0.04,1000,24,0.184638,0.927385,0.695734,0.31735,0.341146,0.795694,0.034496,0.014714,3.6915,3.5772,52,22
hex,2,0.04,500,24,0.162867,0.86811,0.684845,0.338597,0.335569,0.771456,0.034152,-0.023461,3.7629,3.5801,55,23
hex,2,0.04,1000,24,0.206152,0.908966,0.709222,0.334688,0.348427,0.800669,0.033799,0.002381,3.7425,3.5904,60,25
hex,3,0.04,500,24,0.203732,0.947772,0.716359,0.336988,0.346022,0.818934,0.034542,-0.027391,3.7578,3.5805,64,33
hex,3,0.04,1000,24,0.170112,0.901664,0.697043,0.344224,0.326995,0.758241,0.034461,-0.028212,3.7834,3.6026,58,23
hex,4,0.04,500,24,0.197279,0.93495,0.727645,0.346033,0.337837,0.774092,0.034141,-0.007476,3.7856,3.587,52,31
hex,4,0.04,1000,24,0.184545,0.897323,0.677451,0.338151,0.334632,0.770825,0.032939,-0.018861,3.7542,3.6349,57,24
hex,5,0.04,500,24,0.158881,0.98551,0.682447,0.335304,0.344983,0.786055,0.03338,0.006207,3.7691,3.6031,58,24
hex,5,0.04,1000,24,0.174324,0.941075,0.717253,0.356721,0.340275,0.842478,0.033452,0.037549,3.8264,3.538,55,27
hex,6,0.04,500,24,0.193375,0.890561,0.694242,0.337854,0.342786,0.774521,0.033383,-0.000537,3.745,3.6166,55,26
hex,6,0.04,1000,24,0.198126,0.915969,0.69341,0.328195,0.3391,0.791974,0.033638,0.009651,3.7126,3.5681,56,25
hex,7,0.04,500,24,0.202788,0.931948,0.69793,0.333666,0.341652,0.799851,0.034267,-0.008468,3.7394,3.5772,65,26
hex,7,0.04,1000,24,0.172912,0.922549,0.715363,0.334063,0.330038,0.77599,0.034472,0.036756,3.7673,3.5564,46,26
hex,8,0.04,500,24,0.198343,0.966007,0.714123,0.337615,0.343682,0.842032,0.033741,-0.039682,3.7663,3.5222,59,28
hex,8,0.04,1000,24,0.185305,0.874059,0.671926,0.333947,0.329815,0.774361,0.034574,0.002856,3.7257,3.5502,51,21
hex,9,0.04,500,24,0.209863,0.902183,0.68606,0.335468,0.345487,0.813897,0.034795,0.012265,3.7375,3.5539,53,22
hex,9,0.04,1000,24,0.198673,0.897565,0.69156,0.334203,0.334659,0.806461,0.03385,-0.014831,3.7361,3.5992,60,28
hex,10,0.04,500,24,0.18568,0.934939,0.681893,0.321793,0.335498,0.725177,0.034742,-0.019759,3.6788,3.7029,54,18
hex,10,0.04,1000,24,0.202099,0.864183,0.675789,0.33798,0.339224,0.815733,0.033465,-0.00718,3.7268,3.5378,57,21
hex,11,0.04,500,24,0.185726,0.890942,0.699728,0.34778,0.345371,0.85009,0.034243,0.013466,3.7864,3.5519,50,24
hex,11,0.04,1000,24,0.216469,0.949116,0.746689,0.33921,0.346287,0.816305,0.034842,-0.019504,3.7655,3.6212,58,30
hex,12,0.04,500,24,0.189529,0.903991,0.714801,0.325133,0.336864,0.810158,0.03406,-0.010944,3.7153,3.5444,60,32
hex,12,0.04,1000,24,0.181599,0.941747,0.698971,0.344629,0.339398,0.89147,0.033878,-0.002909,3.7808,3.4535,63,25
hex,13,0.04,500,24,0.220656,0.960712,0.74862,0.345018,0.348308,0.780395,0.03394,0.015485,3.7775,3.652,56,36
hex,13,0.04,1000,24,0.197291,0.860208,0.713154,0.324448,0.337813,0.80342,0.034152,-0.026487,3.7041,3.5204,55,33
hex,14,0.04,500,24,0.16791,0.904092,0.705979,0.361363,0.333306,0.829939,0.0328,-0.018674,3.8393,3.4608,50,26
hex,14,0.04,1000,24,0.205262,0.898153,0.686638,0.336186,0.347977,0.809744,0.032952,0.009496,3.7364,3.6045,57,20
hex,15,0.04,500,24,0.203198,0.889814,0.700228,0.326405,0.328165,0.81828,0.034503,-0.020345,3.7113,3.4711,53,25
hex,15,0.04,1000,24,0.183048,0.940903,0.660872,0.331493,0.342108,0.79308,0.033187,-0.003814,3.7261,3.607,58,15
hex,16,0.04,500,24,0.212485,0.916896,0.723015,0.329993,0.352155,0.853815,0.034068,0.028452,3.7211,3.5266,57,26
hex,16,0.04,1000,24,0.189096,0.86756,0.708642,0.321678,0.345656,0.797415,0.033882,-0.015095,3.6956,3.581,56,27
hex,17,0.04,500,24,0.191692,0.904338,0.723765,0.354232,0.347426,0.800041,0.034188,-0.03501,3.8176,3.5761,61,30
hex,17,0.04,1000,24,0.170623,0.925972,0.707075,0.346933,0.342275,0.891957,0.033223,0.046984,3.7971,3.4288,57,21
hex,18,0.04,500,24,0.184085,0.89816,0.702385,0.353013,0.33501,0.764536,0.034177,0.023791,3.8088,3.5614,55,26
hex,18,0.04,1000,24,0.180383,0.89936,0.713631,0.334128,0.347113,0.860476,0.03398,0.0422,3.7445,3.5251,54,22
hex,19,0.04,500,24,0.192751,0.943656,0.721227,0.340263,0.33388,0.805037,0.034579,0.014211,3.7718,3.5627,53,29
hex,19,0.04,1000,24,0.20768,0.876532,0.748574,0.332285,0.346969,0.888744,0.034784,-0.012716,3.7277,3.4276,62,40
hex,20,0.04,500,24,0.183442,0.884321,0.716462,0.33348,0.344492,0.835403,0.034257,0.021495,3.7308,3.4909,52,26
hex,20,0.04,1000,24,0.193174,0.902983,0.691838,0.327722,0.342521,0.822016,0.033796,-0.005604,3.7148,3.6077,55,20
hex,21,0.04,500,24,0.216731,0.910294,0.732174,0.336111,0.347794,0.824035,0.034023,-0.036247,3.7644,3.6022,58,33
hex,21,0.04,1000,24,0.171187,0.865245,0.649243,0.328148,0.334669,0.841283,0.034463,0.002089,3.7108,3.4623,59,13
hex,22,0.04,500,24,0.187133,0.868447,0.704932,0.344811,0.352047,0.876333,0.034122,-0.055746,3.7809,3.4428,66,23
hex,22,0.04,1000,24,0.198842,0.913901,0.701639,0.334285,0.350505,0.8077,0.03498,0.012665,3.7503,3.5757,49,24
hex,23,0.04,500,24,0.162193,0.930562,0.709744,0.34734,0.333946,0.858814,0.032996,-0.00214,3.7974,3.4898,56,25
hex,23,0.04,1000,24,0.190747,0.877808,0.713315,0.337417,0.343239,0.771967,0.033243,-0.045396,3.7431,3.6534,63,29
hex,24,0.04,500,24,0.181776,0.824001,0.658002,0.328239,0.337279,0.740681,0.033376,0.004471,3.7136,3.644,57,17
hex,24,0.04,1000,24,0.224617,0.907223,0.729013,0.336003,0.353363,0.83249,0.034635,-0.007795,3.734,3.4831,60,36
hex,25,0.04,500,24,0.204465,0.834906,0.708518,0.340491,0.349797,0.913793,0.03383,0.043945,3.7552,3.3952,42,24
hex,25,0.04,1000,24,0.187207,0.942472,0.724464,0.347372,0.337409,0.748484,0.034451,-0.034536,3.7829,3.6366,69,31
hex,26,0.04,500,24,0.155174,0.923837,0.697186,0.334588,0.331788,0.749912,0.033563,-0.010077,3.764,3.5949,63,27
hex,26,0.04,1000,24,0.178369,0.875609,0.679399,0.330283,0.325833,0.817756,0.033461,0.029621,3.721,3.5373,48,21
hex,27,0.04,500,24,0.190678,0.901595,0.714811,0.348833,0.347277,0.760853,0.034414,-0.006104,3.7997,3.6916,53,31
hex,27,0.04,1000,24,0.190873,0.91976,0.713739,0.360505,0.334415,0.763284,0.033807,-0.01599,3.826,3.6872,62,27
hex,28,0.04,500,24,0.158799,0.865151,0.712584,0.361126,0.336021,0.820925,0.033585,-0.01212,3.8317,3.4703,54,30
hex,28,0.04,1000,24,0.188797,0.907326,0.696811,0.340595,0.344638,0.741589,0.033447,0.035461,3.7764,3.6892,50,26
hex,29,0.04,500,24,0.183473,0.9517,0.71885,0.354474,0.350423,0.820131,0.033926,-0.008819,3.8404,3.5738,57,31
hex,29,0.04,1000,24,0.172827,0.960916,0.69582,0.336303,0.332232,0.872715,0.034116,-0.017024,3.7572,3.4253,59,21
hex,30,0.04,500,24,0.184459,0.927717,0.699077,0.334964,0.341118,0.878879,0.035109,0.040363,3.7602,3.4452,50,21
hex,30,0.04,1000,24,0.216125,0.931364,0.717514,0.337237,0.344413,0.813468,0.033909,0.052525,3.7469,3.594,50,29
hex,31,0.04,500,24,0.188856,0.905592,0.705645,0.329754,0.34596,0.761984,0.034137,0.002993,3.6953,3.6147,55,24
hex,31,0.04,1000,24,0.177373,0.960824,0.698957,0.34348,0.339776,0.809548,0.03389,-0.01489,3.7825,3.5615,58,24
hex,32,0.04,500,24,0.197936,0.910744,0.72092,0.336625,0.345774,0.839609,0.033332,0.007987,3.7491,3.4867,51,29
hex,32,0.04,1000,24,0.196853,0.874324,0.711644,0.337035,0.342699,0.715466,0.034221,-0.02651,3.7344,3.7075,59,30
hex,33,0.04,500,24,0.191691,0.901389,0.701251,0.354779,0.347467,0.850897,0.034308,0.034384,3.7871,3.5675,64,25
hex,33,0.04,1000,24,0.197603,0.850238,0.668824,0.331125,0.34641,0.81708,0.034621,0.022347,3.6921,3.6004,51,20
hex,34,0.04,500,24,0.190938,0.874591,0.705806,0.351285,0.347819,0.774612,0.033462,-0.027055,3.7835,3.6534,62,31
hex,34,0.04,1000,24,0.2037,0.942364,0.712268,0.342413,0.344977,0.826766,0.033854,0.045285,3.7747,3.5351,55,28
hex,35,0.04,500,24,0.187576,0.901575,0.695455,0.328572,0.346565,0.875576,0.03435,0.020398,3.7196,3.4864,52,23
hex,35,0.04,1000,24,0.179609,0.919549,0.714046,0.349843,0.340596,0.818942,0.033738,0.054005,3.7824,3.5769,57,26
hex,36,0.04,500,24,0.191681,0.916113,0.702001,0.33138,0.347586,0.809697,0.033548,-0.024623,3.7424,3.5979,54,26
hex,36,0.04,1000,24,0.185024,0.928966,0.696013,0.34496,0.350281,0.80459,0.034244,0.011019,3.7747,3.6204,49,26
hex,37,0.04,500,24,0.195619,0.845693,0.682149,0.32773,0.338152,0.809879,0.03356,0.000438,3.6976,3.6091,50,21
hex,37,0.04,1000,24,0.174476,0.939339,0.711821,0.345075,0.345615,0.912466,0.033167,-0.004911,3.7957,3.4944,57,27
hex,38,0.04,500,24,0.184595,0.887265,0.688379,0.33541,0.336256,0.744181,0.034086,-0.015094,3.7499,3.6633,56,26
hex,38,0.04,1000,24,0.176036,0.934711,0.698324,0.336651,0.34043,0.751951,0.033963,0.012601,3.7591,3.6593,56,28
hex,39,0.04,500,24,0.185608,0.87477,0.697166,0.335827,0.35331,0.809174,0.033057,0.003055,3.751,3.6168,47,25
hex,39,0.04,1000,24,0.194228,0.909105,0.683631,0.335375,0.334227,0.784337,0.036245,-0.0057,3.7322,3.5655,61,20
hex,40,0.04,500,24,0.192204,0.944513,0.715529,0.341163,0.339053,0.768996,0.034024,-0.000886,3.7825,3.6551,61,29
hex,40,0.04,1000,24,0.174146,0.984785,0.679491,0.341746,0.341741,0.806554,0.034303,-0.002303,3.7786,3.5944,58,24
hex,41,0.04,500,24,0.211252,0.914905,0.726492,0.335291,0.339336,0.747986,0.033933,-0.029342,3.7474,3.6835,54,28
hex,41,0.04,1000,24,0.183503,0.90545,0.724152,0.353877,0.34405,0.832168,0.033457,0.015339,3.8121,3.561,56,29
hex,42,0.04,500,24,0.183488,0.933892,0.696021,0.340942,0.353226,0.816432,0.033808,-0.005447,3.7715,3.6214,56,23
hex,42,0.04,1000,24,0.18289,0.960493,0.707813,0.339404,0.341619,0.828895,0.03299,0.021401,3.7796,3.5301,59,29
hex,43,0.04,500,24,0.204737,0.901835,0.714709,0.335108,0.339712,0.789941,0.034455,0.034152,3.7479,3.5784,56,21
hex,43,0.04,1000,24,0.180246,0.877233,0.703346,0.348903,0.344391,0.865816,0.033592,0.036626,3.7861,3.5371,59,26
hex,44,0.04,500,24,0.189107,0.901325,0.711524,0.352565,0.340359,0.786416,0.033492,-0.007361,3.8061,3.5963,51,30
hex,44,0.04,1000,24,0.19446,0.913306,0.691343,0.331683,0.35396,0.789551,0.033846,0.036424,3.7325,3.6679,52,23
hex,45,0.04,500,24,0.191403,0.943605,0.715596,0.334417,0.330652,0.818926,0.033951,-0.021944,3.7515,3.5281,51,28
hex,45,0.04,1000,24,0.185274,0.934543,0.725399,0.358511,0.34439,0.776882,0.034662,-0.041128,3.8271,3.6293,66,33
hex,46,0.04,500,24,0.180997,0.903047,0.690063,0.323927,0.33398,0.805069,0.034664,0.001359,3.7033,3.5196,54,24
hex,46,0.04,1000,24,0.184579,0.909471,0.683496,0.328874,0.340155,0.759658,0.032847,0.007932,3.7223,3.6132,60,23
hex,47,0.04,500,24,0.174059,0.948634,0.6926,0.338151,0.331037,0.86579,0.034382,-0.018344,3.764,3.447,60,26
hex,47,0.04,1000,24,0.202919,0.867682,0.699241,0.329946,0.345854,0.770921,0.03491,0.025623,3.7291,3.6601,59,24
hex,48,0.04,500,24,0.174284,0.926159,0.695696,0.335014,0.334621,0.774506,0.033656,5e-05,3.7431,3.6363,55,26
hex,48,0.04,1000,24,0.185,0.8943,0.697721,0.327931,0.341779,0.913578,0.034371,-0.003712,3.7109,3.3989,43,21
hex,49,0.04,500,24,0.209457,0.939081,0.707463,0.335514,0.343652,0.746118,0.034991,0.056285,3.745,3.7218,55,23
hex,49,0.04,1000,24,0.18709,0.919451,0.702232,0.329043,0.343853,0.805301,0.03391,-0.024915,3.7199,3.5828,55,27
hex,50,0.04,500,24,0.183175,0.938421,0.700558,0.353545,0.345042,0.84182,0.033777,0.016072,3.8165,3.5487,58,26
hex,50,0.04,1000,24,0.189901,0.947293,0.72781,0.347985,0.345504,0.77844,0.032907,0.007941,3.7844,3.6754,49,32
random,1,0.04,500,24,0.181741,0.911442,0.707291,0.342232,0.346837,0.794513,0.038399,0.002124,3.7832,3.6362,66,23
random,1,0.04,1000,24,0.172486,0.922213,0.703774,0.347016,0.337183,0.820369,0.037785,0.024146,3.7959,3.6184,65,25
random,2,0.04,500,24,0.163974,0.949884,0.70317,0.346625,0.340001,0.82687,0.037694,-0.026545,3.8033,3.5483,78,29
random,2,0.04,1000,24,0.180309,0.874872,0.688328,0.331454,0.355064,0.845166,0.038628,-0.024777,3.7251,3.6667,78,25
random,3,0.04,500,24,0.193258,0.900499,0.70805,0.339397,0.356696,0.864251,0.039348,-0.001791,3.7644,3.6242,69,30
random,3,0.04,1000,24,0.169781,0.881196,0.676749,0.329296,0.34107,0.774766,0.038215,-0.024845,3.7142,3.6311,69,20
random,4,0.04,500,24,0.181333,0.943444,0.700431,0.341894,0.355548,0.795019,0.038087,0.011297,3.7832,3.7161,66,25
random,4,0.04,1000,24,0.172583,0.873656,0.674609,0.333104,0.354031,0.823592,0.037916,0.009797,3.7289,3.6339,68,25
random,5,0.04,500,24,0.209545,0.933517,0.714426,0.338198,0.349374,0.828128,0.038408,-0.008841,3.7578,3.6529,70,30
random,5,0.04,1000,24,0.1699,0.868889,0.677662,0.333104,0.346145,0.811249,0.038539,-0.013255,3.7265,3.6359,72,21
random,6,0.04,500,24,0.18574,0.945799,0.727254,0.349692,0.358206,0.856921,0.038637,0.023839,3.8104,3.6036,65,29
random,6,0.04,1000,24,0.191267,0.916781,0.711666,0.338538,0.352821,0.947874,0.037898,0.017141,3.7601,3.4115,72,28
random,7,0.04,500,24,0.186501,0.914281,0.698768,0.332291,0.352657,0.791376,0.038317,0.016053,3.7323,3.7366,52,24
random,7,0.04,1000,24,0.184483,0.954609,0.707035,0.329141,0.348334,0.885875,0.038849,0.003103,3.7204,3.5239,58,27
random,8,0.04,500,24,0.171233,0.910725,0.6719,0.345059,0.339186,0.880884,0.038084,0.015486,3.794,3.4752,77,23
random,8,0.04,1000,24,0.181899,0.838757,0.700131,0.335207,0.346259,0.891386,0.038394,-0.021723,3.7505,3.5161,61,27
random,9,0.04,500,24,0.220537,0.972187,0.729055,0.326473,0.355419,0.811967,0.038394,0.036706,3.6969,3.6622,68,31
random,9,0.04,1000,24,0.191504,0.899242,0.698083,0.330727,0.332962,0.798044,0.038187,-0.037391,3.7193,3.6333,79,27
random,10,0.04,500,24,0.183441,0.971974,0.719875,0.347809,0.342663,0.752886,0.038962,0.00321,3.7832,3.7134,55,29
random,10,0.04,1000,24,0.161023,0.858075,0.688258,0.350567,0.34028,0.860085,0.038552,0.005074,3.7852,3.5592,65,28
random,11,0.04,500,24,0.181756,0.968454,0.717415,0.334309,0.350271,0.884883,0.039663,-0.016041,3.7685,3.4914,73,34
random,11,0.04,1000,24,0.181787,0.848477,0.68153,0.326774,0.349215,0.78363,0.038301,0.017248,3.7029,3.69,62,24
random,12,0.04,500,24,0.186229,0.937325,0.675436,0.326983,0.340789,0.7851,0.038176,0.028577,3.7046,3.6878,65,19
random,12,0.04,1000,24,0.201476,0.97281,0.706563,0.338472,0.345437,0.758871,0.038251,0.019205,3.7524,3.6733,62,28
random,13,0.04,500,24,0.188531,0.958858,0.707007,0.350921,0.35355,0.815939,0.037881,-0.021561,3.8086,3.6314,66,30
random,13,0.04,1000,24,0.194557,0.960224,0.68539,0.340546,0.352007,0.838312,0.038386,-0.015869,3.7585,3.5742,70,21
random,14,0.04,500,24,0.168983,0.900521,0.706436,0.349699,0.342962,0.824407,0.038289,0.012465,3.8149,3.6125,80,31
random,14,0.04,1000,24,0.215472,0.942609,0.730548,0.356947,0.349843,0.822093,0.037748,0.057667,3.8201,3.6349,70,30
random,15,0.04,500,24,0.17172,0.894019,0.667592,0.341221,0.347162,0.857888,0.038268,0.035195,3.7644,3.5765,74,21
random,15,0.04,1000,24,0.195317,0.919456,0.706119,0.343415,0.345882,0.878811,0.037559,0.008522,3.7714,3.5627,68,26
random,16,0.04,500,24,0.207767,0.929083,0.700068,0.326157,0.354714,0.808136,0.037827,0.004521,3.7001,3.6322,67,23
random,16,0.04,1000,24,0.192131,0.913947,0.718298,0.342455,0.353513,0.840319,0.038141,-0.00874,3.7842,3.5447,64,31
random,17,0.04,500,24,0.178497,0.881109,0.673568,0.321888,0.343772,0.77054,0.039263,0.026219,3.6905,3.6949,64,22
random,17,0.04,1000,24,0.179483,0.941001,0.686503,0.340998,0.354529,0.797454,0.038608,-0.022205,3.771,3.6476,57,20
random,18,0.04,500,24,0.204363,0.899343,0.678864,0.328166,0.355818,0.923764,0.038566,-0.036402,3.6827,3.5037,69,17
random,18,0.04,1000,24,0.184657,0.889216,0.705618,0.342463,0.354096,0.887994,0.038182,0.015456,3.7734,3.5557,63,27
random,19,0.04,500,24,0.184435,0.931576,0.706737,0.344529,0.350555,0.867214,0.038136,-0.000853,3.7722,3.5271,59,27
random,19,0.04,1000,24,0.208526,0.930665,0.743284,0.356648,0.342819,0.819848,0.039803,-0.010412,3.8151,3.6338,83,28
random,20,0.04,500,24,0.164191,0.901224,0.680791,0.326349,0.336736,0.791646,0.037588,-0.00285,3.6998,3.6533,67,19
random,20,0.04,1000,24,0.189187,0.948973,0.713149,0.339487,0.346428,0.891866,0.037914,-0.009013,3.7556,3.5415,79,29
random,21,0.04,500,24,0.19755,0.932991,0.722677,0.337716,0.344738,0.812266,0.038443,-0.009451,3.7645,3.6157,69,29
random,21,0.04,1000,24,0.18734,0.857699,0.682312,0.309526,0.345155,0.791519,0.038349,-0.002324,3.6358,3.6616,66,22
random,22,0.04,500,24,0.222048,0.894029,0.719365,0.339696,0.352856,0.838303,0.03825,-0.023447,3.7494,3.6487,75,34
random,22,0.04,1000,24,0.198813,0.945797,0.738374,0.334353,0.348025,0.809658,0.037848,0.01225,3.7484,3.6378,60,34
random,23,0.04,500,24,0.182068,0.898139,0.663887,0.323287,0.34574,0.869451,0.03818,0.003752,3.6926,3.5359,75,21
random,23,0.04,1000,24,0.173039,0.889655,0.704052,0.34455,0.345289,0.813972,0.03757,-0.006465,3.7829,3.5709,63,30
random,24,0.04,500,24,0.185047,0.860262,0.713492,0.343838,0.345339,0.75822,0.038535,-0.003268,3.7559,3.7088,66,28
random,24,0.04,1000,24,0.169625,0.903303,0.690785,0.348262,0.342631,0.874251,0.038169,-0.029525,3.7798,3.5051,60,23
random,25,0.04,500,24,0.18676,0.907558,0.726818,0.350196,0.345648,0.831368,0.038853,-0.007989,3.8129,3.5813,75,30
random,25,0.04,1000,24,0.203672,0.856647,0.715412,0.331709,0.35094,0.804012,0.038023,0.031883,3.716,3.6443,62,29
random,26,0.04,500,24,0.190546,0.871363,0.692402,0.345668,0.340791,0.750204,0.037213,-0.02305,3.746,3.7353,70,22
random,26,0.04,1000,24,0.15504,0.870789,0.666093,0.35338,0.330164,0.778908,0.037939,0.002513,3.8061,3.6657,73,22
random,27,0.04,500,24,0.19176,0.845208,0.659318,0.324621,0.350154,0.832745,0.039635,0.00675,3.7023,3.6187,65,21
random,27,0.04,1000,24,0.18219,0.919629,0.706753,0.341219,0.352081,0.783521,0.03762,0.013858,3.7613,3.6506,66,29
random,28,0.04,500,24,0.187933,0.943876,0.706966,0.340969,0.346873,0.814854,0.039131,0.000215,3.7755,3.6255,69,26
random,28,0.04,1000,24,0.173092,0.931494,0.702112,0.343336,0.344687,0.84161,0.037026,-0.034775,3.7881,3.6258,59,23
random,29,0.04,500,24,0.182581,0.823978,0.702716,0.339494,0.3523,0.762279,0.038774,0.013265,3.7336,3.7188,61,28
random,29,0.04,1000,24,0.175792,0.880906,0.702003,0.342166,0.330018,0.795675,0.038332,-0.043824,3.7701,3.5905,67,29
random,30,0.04,500,24,0.196703,0.919252,0.698797,0.345835,0.353107,0.832252,0.03847,0.021032,3.7887,3.6549,72,27
random,30,0.04,1000,24,0.171659,0.923607,0.662861,0.331659,0.356109,0.866611,0.037832,0.019212,3.7505,3.5467,65,19
random,31,0.04,500,24,0.192116,0.942228,0.734573,0.338827,0.341028,0.817911,0.038193,-0.032031,3.75,3.6413,83,38
random,31,0.04,1000,24,0.169984,0.881415,0.682814,0.343456,0.349635,0.887351,0.036998,-0.037277,3.7768,3.5575,72,22
random,32,0.04,500,24,0.194746,0.947829,0.686228,0.324493,0.358328,0.766778,0.038244,0.018409,3.702,3.7316,63,24
random,32,0.04,1000,24,0.191067,0.911928,0.694692,0.348035,0.345942,0.775156,0.037008,0.017616,3.7842,3.6543,71,25
random,33,0.04,500,24,0.197146,0.906665,0.723998,0.345028,0.348895,0.790228,0.039297,-0.020508,3.788,3.6654,63,28
random,33,0.04,1000,24,0.209441,0.895238,0.706613,0.326767,0.342427,0.77172,0.037468,0.026043,3.7024,3.7091,65,29
random,34,0.04,500,24,0.187925,0.91112,0.696397,0.32802,0.343924,0.758762,0.039018,0.005938,3.7266,3.7065,60,23
random,34,0.04,1000,24,0.193392,0.915564,0.721059,0.344491,0.348376,0.728537,0.038308,-0.034255,3.7857,3.7746,79,28
random,35,0.04,500,24,0.173135,0.954518,0.694715,0.338468,0.355156,0.855702,0.03878,0.043219,3.7626,3.5841,65,26
random,35,0.04,1000,24,0.167987,0.908317,0.658083,0.347607,0.350612,0.800757,0.037635,0.014043,3.7723,3.6105,70,19
random,36,0.04,500,24,0.186608,0.935738,0.688051,0.329202,0.345055,0.750169,0.039124,-0.005686,3.703,3.7466,72,23
random,36,0.04,1000,24,0.195063,0.918126,0.70264,0.343833,0.341283,0.909995,0.038049,0.017605,3.7754,3.4493,68,26
random,37,0.04,500,24,0.151031,0.876285,0.682273,0.354703,0.34456,0.901342,0.037534,0.037721,3.8129,3.5282,62,23
random,37,0.04,1000,24,0.159799,0.889198,0.689773,0.350079,0.342408,0.824231,0.037442,-0.005663,3.7991,3.6644,69,24
random,38,0.04,500,24,0.182394,0.904444,0.683823,0.335863,0.342801,0.827195,0.038361,-0.009181,3.7259,3.6064,54,23
random,38,0.04,1000,24,0.169264,0.899953,0.688574,0.335896,0.346966,0.820595,0.038268,-0.02639,3.7513,3.6313,69,25
random,39,0.04,500,24,0.1589,0.918379,0.676048,0.334896,0.34207,0.729704,0.038459,0.028167,3.7382,3.6936,73,23
random,39,0.04,1000,24,0.160105,0.854727,0.709,0.344799,0.344818,0.864364,0.038561,0.000174,3.7746,3.5635,60,30
random,40,0.04,500,24,0.193107,0.908014,0.715295,0.337855,0.34165,0.796746,0.038098,-0.019648,3.7556,3.5693,69,30
random,40,0.04,1000,24,0.164411,0.925298,0.67643,0.343799,0.338104,0.782269,0.03875,-0.005698,3.7769,3.6505,77,20
random,41,0.04,500,24,0.180732,0.885766,0.682586,0.339475,0.350207,0.830503,0.037908,-0.066493,3.7426,3.6757,70,25
random,41,0.04,1000,24,0.171628,0.939856,0.710338,0.350605,0.345678,0.839358,0.037325,-0.021059,3.8192,3.6269,66,30
random,42,0.04,500,24,0.203853,0.98297,0.702286,0.327156,0.347729,0.823186,0.039011,-0.010953,3.7206,3.5707,67,30
random,42,0.04,1000,24,0.176883,0.894557,0.690583,0.340955,0.350356,0.798584,0.039323,-0.011832,3.7618,3.6311,64,25
random,43,0.04,500,24,0.198418,0.919709,0.705102,0.344444,0.362309,0.769771,0.039421,-0.019283,3.7833,3.7784,66,28
random,43,0.04,1000,24,0.178506,0.877552,0.703242,0.345556,0.355851,0.866175,0.03873,-0.025779,3.7663,3.6319,74,28
random,44,0.04,500,24,0.197908,0.896457,0.680835,0.3284,0.3569,0.864111,0.038435,-0.017415,3.7247,3.6209,78,25
random,44,0.04,1000,24,0.18871,0.929063,0.712351,0.349681,0.358865,0.743576,0.038761,-0.000276,3.8225,3.7852,74,30
random,45,0.04,500,24,0.159937,0.852138,0.701848,0.341091,0.340582,0.862934,0.037997,0.000501,3.7655,3.5403,61,28
random,45,0.04,1000,24,0.182584,0.894716,0.679931,0.320804,0.344469,0.813513,0.039421,-0.044165,3.6852,3.6805,79,22
random,46,0.04,500,24,0.178487,0.882601,0.680399,0.33817,0.344136,0.773351,0.038748,-0.020464,3.7379,3.7151,70,21
random,46,0.04,1000,24,0.193109,0.866881,0.692707,0.331292,0.355441,0.770532,0.0379,-0.017022,3.7019,3.7778,71,25
random,47,0.04,500,24,0.173974,0.965144,0.713483,0.347558,0.335451,0.759687,0.038578,0.041334,3.788,3.6007,65,32
random,47,0.04,1000,24,0.181133,0.922178,0.73566,0.352663,0.339863,0.771954,0.037769,0.001448,3.8156,3.7576,70,34
random,48,0.04,500,24,0.184567,0.94942,0.720935,0.347054,0.349957,0.872475,0.038543,0.006991,3.7884,3.5673,63,38
random,48,0.04,1000,24,0.188002,0.941254,0.694262,0.343632,0.348406,0.777609,0.037819,-0.011043,3.7705,3.7283,76,27
random,49,0.04,500,24,0.195329,0.944102,0.740096,0.345172,0.355182,0.858864,0.03911,-0.019735,3.7817,3.69,66,37
random,49,0.04,1000,24,0.179733,0.908044,0.667338,0.336241,0.346422,0.783852,0.038453,-0.028002,3.7371,3.7185,65,17
random,50,0.04,500,24,0.171529,0.911877,0.676775,0.333309,0.336451,0.798228,0.038845,0.025765,3.7447,3.6478,58,20
random,50,0.04,1000,24,0.160703,0.897666,0.684379,0.341201,0.347302,0.792194,0.037905,-0.016439,3.7776,3.658,70,27
small_world,1,0.04,500,24,0.2008,0.925661,0.702564,0.330917,0.325618,0.832771,0.041684,0.016341,3.7398,3.5838,70,23
small_world,1,0.04,1000,24,0.190894,0.895248,0.708393,0.331086,0.31484,0.908941,0.042046,-0.044073,3.7363,3.4476,74,28
small_world,2,0.04,500,24,0.176904,0.890486,0.678349,0.345672,0.315099,0.810035,0.042114,-0.030226,3.7672,3.5414,67,19
small_world,2,0.04,1000,24,0.194276,0.929829,0.717278,0.338542,0.324489,0.841884,0.040987,0.00145,3.7603,3.5937,69,34
small_world,3,0.04,500,24,0.192273,0.956179,0.707158,0.343067,0.325503,0.84743,0.042051,-0.003367,3.775,3.4928,69,32
small_world,3,0.04,1000,24,0.180177,0.931984,0.696659,0.349294,0.307888,0.750658,0.04223,0.018825,3.792,3.6155,65,27
small_world,4,0.04,500,24,0.184367,0.927555,0.686287,0.333817,0.318902,0.875847,0.041647,0.002633,3.7304,3.4633,64,21
small_world,4,0.04,1000,24,0.179094,0.896451,0.679457,0.349573,0.31854,0.800726,0.041509,-0.037858,3.767,3.6055,71,20
small_world,5,0.04,500,24,0.156133,0.889021,0.677121,0.348741,0.320039,0.776902,0.041673,-0.013531,3.7934,3.6518,60,25
small_world,5,0.04,1000,24,0.180052,0.918767,0.74409,0.362329,0.310722,0.760701,0.041511,0.023481,3.8446,3.6562,68,39
small_world,6,0.04,500,24,0.188256,0.895909,0.70127,0.337506,0.32711,0.846876,0.040746,0.003735,3.754,3.489,68,27
small_world,6,0.04,1000,24,0.211938,0.875955,0.709611,0.342446,0.326995,0.78977,0.040346,-0.053555,3.7563,3.6289,65,30
small_world,7,0.04,500,24,0.19019,0.888267,0.703441,0.341148,0.317251,0.821539,0.042376,0.041615,3.7556,3.5942,62,27
small_world,7,0.04,1000,24,0.173359,0.878532,0.674125,0.335133,0.307487,0.724752,0.041609,-0.035772,3.73,3.6963,76,19
small_world,8,0.04,500,24,0.210344,0.961205,0.736017,0.349302,0.316667,0.779172,0.042047,0.069969,3.7936,3.6351,70,32
small_world,8,0.04,1000,24,0.189323,0.95019,0.724015,0.352231,0.314684,0.679164,0.041715,-0.001786,3.8169,3.7919,72,32
small_world,9,0.04,500,24,0.211414,0.940225,0.71883,0.340495,0.32351,0.767042,0.042274,0.030518,3.7616,3.6704,69,31
small_world,9,0.04,1000,24,0.170179,0.922852,0.692894,0.351712,0.314996,0.812668,0.042168,-0.00965,3.8129,3.6355,72,27
small_world,10,0.04,500,24,0.185938,0.868418,0.660984,0.333415,0.316238,0.788089,0.042265,-0.010795,3.7305,3.69,68,20
small_world,10,0.04,1000,24,0.168661,0.899018,0.707847,0.345168,0.315209,0.826784,0.042448,-0.008768,3.787,3.5283,70,27
small_world,11,0.04,500,24,0.186139,0.896937,0.702813,0.346087,0.320491,0.843749,0.041673,-0.035013,3.7704,3.4854,79,27
small_world,11,0.04,1000,24,0.185271,0.88452,0.731691,0.352595,0.314232,0.837939,0.043621,-0.010048,3.7959,3.5519,71,35
small_world,12,0.04,500,24,0.203112,0.892706,0.692456,0.327378,0.333572,0.850493,0.041029,0.009994,3.7109,3.6241,62,25
small_world,12,0.04,1000,24,0.173097,0.904146,0.682271,0.335497,0.316753,0.669013,0.041772,-0.031606,3.7589,3.8008,77,24
small_world,13,0.04,500,24,0.188804,0.936461,0.683607,0.343731,0.319237,0.844932,0.04185,-0.003355,3.7684,3.559,64,23
small_world,13,0.04,1000,24,0.181156,0.90652,0.708572,0.347143,0.326783,0.860919,0.040836,-0.004741,3.7953,3.507,74,28
small_world,14,0.04,500,24,0.173873,0.845273,0.690126,0.332828,0.318013,0.760219,0.039966,-0.065647,3.7342,3.6666,72,27
small_world,14,0.04,1000,24,0.181608,0.910909,0.697245,0.333417,0.320471,0.814557,0.040654,-0.004841,3.7496,3.5412,71,27
small_world,15,0.04,500,24,0.197337,0.881586,0.717757,0.341701,0.317003,0.845612,0.041908,0.000785,3.7826,3.512,73,38
small_world,15,0.04,1000,24,0.179792,0.86324,0.674051,0.340451,0.301832,0.714817,0.041746,0.012929,3.7583,3.6514,67,20
small_world,16,0.04,500,24,0.187613,0.96466,0.693953,0.338564,0.325527,0.795973,0.040673,-0.01267,3.7578,3.6457,72,25
small_world,16,0.04,1000,24,0.213442,0.945056,0.729288,0.34064,0.333603,0.840336,0.041359,-0.021333,3.7646,3.6763,70,36
small_world,17,0.04,500,24,0.195115,0.886294,0.703334,0.346175,0.308681,0.759195,0.042128,-0.038455,3.7842,3.5287,71,28
small_world,17,0.04,1000,24,0.168161,0.891065,0.688917,0.336537,0.31604,0.784932,0.042673,-0.026933,3.7527,3.6525,71,21
small_world,18,0.04,500,24,0.188699,0.881313,0.724836,0.342762,0.318327,0.82475,0.041584,0.012616,3.7682,3.5687,69,28
small_world,18,0.04,1000,24,0.17217,0.895223,0.677065,0.339771,0.319899,0.810507,0.04094,-0.004326,3.7572,3.6228,73,19
small_world,19,0.04,500,24,0.170446,0.918952,0.696833,0.330314,0.313525,0.776834,0.041027,0.038184,3.7198,3.658,63,22
small_world,19,0.04,1000,24,0.215634,0.922899,0.69947,0.333711,0.323444,0.834607,0.042057,0.004519,3.7283,3.5273,76,26
small_world,20,0.04,500,24,0.161745,0.915803,0.673939,0.344029,0.322312,0.945948,0.042422,-0.016277,3.7944,3.4794,66,24
small_world,20,0.04,1000,24,0.203901,0.923732,0.725562,0.333591,0.318965,0.836794,0.04172,0.030507,3.75,3.5927,76,32
small_world,21,0.04,500,24,0.173047,0.875914,0.677679,0.336136,0.317285,0.867831,0.042297,0.044532,3.7345,3.4972,60,15
small_world,21,0.04,1000,24,0.171026,0.826682,0.690542,0.342836,0.309596,0.788318,0.040657,0.016799,3.7767,3.5556,76,23
small_world,22,0.04,500,24,0.184427,0.883412,0.690006,0.334885,0.328975,0.802137,0.041136,-0.034473,3.7443,3.597,75,25
small_world,22,0.04,1000,24,0.238802,0.898126,0.697132,0.321931,0.31859,0.756978,0.04276,-0.007555,3.6345,3.6065,84,22
small_world,23,0.04,500,24,0.199737,0.867672,0.69093,0.323992,0.318084,0.851636,0.041228,0.007685,3.6945,3.5394,75,24
small_world,23,0.04,1000,24,0.175767,0.902666,0.691302,0.337993,0.317541,0.86294,0.04241,-0.020009,3.7597,3.5553,74,25
small_world,24,0.04,500,24,0.206475,0.956438,0.684018,0.32406,0.319446,0.802918,0.040427,-0.038621,3.7038,3.6211,75,22
small_world,24,0.04,1000,24,0.198351,0.924755,0.695209,0.32657,0.326867,0.799351,0.042328,0.018016,3.7069,3.5682,69,28
small_world,25,0.04,500,24,0.208397,0.912317,0.708484,0.332641,0.326069,0.827363,0.041383,0.026358,3.7256,3.59,62,28
small_world,25,0.04,1000,24,0.192897,0.892266,0.709342,0.347628,0.324145,0.773427,0.041801,0.017522,3.7499,3.6303,66,28
small_world,26,0.04,500,24,0.200356,0.950039,0.681884,0.336793,0.320908,0.781062,0.041415,-0.010497,3.7479,3.6506,66,24
small_world,26,0.04,1000,24,0.147718,0.899657,0.666181,0.337674,0.306184,0.815169,0.042506,0.024178,3.7631,3.5625,65,22
small_world,27,0.04,500,24,0.19412,0.94595,0.70569,0.33427,0.311903,0.812252,0.041464,0.020235,3.7548,3.5589,73,29
small_world,27,0.04,1000,24,0.167282,0.891344,0.735577,0.358935,0.316226,0.818254,0.040234,-0.001593,3.8356,3.5862,60,32
small_world,28,0.04,500,24,0.186098,0.889928,0.700841,0.342689,0.321929,0.866462,0.042155,-0.061592,3.7664,3.5176,71,26
small_world,28,0.04,1000,24,0.181755,0.963856,0.691089,0.335779,0.31067,0.739417,0.041101,0.018834,3.739,3.6979,65,23
small_world,29,0.04,500,24,0.19741,0.874095,0.708362,0.355793,0.323073,0.887447,0.04138,0.007962,3.8113,3.4589,68,30
small_world,29,0.04,1000,24,0.168056,0.92675,0.682015,0.341801,0.312861,0.851053,0.041263,-0.065242,3.7817,3.4886,71,21
small_world,30,0.04,500,24,0.192962,0.903897,0.687992,0.331395,0.319047,0.745718,0.042332,0.029221,3.7267,3.6776,72,18
small_world,30,0.04,1000,24,0.165693,0.913061,0.690937,0.349755,0.317521,0.696597,0.042458,0.022953,3.7957,3.7811,72,24
small_world,31,0.04,500,24,0.17385,0.927672,0.680656,0.332442,0.316748,0.793135,0.041877,-0.002928,3.744,3.6342,73,23
small_world,31,0.04,1000,24,0.175674,0.914072,0.707365,0.339488,0.314361,0.778453,0.042182,-0.043395,3.7675,3.6263,73,30
small_world,32,0.04,500,24,0.184805,0.919269,0.699819,0.343364,0.331425,0.720243,0.040522,-0.007038,3.7806,3.7668,75,26
small_world,32,0.04,1000,24,0.148385,0.923893,0.703586,0.343979,0.31141,0.709699,0.041209,-0.024008,3.7916,3.75,59,25
small_world,33,0.04,500,24,0.207902,0.962147,0.702221,0.358852,0.316573,0.807411,0.041741,0.010017,3.8151,3.6129,70,24
small_world,33,0.04,1000,24,0.206742,0.948934,0.749758,0.347818,0.325179,0.806821,0.041393,0.017959,3.8057,3.5757,68,37
small_world,34,0.04,500,24,0.216306,0.865285,0.683224,0.321993,0.322288,0.810048,0.041337,0.001632,3.6562,3.6655,71,23
small_world,34,0.04,1000,24,0.196618,0.950577,0.693198,0.347486,0.331016,0.757587,0.041883,0.019657,3.7779,3.6864,65,26
small_world,35,0.04,500,24,0.194211,0.845694,0.708348,0.343509,0.320787,0.741367,0.041919,0.024237,3.7642,3.7256,66,30
small_world,35,0.04,1000,24,0.181048,0.895296,0.665561,0.329664,0.330806,0.770797,0.041795,-0.029481,3.706,3.73,67,16
small_world,36,0.04,500,24,0.207633,0.910246,0.656645,0.309528,0.323887,0.93582,0.042174,0.000758,3.6406,3.4003,68,17
small_world,36,0.04,1000,24,0.184118,0.933371,0.707737,0.353088,0.321507,0.759487,0.041745,0.041504,3.8384,3.688,75,34
small_world,37,0.04,500,24,0.178825,0.922414,0.693347,0.34637,0.314075,0.784936,0.041404,0.029805,3.7841,3.5994,66,24
small_world,37,0.04,1000,24,0.201437,0.920897,0.707866,0.343747,0.327549,0.769487,0.040828,-0.004023,3.7866,3.7019,70,28
small_world,38,0.04,500,24,0.182599,0.899654,0.714671,0.351308,0.318007,0.737318,0.041434,-0.03085,3.8058,3.7741,66,30
small_world,38,0.04,1000,24,0.177339,0.878223,0.670235,0.328645,0.309667,0.772979,0.041794,-0.00147,3.7119,3.619,66,17
small_world,39,0.04,500,24,0.169944,0.830559,0.667859,0.339747,0.319227,0.815181,0.040151,0.023659,3.7433,3.586,80,19
small_world,39,0.04,1000,24,0.172413,0.876551,0.666993,0.325736,0.323095,0.794523,0.041674,-0.015783,3.7038,3.6083,75,18
small_world,40,0.04,500,24,0.196874,0.952733,0.708438,0.353918,0.319649,0.746689,0.041857,-0.057577,3.8182,3.7338,80,28
small_world,40,0.04,1000,24,0.177042,0.894488,0.685557,0.329055,0.316705,0.752485,0.042352,-0.02129,3.7207,3.6352,69,26
small_world,41,0.04,500,24,0.160338,0.873988,0.68621,0.338973,0.317144,0.772613,0.041746,-0.026411,3.7502,3.6561,68,21
small_world,41,0.04,1000,24,0.198689,0.892973,0.700526,0.32781,0.324938,0.800374,0.040964,0.005992,3.7025,3.6302,71,25
small_world,42,0.04,500,24,0.183986,0.94772,0.70206,0.334547,0.31755,0.743341,0.041443,0.026824,3.7411,3.6691,67,24
small_world,42,0.04,1000,24,0.191312,0.900347,0.733999,0.353231,0.321527,0.731303,0.041343,-0.036209,3.8055,3.6159,72,33
small_world,43,0.04,500,24,0.202533,0.925561,0.705134,0.340912,0.318387,0.79982,0.042059,-0.029227,3.7531,3.6464,73,28
small_world,43,0.04,1000,24,0.174512,0.92164,0.710377,0.346639,0.330247,0.751994,0.040856,-0.018326,3.8014,3.7541,70,27
small_world,44,0.04,500,24,0.194404,0.926292,0.70745,0.341648,0.316968,0.858619,0.041359,-0.00637,3.7503,3.512,69,28
small_world,44,0.04,1000,24,0.208011,0.84324,0.696946,0.347067,0.320009,0.753214,0.041171,0.011811,3.7648,3.7379,79,26
small_world,45,0.04,500,24,0.189989,0.919368,0.714383,0.337728,0.31956,0.864207,0.041964,-0.017702,3.7397,3.5135,67,25
small_world,45,0.04,1000,24,0.155188,0.875394,0.668688,0.339495,0.324982,0.793723,0.04177,0.031554,3.7649,3.6292,56,19
small_world,46,0.04,500,24,0.198376,0.897056,0.683533,0.325786,0.319213,0.764815,0.041217,2.7e-05,3.6964,3.6846,65,23
small_world,46,0.04,1000,24,0.203482,0.909537,0.707493,0.34126,0.323048,0.891047,0.040826,0.045791,3.7602,3.4734,66,24
small_world,47,0.04,500,24,0.174219,0.849956,0.679119,0.336227,0.319735,0.797982,0.041353,-0.043705,3.7263,3.6155,77,17
small_world,47,0.04,1000,24,0.188401,0.871892,0.727509,0.345282,0.323979,0.765684,0.04122,0.033056,3.7683,3.7008,65,31
small_world,48,0.04,500,24,0.170796,0.917684,0.689235,0.342753,0.30825,0.71022,0.04146,-0.001564,3.7704,3.7312,80,27
small_world,48,0.04,1000,24,0.177858,0.930362,0.694101,0.341077,0.312865,0.773182,0.041419,0.001584,3.7874,3.6618,67,25
small_world,49,0.04,500,24,0.181426,0.920192,0.691308,0.343224,0.320367,0.775191,0.042448,0.021539,3.7817,3.6357,69,28
small_world,49,0.04,1000,24,0.19476,0.954322,0.734589,0.354178,0.321012,0.88522,0.041389,0.001071,3.8079,3.4583,79,33
small_world,50,0.04,500,24,0.181233,0.910309,0.731804,0.354496,0.307012,0.840554,0.042229,0.019075,3.8233,3.4855,79,37
small_world,50,0.04,1000,24,0.179725,0.933994,0.684994,0.32601,0.320279,0.887596,0.040935,0.013927,3.7131,3.4622,72,19
von_neumann,1,0.08,500,24,0.207256,0.930259,0.709871,0.329347,0.264792,0.827515,0.068575,0.027674,3.7077,3.369,78,32
von_neumann,1,0.08,1000,24,0.18075,0.924816,0.690423,0.336539,0.26595,0.717459,0.069521,0.036881,3.7562,3.5509,70,23
von_neumann,2,0.08,500,24,0.139177,0.826344,0.626412,0.336463,0.250986,0.771397,0.068439,0.013087,3.7381,3.4317,53,14
von_neumann,2,0.08,1000,24,0.210831,0.929973,0.709457,0.346294,0.258771,0.741592,0.070259,-0.020751,3.7796,3.4854,82,28
von_neumann,3,0.08,500,24,0.213197,0.871362,0.731197,0.338744,0.266988,0.833301,0.068626,-0.004378,3.7413,3.3245,74,36
von_neumann,3,0.08,1000,24,0.18553,0.919213,0.689889,0.332214,0.254414,0.778976,0.070375,-0.048601,3.7343,3.4656,86,25
von_neumann,4,0.08,500,24,0.202002,0.879926,0.708309,0.336569,0.261382,0.68282,0.070194,-0.028485,3.7481,3.6641,69,26
von_neumann,4,0.08,1000,24,0.213501,0.930036,0.742473,0.342407,0.256961,0.719068,0.069522,-0.045749,3.7609,3.5948,75,40
von_neumann,5,0.08,500,24,0.177474,0.858718,0.682574,0.336279,0.276181,0.779253,0.067756,0.043106,3.7526,3.5734,63,21
von_neumann,5,0.08,1000,24,0.178793,0.902314,0.695238,0.343005,0.261501,0.827288,0.067216,-0.033143,3.776,3.4122,69,25
von_neumann,6,0.08,500,24,0.195204,0.88582,0.70484,0.345681,0.266245,0.75102,0.068182,0.003137,3.777,3.5246,68,26
von_neumann,6,0.08,1000,24,0.193949,0.89914,0.698008,0.334655,0.258125,0.659946,0.067319,0.031869,3.7309,3.6866,73,24
von_neumann,7,0.08,500,24,0.178067,0.909,0.728431,0.346779,0.260698,0.76828,0.067415,0.000682,3.7975,3.4998,64,28
von_neumann,7,0.08,1000,24,0.162931,0.913884,0.681326,0.332598,0.252167,0.732097,0.069796,0.002385,3.7424,3.4925,62,20
von_neumann,8,0.08,500,24,0.195283,0.937255,0.649525,0.326248,0.256532,0.692369,0.069323,0.030152,3.6822,3.5608,59,16
von_neumann,8,0.08,1000,24,0.16888,0.887403,0.676643,0.34109,0.250612,0.670852,0.06812,0.014673,3.7639,3.5924,67,20
von_neumann,9,0.08,500,24,0.215626,0.902369,0.706873,0.33322,0.261204,0.735241,0.070307,0.005108,3.7277,3.5024,71,30
von_neumann,9,0.08,1000,24,0.201678,0.886459,0.670747,0.336417,0.256929,0.71556,0.068976,-0.022056,3.7233,3.6216,75,16
von_neumann,10,0.08,500,24,0.186984,0.882027,0.691387,0.337372,0.253779,0.661255,0.069302,-0.018436,3.747,3.6994,73,24
von_neumann,10,0.08,1000,24,0.202343,0.876319,0.720789,0.34718,0.270647,0.800954,0.068191,-0.022826,3.7687,3.5156,73,31
von_neumann,11,0.08,500,24,0.180599,0.840676,0.705244,0.325578,0.268382,0.880597,0.068982,-0.048686,3.7092,3.3197,68,28
von_neumann,11,0.08,1000,24,0.192533,0.924478,0.694429,0.342062,0.261431,0.726433,0.069383,-0.017704,3.7757,3.6013,71,25
von_neumann,12,0.08,500,24,0.192473,0.936475,0.707775,0.335476,0.255534,0.768286,0.067708,-0.023463,3.7342,3.419,78,32
von_neumann,12,0.08,1000,24,0.176182,0.911776,0.698624,0.344897,0.247444,0.689824,0.06943,-0.059989,3.7836,3.5537,72,26
von_neumann,13,0.08,500,24,0.206492,0.878137,0.727087,0.349534,0.263126,0.936731,0.07011,-0.032729,3.7697,3.2689,74,30
von_neumann,13,0.08,1000,24,0.208229,0.945331,0.701064,0.328593,0.262343,0.74644,0.070317,-0.030474,3.7246,3.5218,66,27
von_neumann,14,0.08,500,24,0.156755,0.909934,0.711422,0.36167,0.257599,0.68875,0.064771,0.002772,3.8445,3.5679,71,29
von_neumann,14,0.08,1000,24,0.211596,0.88886,0.69138,0.320727,0.267217,0.754387,0.06751,-0.010083,3.6831,3.5108,75,22
von_neumann,15,0.08,500,24,0.194838,0.880676,0.681033,0.322505,0.246882,0.810149,0.071174,-0.051656,3.6843,3.317,72,24
von_neumann,15,0.08,1000,24,0.168353,0.897104,0.664456,0.326794,0.260367,0.729668,0.068183,-0.018152,3.704,3.5709,64,21
von_neumann,16,0.08,500,24,0.187427,0.906045,0.71136,0.349609,0.2751,0.704162,0.067833,0.027018,3.806,3.6325,65,33
von_neumann,16,0.08,1000,24,0.196616,0.876651,0.689604,0.326516,0.259134,0.780476,0.069763,0.028246,3.6963,3.4904,58,23
von_neumann,17,0.08,500,24,0.194863,0.882149,0.722877,0.346246,0.264733,0.704636,0.070141,-0.053579,3.7801,3.6008,77,36
von_neumann,17,0.08,1000,24,0.174789,0.915979,0.704507,0.348521,0.255684,0.800742,0.069626,0.045243,3.7922,3.3494,67,26
von_neumann,18,0.08,500,24,0.179204,0.930499,0.686299,0.348273,0.249337,0.696335,0.067433,0.017121,3.7959,3.484,68,23
von_neumann,18,0.08,1000,24,0.198257,0.880477,0.706687,0.33569,0.264969,0.706436,0.067482,0.024412,3.7357,3.6245,72,30
von_neumann,19,0.08,500,24,0.182413,0.907838,0.702222,0.334082,0.253462,0.670975,0.069607,0.015692,3.7609,3.6013,71,27
von_neumann,19,0.08,1000,24,0.20159,0.877846,0.691096,0.318793,0.26673,0.87315,0.068592,-0.006228,3.6754,3.313,70,26
von_neumann,20,0.08,500,24,0.181088,0.925897,0.698894,0.338949,0.259116,0.707408,0.069052,0.081012,3.7644,3.5819,65,27
von_neumann,20,0.08,1000,24,0.185056,0.905878,0.698864,0.33475,0.261599,0.741086,0.068471,0.039413,3.7552,3.5808,67,28
von_neumann,21,0.08,500,24,0.208184,0.946838,0.739494,0.351523,0.263235,0.75688,0.06914,-0.063283,3.8224,3.5403,83,35
von_neumann,21,0.08,1000,24,0.1638,0.851026,0.644581,0.326116,0.253913,0.765538,0.069901,-0.025133,3.6969,3.3978,74,21
von_neumann,22,0.08,500,24,0.186785,0.925313,0.683693,0.343628,0.272593,0.697925,0.068493,0.009904,3.7634,3.5996,62,23
von_neumann,22,0.08,1000,24,0.181189,0.910999,0.693817,0.335435,0.263986,0.740819,0.070617,-0.007788,3.7419,3.5419,65,21
von_neumann,23,0.08,500,24,0.162071,0.900577,0.690171,0.357846,0.258909,0.777801,0.069355,0.017123,3.8354,3.5012,70,25
von_neumann,23,0.08,1000,24,0.179799,0.867713,0.663061,0.343506,0.262323,0.73606,0.067114,-0.039751,3.7811,3.5432,67,22
von_neumann,24,0.08,500,24,0.159078,0.913182,0.655933,0.33301,0.259466,0.715754,0.065998,0.039121,3.7346,3.5575,68,19
von_neumann,24,0.08,1000,24,0.214167,0.893579,0.73382,0.356686,0.273333,0.712414,0.070649,-0.070145,3.7899,3.6441,80,35
von_neumann,25,0.08,500,24,0.205759,0.984591,0.717299,0.337408,0.270164,0.799794,0.067798,0.008479,3.7546,3.4236,82,33
von_neumann,25,0.08,1000,24,0.149585,0.886424,0.663766,0.355114,0.257093,0.88246,0.068451,-0.063314,3.8056,3.2346,73,26
von_neumann,26,0.08,500,24,0.164299,0.888575,0.700435,0.331631,0.252575,0.806511,0.065559,-0.018335,3.7509,3.3225,67,25
von_neumann,26,0.08,1000,24,0.169265,0.940861,0.691226,0.330023,0.254058,0.746345,0.069284,-0.019911,3.7456,3.5202,66,24
von_neumann,27,0.08,500,24,0.194377,0.919125,0.706622,0.345823,0.260477,0.748518,0.068582,-0.06126,3.7759,3.5214,75,27
von_neumann,27,0.08,1000,24,0.190359,0.937827,0.735541,0.350489,0.256137,0.728832,0.069503,-0.004068,3.813,3.5576,78,31
von_neumann,28,0.08,500,24,0.161956,0.91924,0.694241,0.347567,0.256152,0.710521,0.069352,-0.036504,3.7881,3.4923,72,23
von_neumann,28,0.08,1000,24,0.182884,0.969426,0.727096,0.348244,0.269338,0.914073,0.067214,0.029183,3.802,3.3067,59,33
von_neumann,29,0.08,500,24,0.192649,0.942668,0.696849,0.33177,0.263999,0.761417,0.069558,-0.021962,3.7381,3.4784,67,24
von_neumann,29,0.08,1000,24,0.199199,0.866123,0.717602,0.329953,0.256375,0.743928,0.069163,0.041536,3.7256,3.4624,68,32
von_neumann,30,0.08,500,24,0.187865,0.886015,0.721344,0.342233,0.260217,0.728232,0.0711,0.049698,3.779,3.5664,68,32
von_neumann,30,0.08,1000,24,0.205346,0.863029,0.710377,0.33516,0.261303,0.745305,0.07028,0.021023,3.735,3.4447,67,29
von_neumann,31,0.08,500,24,0.190012,0.878817,0.696999,0.321252,0.264722,0.73811,0.067831,0.045752,3.6957,3.5608,62,23
von_neumann,31,0.08,1000,24,0.172242,0.947632,0.704627,0.332944,0.258214,0.74043,0.070434,0.018665,3.75,3.504,68,28
von_neumann,32,0.08,500,24,0.193778,0.9106,0.695963,0.339276,0.266725,0.807742,0.067306,0.009465,3.7437,3.4135,67,26
von_neumann,32,0.08,1000,24,0.180181,0.934581,0.693444,0.334604,0.263902,0.656915,0.066184,-0.058469,3.7636,3.6559,81,28
von_neumann,33,0.08,500,24,0.188086,0.879597,0.733765,0.336832,0.268292,0.686562,0.06822,0.012345,3.7584,3.6652,65,31
von_neumann,33,0.08,1000,24,0.196037,0.956104,0.699522,0.341075,0.265279,0.770056,0.069058,-0.031786,3.7626,3.5106,73,27
von_neumann,34,0.08,500,24,0.178609,0.919295,0.676376,0.341111,0.267712,0.685918,0.067122,-0.009037,3.7626,3.6172,59,19
von_neumann,34,0.08,1000,24,0.216918,0.964923,0.717532,0.334673,0.268007,0.804513,0.067898,-0.006132,3.7493,3.4365,68,32
von_neumann,35,0.08,500,24,0.182899,0.85509,0.7107,0.340152,0.266493,0.849585,0.06813,-0.050553,3.749,3.3989,69,32
von_neumann,35,0.08,1000,24,0.174752,0.891148,0.687517,0.337149,0.261229,0.81555,0.069045,-0.000699,3.7365,3.4388,58,23
von_neumann,36,0.08,500,24,0.210609,0.882582,0.736814,0.340374,0.267525,0.69715,0.069084,-0.020074,3.7608,3.6884,74,35
von_neumann,36,0.08,1000,24,0.173369,0.937191,0.701197,0.345609,0.268321,0.765639,0.069312,0.007354,3.7965,3.5021,68,26
von_neumann,37,0.08,500,24,0.201915,0.909275,0.713103,0.325497,0.256045,0.830046,0.068212,-0.005479,3.7162,3.3751,71,33
von_neumann,37,0.08,1000,24,0.146784,0.930584,0.68444,0.358035,0.25862,0.748696,0.067403,-0.053437,3.8333,3.492,64,22
von_neumann,38,0.08,500,24,0.184454,0.892952,0.670129,0.337676,0.260714,0.702592,0.069475,0.027698,3.7282,3.6631,63,22
von_neumann,38,0.08,1000,24,0.200833,0.931294,0.701747,0.327385,0.266088,0.813201,0.069491,0.002153,3.7213,3.3967,70,29
von_neumann,39,0.08,500,24,0.164862,0.827702,0.672313,0.347728,0.263979,0.805629,0.065518,-0.036288,3.791,3.426,69,19
von_neumann,39,0.08,1000,24,0.198554,0.823051,0.669264,0.331884,0.25413,0.685892,0.072978,0.017705,3.6939,3.6269,70,22
von_neumann,40,0.08,500,24,0.183019,0.912919,0.731503,0.353166,0.257902,0.686936,0.067727,-0.025861,3.8215,3.5612,68,33
von_neumann,40,0.08,1000,24,0.149365,0.905465,0.668038,0.349773,0.265487,0.649801,0.068225,-0.00011,3.8138,3.6709,71,19
von_neumann,41,0.08,500,24,0.186376,0.912457,0.690824,0.334512,0.250482,0.75552,0.070523,-0.035797,3.7559,3.4677,64,24
von_neumann,41,0.08,1000,24,0.17562,0.953895,0.701893,0.349676,0.260482,0.707616,0.067871,0.029462,3.8023,3.6145,66,26
von_neumann,42,0.08,500,24,0.191121,0.900862,0.684072,0.339121,0.275401,0.806274,0.068467,-0.008007,3.7482,3.508,79,23
von_neumann,42,0.08,1000,24,0.171764,0.863293,0.678674,0.351161,0.257075,0.754623,0.068213,0.01317,3.774,3.4499,63,21
von_neumann,43,0.08,500,24,0.194078,0.886709,0.711373,0.345063,0.262059,0.817918,0.07069,0.064728,3.776,3.3688,66,24
von_neumann,43,0.08,1000,24,0.162635,0.894489,0.681287,0.361441,0.266129,0.785185,0.067316,0.017868,3.8243,3.5091,75,22
von_neumann,44,0.08,500,24,0.177051,0.898722,0.699565,0.345021,0.26219,0.822366,0.067966,0.031434,3.7707,3.373,71,27
von_neumann,44,0.08,1000,24,0.190301,0.893846,0.706673,0.344102,0.265686,0.786853,0.06735,0.111687,3.7744,3.5102,65,28
von_neumann,45,0.08,500,24,0.177861,0.82365,0.661958,0.340274,0.254531,0.724887,0.069145,-0.022045,3.735,3.5492,66,18
von_neumann,45,0.08,1000,24,0.19398,0.902567,0.712582,0.345795,0.261416,0.734775,0.069861,-0.000127,3.7787,3.5275,74,31
von_neumann,46,0.08,500,24,0.18441,0.854891,0.684049,0.329978,0.253918,0.764214,0.070135,0.000804,3.7313,3.4035,70,26
von_neumann,46,0.08,1000,24,0.188441,0.859067,0.685032,0.3326,0.254021,0.791146,0.068191,0.01498,3.7394,3.3195,69,27
von_neumann,47,0.08,500,24,0.170755,0.944127,0.701628,0.351849,0.261234,0.733919,0.068966,-0.009747,3.8113,3.5475,68,29
von_neumann,47,0.08,1000,24,0.20199,0.904796,0.710734,0.329861,0.266491,0.812128,0.069854,-0.004952,3.7368,3.4611,68,28
von_neumann,48,0.08,500,24,0.181859,0.980074,0.696138,0.327837,0.256305,0.66017,0.06826,-0.012339,3.7067,3.6407,65,24
von_neumann,48,0.08,1000,24,0.184508,0.877461,0.666666,0.322944,0.255978,0.684683,0.069151,-0.046932,3.6936,3.5828,70,24
von_neumann,49,0.08,500,24,0.216865,0.935646,0.742288,0.343513,0.267304,0.722917,0.06994,0.001314,3.7879,3.5863,89,44
von_neumann,49,0.08,1000,24,0.189944,0.881487,0.725065,0.346774,0.266199,0.716348,0.068708,-5e-06,3.7765,3.6101,69,26
von_neumann,50,0.08,500,24,0.181259,0.926825,0.716156,0.338584,0.266611,0.677356,0.068869,0.014689,3.7695,3.7104,71,30
von_neumann,50,0.08,1000,24,0.185354,0.875622,0.708123,0.352387,0.27141,0.788593,0.066663,0.01683,3.7579,3.4748,70,29
moore,1,0.08,500,24,0.235051,0.904254,0.720088,0.334756,0.317057,0.867079,0.044006,0.009004,3.6991,3.3918,41,31
moore,1,0.08,1000,24,0.185678,0.899941,0.701404,0.33236,0.318315,0.836335,0.045969,0.017185,3.73,3.3782,46,25
moore,2,0.08,500,24,0.147147,0.875569,0.654035,0.335863,0.297193,0.674286,0.044052,0.019018,3.733,3.61,33,16
moore,2,0.08,1000,24,0.211894,0.924456,0.712522,0.322024,0.314446,0.841988,0.04477,0.023401,3.7019,3.436,37,26
moore,3,0.08,500,24,0.212664,0.883512,0.711369,0.32955,0.323436,0.832825,0.045285,0.006517,3.7207,3.5362,45,32
moore,3,0.08,1000,24,0.168184,0.908503,0.721404,0.35724,0.297288,0.772929,0.044685,-0.013867,3.8298,3.5174,46,25
moore,4,0.08,500,24,0.194132,0.94171,0.705077,0.338205,0.305843,0.755048,0.044868,0.02464,3.7678,3.5375,40,21
moore,4,0.08,1000,24,0.201441,0.936682,0.695778,0.338487,0.30554,0.781917,0.043386,-0.014851,3.7438,3.5008,44,21
moore,5,0.08,500,24,0.186973,0.928004,0.683077,0.329396,0.320871,0.802921,0.042641,0.015505,3.7321,3.5232,47,20
moore,5,0.08,1000,24,0.177197,0.883507,0.669994,0.357563,0.306189,0.886281,0.044446,0.015896,3.7741,3.3274,37,18
moore,6,0.08,500,24,0.203158,0.877468,0.7079,0.3456,0.319289,0.743832,0.044236,0.009666,3.7585,3.654,41,22
moore,6,0.08,1000,24,0.204184,0.946347,0.738365,0.337702,0.310989,0.854725,0.044405,0.011366,3.7561,3.3827,41,27
moore,7,0.08,500,24,0.196771,0.909557,0.686519,0.330116,0.311776,0.793573,0.044092,0.024232,3.7201,3.5175,41,21
moore,7,0.08,1000,24,0.174084,0.96495,0.700696,0.32934,0.296029,0.678028,0.04617,0.037523,3.7537,3.5807,32,18
moore,8,0.08,500,24,0.200559,0.896911,0.697888,0.333318,0.314395,0.901985,0.044453,0.000286,3.7205,3.3062,37,23
moore,8,0.08,1000,24,0.18689,0.90552,0.68699,0.339882,0.294802,0.748962,0.046045,-0.014517,3.75,3.4944,37,22
moore,9,0.08,500,24,0.215417,0.896403,0.735853,0.342088,0.311095,0.830774,0.044956,0.015207,3.7623,3.4178,40,26
moore,9,0.08,1000,24,0.199972,0.973158,0.680249,0.330478,0.303358,0.839461,0.045191,0.016353,3.7207,3.4472,40,19
moore,10,0.08,500,24,0.195128,0.859084,0.691234,0.325265,0.307132,0.759876,0.045277,0.025511,3.7027,3.5513,39,21
moore,10,0.08,1000,24,0.210937,0.908477,0.714074,0.342031,0.31494,0.765543,0.043599,0.000757,3.7569,3.5702,40,24
moore,11,0.08,500,24,0.190284,0.942447,0.712204,0.33169,0.316035,0.822279,0.044682,0.010824,3.7425,3.44,46,22
moore,11,0.08,1000,24,0.218722,0.927058,0.717828,0.33558,0.3118,0.695989,0.045432,-0.014106,3.744,3.6757,35,31
moore,12,0.08,500,24,0.195049,0.902948,0.723848,0.329778,0.302308,0.734132,0.044327,0.007514,3.7356,3.5546,40,29
moore,12,0.08,1000,24,0.177367,0.920907,0.68609,0.341813,0.307882,0.830071,0.04435,-0.000443,3.7514,3.4606,48,20
moore,13,0.08,500,24,0.225346,0.88511,0.724043,0.34083,0.319048,0.828155,0.044609,0.019045,3.7475,3.4747,38,29
moore,13,0.08,1000,24,0.195429,0.917118,0.706432,0.333549,0.307164,0.716364,0.044641,0.005559,3.7461,3.6095,39,24
moore,14,0.08,500,24,0.159363,0.909421,0.690242,0.360073,0.302086,0.771144,0.041577,0.000627,3.832,3.4881,46,20
moore,14,0.08,1000,24,0.217369,0.939709,0.693815,0.333138,0.319445,0.791684,0.043006,0.018687,3.719,3.5285,42,22
moore,15,0.08,500,24,0.201832,0.857411,0.699502,0.320882,0.300992,0.864824,0.0447,0.001992,3.6661,3.299,41,25
moore,15,0.08,1000,24,0.191694,0.929402,0.71193,0.338065,0.310062,0.740829,0.043812,0.006098,3.7618,3.6125,44,25
moore,16,0.08,500,24,0.211308,0.889779,0.706737,0.323476,0.323558,0.788645,0.04474,0.053539,3.6923,3.4706,35,26
moore,16,0.08,1000,24,0.195612,0.895941,0.697919,0.321224,0.312187,0.725763,0.044467,0.053695,3.6925,3.6021,35,23
moore,17,0.08,500,24,0.198827,0.930822,0.725042,0.34924,0.319643,0.69609,0.044469,0.021842,3.7846,3.6824,35,25
moore,17,0.08,1000,24,0.171252,0.936878,0.714014,0.34669,0.30979,0.789893,0.043486,0.033089,3.8004,3.469,41,29
moore,18,0.08,500,24,0.204597,0.930671,0.702154,0.335283,0.301173,0.817755,0.045545,0.025478,3.7379,3.3022,34,24
moore,18,0.08,1000,24,0.170816,0.933829,0.708615,0.338861,0.313332,0.76977,0.045113,0.02962,3.7848,3.5599,37,23
moore,19,0.08,500,24,0.184674,0.887197,0.703814,0.345726,0.301588,0.850918,0.045798,0.010698,3.7709,3.3677,43,23
moore,19,0.08,1000,24,0.216506,0.907187,0.738371,0.338967,0.313053,0.801001,0.046302,0.013845,3.7348,3.5111,41,32
moore,20,0.08,500,24,0.181438,0.956674,0.704592,0.338337,0.309715,0.72653,0.044187,0.033414,3.7649,3.6209,40,25
moore,20,0.08,1000,24,0.198993,0.934738,0.662325,0.327535,0.312704,0.74808,0.044356,0.00763,3.6985,3.6486,32,19
moore,21,0.08,500,24,0.212839,0.92369,0.736774,0.345599,0.317408,0.81606,0.04496,-0.029452,3.7707,3.5465,42,29
moore,21,0.08,1000,24,0.190381,0.868973,0.688372,0.332612,0.305192,0.740532,0.045284,-0.00056,3.7227,3.5712,38,20
moore,22,0.08,500,24,0.202788,0.891641,0.718011,0.34416,0.32319,0.903409,0.044422,0.003199,3.7516,3.2708,46,30
moore,22,0.08,1000,24,0.194368,0.944614,0.698996,0.340951,0.318974,0.857525,0.045504,0.02624,3.7446,3.4658,43,22
moore,23,0.08,500,24,0.163749,0.859994,0.709297,0.356187,0.308201,0.799802,0.042899,-0.00904,3.817,3.5137,45,22
moore,23,0.08,1000,24,0.191156,0.933143,0.687963,0.332413,0.311669,0.812156,0.043675,0.000687,3.7239,3.447,45,19
moore,24,0.08,500,24,0.191997,0.904743,0.679376,0.327818,0.305075,0.733118,0.043621,0.037204,3.7058,3.5693,36,19
moore,24,0.08,1000,24,0.221023,0.884219,0.739966,0.336728,0.325338,0.783956,0.045393,-0.009325,3.7284,3.4896,45,32
moore,25,0.08,500,24,0.209486,0.917782,0.732048,0.341253,0.326127,0.779764,0.042815,0.072117,3.7639,3.5394,28,26
moore,25,0.08,1000,24,0.179125,0.90356,0.713132,0.356002,0.29911,0.808436,0.045225,-0.000612,3.8242,3.3951,49,28
moore,26,0.08,500,24,0.172735,0.901501,0.705974,0.331638,0.299483,0.800104,0.043963,0.006742,3.7499,3.4094,43,25
moore,26,0.08,1000,24,0.174123,0.844867,0.665897,0.345723,0.296107,0.782007,0.043736,0.029485,3.7693,3.4851,33,17
moore,27,0.08,500,24,0.188923,0.957428,0.712851,0.342324,0.309483,0.763453,0.044806,0.010914,3.7801,3.5628,37,26
moore,27,0.08,1000,24,0.202995,0.909552,0.704422,0.344563,0.305434,0.731388,0.045744,-0.007026,3.7808,3.6219,38,28
moore,28,0.08,500,24,0.167826,0.90135,0.700332,0.341972,0.307754,0.80034,0.043782,0.019851,3.7805,3.4268,46,26
moore,28,0.08,1000,24,0.187163,0.896066,0.71567,0.341692,0.320122,0.787986,0.044268,0.056281,3.7635,3.5575,39,29
moore,29,0.08,500,24,0.181519,0.941838,0.735461,0.348866,0.314127,0.792458,0.044161,-0.013833,3.8095,3.4893,41,31
moore,29,0.08,1000,24,0.193799,0.936446,0.686667,0.329868,0.302703,0.789872,0.045036,0.026707,3.7326,3.4045,37,22
moore,30,0.08,500,24,0.19854,0.963494,0.709839,0.342093,0.314355,0.813038,0.047182,0.015569,3.779,3.4848,39,21
moore,30,0.08,1000,24,0.218131,0.904762,0.74091,0.343583,0.316308,0.799063,0.044264,0.029128,3.7679,3.5158,35,32
moore,31,0.08,500,24,0.195531,0.918945,0.695851,0.325815,0.317074,0.754533,0.044508,-0.00402,3.7038,3.5439,38,20
moore,31,0.08,1000,24,0.170434,0.961745,0.672951,0.345049,0.314728,0.768073,0.043835,-0.010097,3.7792,3.5715,45,19
moore,32,0.08,500,24,0.194161,0.879486,0.724101,0.356183,0.311529,0.778872,0.043584,0.014864,3.8022,3.4522,41,29
moore,32,0.08,1000,24,0.203813,0.908447,0.711523,0.337121,0.314298,0.764758,0.043669,-0.013094,3.7634,3.5656,47,27
moore,33,0.08,500,24,0.197606,0.932429,0.702834,0.346989,0.323634,0.812723,0.043506,0.02665,3.788,3.5076,37,27
moore,33,0.08,1000,24,0.202292,0.889069,0.693367,0.328939,0.316152,0.797503,0.045251,0.025386,3.7162,3.5197,39,22
moore,34,0.08,500,24,0.193815,0.910899,0.720498,0.343793,0.314918,0.777837,0.043758,0.003931,3.7884,3.4851,49,24
moore,34,0.08,1000,24,0.202149,0.926384,0.721481,0.343065,0.313787,0.815323,0.045259,0.001646,3.7755,3.5006,40,28
moore,35,0.08,500,24,0.197343,0.914033,0.705077,0.326202,0.316141,0.734981,0.044909,-0.021469,3.7145,3.5996,53,23
moore,35,0.08,1000,24,0.198844,0.934132,0.709931,0.341289,0.307342,0.790946,0.043705,0.050279,3.7836,3.4416,44,23
moore,36,0.08,500,24,0.198354,0.907523,0.687311,0.331878,0.309029,0.776573,0.04369,-0.001174,3.7411,3.5277,46,22
moore,36,0.08,1000,24,0.186489,0.893662,0.704716,0.341685,0.32006,0.882643,0.044101,0.004646,3.7697,3.42,43,28
moore,37,0.08,500,24,0.211702,0.907231,0.694654,0.328212,0.301327,0.820873,0.044763,0.003275,3.7027,3.4331,39,23
moore,37,0.08,1000,24,0.179028,0.917077,0.716927,0.35013,0.311638,0.808043,0.043365,-0.013133,3.8193,3.571,42,30
moore,38,0.08,500,24,0.193033,0.884186,0.669587,0.323478,0.31275,0.744572,0.045003,-0.008403,3.6639,3.5672,47,19
moore,38,0.08,1000,24,0.201529,0.903014,0.693028,0.330792,0.318306,0.77331,0.044554,-0.007045,3.7321,3.5381,46,23
moore,39,0.08,500,24,0.186006,0.947162,0.674613,0.337665,0.31194,0.739243,0.043003,0.00947,3.7398,3.5413,38,22
moore,39,0.08,1000,24,0.21414,0.905057,0.708377,0.334447,0.30569,0.835512,0.048672,0.028849,3.7331,3.4019,33,23
moore,40,0.08,500,24,0.199583,0.914128,0.689248,0.333771,0.306921,0.754901,0.044219,0.021454,3.723,3.5135,44,24
moore,40,0.08,1000,24,0.182855,0.919438,0.684291,0.354206,0.314284,0.79639,0.044618,0.038027,3.8074,3.5292,41,24
moore,41,0.08,500,24,0.204311,0.841059,0.701722,0.337158,0.306268,0.726219,0.045188,0.01088,3.7344,3.6175,37,23
moore,41,0.08,1000,24,0.178537,0.915747,0.705887,0.352722,0.310322,0.763777,0.043719,0.009471,3.7972,3.5461,42,25
moore,42,0.08,500,24,0.192749,0.957286,0.704275,0.342862,0.325517,0.775012,0.043852,-0.000552,3.7777,3.6061,42,25
moore,42,0.08,1000,24,0.187856,0.93315,0.710263,0.34568,0.311271,0.760516,0.041868,-0.005373,3.7813,3.564,41,25
moore,43,0.08,500,24,0.206388,0.869707,0.700809,0.316387,0.310513,0.837032,0.045852,0.021617,3.6635,3.3896,42,25
moore,43,0.08,1000,24,0.187523,0.914249,0.68914,0.348384,0.310214,0.76872,0.044332,0.018298,3.7927,3.5771,40,21
moore,44,0.08,500,24,0.171716,0.902918,0.713447,0.357839,0.311471,0.764725,0.044006,0.017544,3.8199,3.5054,39,29
moore,44,0.08,1000,24,0.201519,0.94841,0.679769,0.335796,0.31832,0.80148,0.04427,0.084887,3.7359,3.5494,45,20
moore,45,0.08,500,24,0.201492,0.931371,0.721397,0.338694,0.308439,0.77309,0.042923,-0.00152,3.7507,3.526,42,28
moore,45,0.08,1000,24,0.194656,0.930677,0.744541,0.359096,0.3126,0.741924,0.045042,0.001019,3.8434,3.5952,44,29
moore,46,0.08,500,24,0.192636,0.930248,0.674676,0.333065,0.304024,0.751618,0.045682,0.029515,3.727,3.4847,42,23
moore,46,0.08,1000,24,0.191649,0.865974,0.67803,0.324843,0.305777,0.864809,0.043104,0.019108,3.6901,3.3551,47,19
moore,47,0.08,500,24,0.171571,0.890513,0.697315,0.340934,0.300138,0.723977,0.045587,0.008914,3.7651,3.6206,44,19
moore,47,0.08,1000,24,0.212651,0.903372,0.680321,0.325101,0.312471,0.793686,0.046166,0.032849,3.6847,3.4745,42,20
moore,48,0.08,500,24,0.181,0.907928,0.726267,0.341014,0.304143,0.810513,0.043963,0.052093,3.7757,3.5048,47,25
moore,48,0.08,1000,24,0.190494,0.896559,0.704419,0.327314,0.305192,0.781499,0.045302,0.017378,3.7168,3.4787,38,23
moore,49,0.08,500,24,0.209997,0.940754,0.714636,0.335708,0.310159,0.810472,0.045504,0.057556,3.752,3.4849,33,27
moore,49,0.08,1000,24,0.187029,0.99565,0.713822,0.338315,0.315503,0.679736,0.04443,0.009523,3.7665,3.7773,36,24
moore,50,0.08,500,24,0.189005,0.936908,0.714576,0.348427,0.318113,0.731986,0.044803,0.038795,3.8086,3.682,38,26
moore,50,0.08,1000,24,0.194005,0.915881,0.716034,0.342588,0.317901,0.929585,0.043464,0.002385,3.7724,3.3084,35,26
hex,1,0.08,500,24,0.229805,0.916788,0.726938,0.327886,0.301855,0.771818,0.050232,0.032608,3.7052,3.5619,53,37
hex,1,0.08,1000,24,0.19318,0.898742,0.683136,0.323399,0.30182,0.733721,0.051842,0.010882,3.6884,3.5803,52,22
hex,2,0.08,500,24,0.172466,0.848621,0.672554,0.323957,0.28764,0.714771,0.050758,-0.0095,3.6908,3.5805,54,21
hex,2,0.08,1000,24,0.211292,0.886708,0.685722,0.332013,0.294511,0.691148,0.051012,0.008885,3.7023,3.6135,58,17
hex,3,0.08,500,24,0.224307,0.913987,0.746067,0.341658,0.307665,0.741693,0.051627,-0.017529,3.765,3.6336,56,38
hex,3,0.08,1000,24,0.179731,0.885713,0.688786,0.345115,0.285443,0.686131,0.051485,-0.035703,3.7599,3.6565,58,22
hex,4,0.08,500,24,0.197535,0.908474,0.731109,0.343834,0.291296,0.819872,0.051551,0.009569,3.7849,3.4276,49,28
hex,4,0.08,1000,24,0.202872,0.881642,0.716007,0.34257,0.294397,0.736309,0.049581,-0.01576,3.7698,3.6412,57,32
hex,5,0.08,500,24,0.177448,0.890322,0.701624,0.346404,0.308173,0.82774,0.049133,0.023255,3.7938,3.469,56,26
hex,5,0.08,1000,24,0.182621,0.893741,0.707865,0.353722,0.295362,0.739618,0.050236,0.028573,3.7984,3.5974,58,26
hex,6,0.08,500,24,0.200556,0.869498,0.683528,0.341934,0.300063,0.745468,0.050439,0.008903,3.7397,3.586,55,21
hex,6,0.08,1000,24,0.207391,0.847211,0.699046,0.322436,0.293348,0.759721,0.05053,0.000522,3.6819,3.5151,49,23
hex,7,0.08,500,24,0.204299,0.929478,0.700413,0.330131,0.295585,0.725596,0.050538,0.028934,3.7213,3.5621,55,25
hex,7,0.08,1000,24,0.178351,0.910286,0.712803,0.328863,0.283553,0.773545,0.052343,0.015729,3.7327,3.4097,49,26
hex,8,0.08,500,24,0.200516,0.869425,0.717037,0.331675,0.297627,0.811237,0.050023,-0.009839,3.7281,3.4339,63,29
hex,8,0.08,1000,24,0.185331,0.897297,0.653986,0.335411,0.28228,0.651773,0.05224,0.012169,3.6924,3.6445,54,12
hex,9,0.08,500,24,0.217514,0.893097,0.73343,0.339133,0.299961,0.836565,0.051565,0.022163,3.7546,3.3995,58,32
hex,9,0.08,1000,24,0.215524,0.942559,0.680938,0.32991,0.289065,0.849417,0.050948,0.007855,3.6919,3.4133,57,24
hex,10,0.08,500,24,0.186438,0.856153,0.688044,0.32537,0.288154,0.706145,0.051973,0.002681,3.6818,3.6221,52,17
hex,10,0.08,1000,24,0.207552,0.908867,0.702005,0.345607,0.300362,0.84779,0.049535,-0.004446,3.7732,3.4129,55,25
hex,11,0.08,500,24,0.182606,0.870976,0.675787,0.344625,0.302866,0.771511,0.051083,0.011027,3.7693,3.5492,58,18
hex,11,0.08,1000,24,0.213162,0.952275,0.70198,0.33363,0.298402,0.740749,0.051476,-0.031488,3.7152,3.5814,59,29
hex,12,0.08,500,24,0.199315,0.914621,0.71125,0.329997,0.286768,0.723555,0.050914,0.006568,3.7182,3.5642,64,27
hex,12,0.08,1000,24,0.182552,0.946049,0.696772,0.337784,0.286401,0.75788,0.050711,0.011707,3.773,3.5223,60,24
hex,13,0.08,500,24,0.221524,0.917597,0.745738,0.3509,0.303224,0.781055,0.050572,-0.00563,3.8113,3.5541,55,36
hex,13,0.08,1000,24,0.207897,0.932408,0.707768,0.319615,0.2948,0.839234,0.051072,-0.013661,3.7011,3.4044,56,28
hex,14,0.08,500,24,0.165664,0.909152,0.707014,0.360388,0.287716,0.828733,0.047642,-0.000311,3.8233,3.3282,57,23
hex,14,0.08,1000,24,0.217748,0.911857,0.694446,0.329483,0.301457,0.857513,0.049112,0.050452,3.6991,3.4041,55,23
hex,15,0.08,500,24,0.201262,0.872769,0.692083,0.313286,0.281627,0.757344,0.051263,-0.008316,3.6647,3.4583,53,25
hex,15,0.08,1000,24,0.182066,0.903851,0.705602,0.338129,0.296189,0.838176,0.049746,-0.011679,3.7692,3.4612,65,30
hex,16,0.08,500,24,0.216724,0.93367,0.737486,0.338485,0.311244,0.831755,0.05101,0.020901,3.7543,3.427,50,30
hex,16,0.08,1000,24,0.190848,0.874574,0.699662,0.323946,0.297982,0.769452,0.050353,0.031583,3.69,3.5284,52,27
hex,17,0.08,500,24,0.20637,0.901121,0.751791,0.352612,0.304596,0.67621,0.050618,-0.025226,3.8069,3.7405,54,38
hex,17,0.08,1000,24,0.16472,0.935414,0.724898,0.344209,0.294874,0.746618,0.049948,0.066391,3.7742,3.5535,51,28
hex,18,0.08,500,24,0.19242,0.941197,0.688789,0.345764,0.283015,0.723178,0.05111,0.040262,3.7736,3.4879,54,21
hex,18,0.08,1000,24,0.18556,0.913086,0.717648,0.333158,0.298084,0.738143,0.050863,0.052855,3.7525,3.6407,54,25
hex,19,0.08,500,24,0.202802,0.872786,0.693782,0.337101,0.28718,0.772962,0.051836,0.015289,3.7139,3.4513,52,21
hex,19,0.08,1000,24,0.207666,0.865844,0.712855,0.324509,0.297854,0.781797,0.052026,0.029194,3.7024,3.4937,57,28
hex,20,0.08,500,24,0.201723,0.906377,0.719351,0.337399,0.300717,0.866009,0.050575,0.029199,3.7519,3.3485,51,32
hex,20,0.08,1000,24,0.204651,0.935714,0.698092,0.332752,0.298882,0.807909,0.050645,0.021024,3.7437,3.5304,52,25
hex,21,0.08,500,24,0.225477,0.882014,0.738678,0.34141,0.301714,0.758162,0.050926,-0.043287,3.7419,3.6164,58,32
hex,21,0.08,1000,24,0.179245,0.829804,0.655965,0.325911,0.290441,0.799983,0.051016,-0.000454,3.7041,3.42,54,21
hex,22,0.08,500,24,0.199982,0.928603,0.704926,0.340163,0.306897,0.788617,0.050808,-0.0129,3.7643,3.4773,54,25
hex,22,0.08,1000,24,0.189938,0.944467,0.688675,0.337861,0.303418,0.845966,0.052042,0.008412,3.7368,3.423,52,19
hex,23,0.08,500,24,0.178921,0.941641,0.733705,0.345454,0.291373,0.795435,0.049141,-0.004347,3.7584,3.4836,57,35
hex,23,0.08,1000,24,0.192916,0.916483,0.68974,0.347073,0.294363,0.731011,0.049667,-0.013002,3.7666,3.5867,54,24
hex,24,0.08,500,24,0.173488,0.818988,0.657621,0.325183,0.287523,0.80375,0.049436,0.01927,3.6785,3.3792,55,12
hex,24,0.08,1000,24,0.22824,0.909382,0.727643,0.346466,0.308074,0.835716,0.051527,-0.003302,3.7639,3.3972,57,34
hex,25,0.08,500,24,0.217163,0.911827,0.719213,0.336039,0.307875,0.837666,0.049062,0.069931,3.742,3.4355,45,25
hex,25,0.08,1000,24,0.187194,0.900187,0.717127,0.357925,0.285651,0.787948,0.05144,-0.015471,3.8281,3.4062,59,29
hex,26,0.08,500,24,0.170482,0.879614,0.706243,0.341084,0.285308,0.686795,0.049612,-0.002193,3.773,3.5571,57,28
hex,26,0.08,1000,24,0.188189,0.944011,0.702977,0.337681,0.283563,0.729552,0.050205,0.039904,3.7654,3.5821,48,26
hex,27,0.08,500,24,0.196006,0.943929,0.686099,0.338446,0.295358,0.72763,0.051211,-0.023024,3.7371,3.6316,55,23
hex,27,0.08,1000,24,0.202559,0.964646,0.709014,0.34874,0.288958,0.754605,0.051466,-0.002487,3.7743,3.5656,50,31
hex,28,0.08,500,24,0.156254,0.868916,0.694572,0.356167,0.291504,0.715597,0.049656,-0.023733,3.811,3.5031,54,22
hex,28,0.08,1000,24,0.195658,0.92184,0.715918,0.33836,0.302478,0.728775,0.050225,0.040577,3.7642,3.6512,51,30
hex,29,0.08,500,24,0.19126,0.921463,0.72044,0.337299,0.299546,0.839412,0.050279,0.019595,3.7672,3.3902,54,33
hex,29,0.08,1000,24,0.195493,0.909833,0.70075,0.32839,0.290036,0.870376,0.051215,0.014666,3.7266,3.267,50,27
hex,30,0.08,500,24,0.193634,0.930477,0.712137,0.335232,0.296533,0.856575,0.053099,0.018675,3.7579,3.4101,50,26
hex,30,0.08,1000,24,0.207797,0.891445,0.710181,0.343085,0.296217,0.743697,0.050746,0.072962,3.7647,3.5624,49,30
hex,31,0.08,500,24,0.192593,0.922883,0.694711,0.334354,0.298801,0.827402,0.050607,0.009118,3.75,3.3761,60,23
hex,31,0.08,1000,24,0.173755,0.980205,0.693008,0.340186,0.294365,0.747325,0.050326,0.011751,3.7739,3.5475,60,23
hex,32,0.08,500,24,0.19513,0.859962,0.714108,0.34638,0.297089,0.908655,0.049834,0.011541,3.7676,3.2271,52,23
hex,32,0.08,1000,24,0.202094,0.889603,0.717028,0.334133,0.299697,0.809863,0.050218,-0.022475,3.7208,3.4818,60,31
hex,33,0.08,500,24,0.20068,0.9273,0.70767,0.344475,0.306788,0.788328,0.049864,0.035465,3.77,3.558,53,27
hex,33,0.08,1000,24,0.200088,0.897565,0.694487,0.335878,0.302338,0.758527,0.051602,0.007543,3.7293,3.5836,61,28
hex,34,0.08,500,24,0.18818,0.893674,0.713503,0.339899,0.302978,0.81259,0.0496,0.004008,3.7382,3.4844,56,25
hex,34,0.08,1000,24,0.209953,0.904546,0.745894,0.339809,0.300211,0.811611,0.050906,0.028706,3.7615,3.4715,58,33
hex,35,0.08,500,24,0.189634,0.920699,0.687074,0.324556,0.298093,0.717348,0.051109,0.010814,3.7085,3.5836,52,22
hex,35,0.08,1000,24,0.183871,0.955062,0.700912,0.338678,0.294115,0.788408,0.050674,0.059655,3.7723,3.462,56,23
hex,36,0.08,500,24,0.206126,0.890129,0.716692,0.336668,0.299017,0.783151,0.050011,0.015752,3.7384,3.5264,49,29
hex,36,0.08,1000,24,0.186292,0.947914,0.699112,0.335378,0.307671,0.755583,0.050394,0.014959,3.7561,3.6109,52,24
hex,37,0.08,500,24,0.202738,0.848871,0.66696,0.321063,0.285766,0.900712,0.050557,0.001611,3.6844,3.2751,51,22
hex,37,0.08,1000,24,0.183202,0.948781,0.742099,0.358732,0.298299,0.845564,0.049483,-0.020989,3.8593,3.4662,64,36
hex,38,0.08,500,24,0.207117,0.879036,0.676676,0.323392,0.297234,0.690201,0.051066,-0.009881,3.6948,3.6594,53,23
hex,38,0.08,1000,24,0.205254,0.936441,0.714652,0.340571,0.298531,0.784788,0.050492,0.021028,3.7656,3.4924,55,29
hex,39,0.08,500,24,0.185829,0.921582,0.685597,0.340102,0.296406,0.872742,0.049004,0.024651,3.7516,3.3608,54,20
hex,39,0.08,1000,24,0.217074,0.918065,0.687182,0.333172,0.290852,0.785061,0.054764,0.030366,3.7261,3.4449,54,24
hex,40,0.08,500,24,0.202591,0.946933,0.710476,0.3351,0.293961,0.724533,0.050038,-0.014356,3.7639,3.5604,60,28
hex,40,0.08,1000,24,0.181111,0.907626,0.676873,0.347095,0.299168,0.833296,0.051183,0.013657,3.7685,3.4469,61,21
hex,41,0.08,500,24,0.204524,0.834528,0.700434,0.340588,0.288744,0.685405,0.051712,-0.002556,3.7321,3.6809,52,25
hex,41,0.08,1000,24,0.174979,0.876034,0.705146,0.357238,0.291386,0.741323,0.049945,0.032602,3.806,3.5423,49,28
hex,42,0.08,500,24,0.187435,0.904227,0.710477,0.350089,0.309923,0.8553,0.049953,0.013264,3.8079,3.4591,55,25
hex,42,0.08,1000,24,0.178558,0.907387,0.675234,0.340758,0.294122,0.785916,0.048685,0.052104,3.7584,3.5058,50,20
hex,43,0.08,500,24,0.206441,0.909279,0.711968,0.32932,0.296156,0.682786,0.051988,0.064204,3.718,3.6592,47,21
hex,43,0.08,1000,24,0.192855,0.9103,0.704979,0.339932,0.298442,0.765426,0.05048,0.023654,3.7653,3.588,58,22
hex,44,0.08,500,24,0.179583,0.950838,0.71046,0.354778,0.293716,0.767999,0.049958,0.016187,3.8259,3.5075,51,28
hex,44,0.08,1000,24,0.20636,0.932719,0.712714,0.332656,0.307068,0.765794,0.050643,0.086398,3.7309,3.6286,55,29
hex,45,0.08,500,24,0.199147,0.893012,0.709196,0.337927,0.291178,0.76554,0.049839,-0.021805,3.7413,3.5264,47,22
hex,45,0.08,1000,24,0.186557,0.909693,0.699307,0.352368,0.296405,0.781285,0.051739,-0.025598,3.8165,3.4887,62,26
hex,46,0.08,500,24,0.192258,0.847487,0.654664,0.321911,0.28584,0.719644,0.052244,0.019957,3.6945,3.5405,57,21
hex,46,0.08,1000,24,0.197236,0.966429,0.66541,0.323751,0.28962,0.743203,0.04932,0.030043,3.6781,3.5047,51,18
hex,47,0.08,500,24,0.172103,0.891529,0.699429,0.335922,0.290085,0.754561,0.051372,0.014412,3.7632,3.5538,57,26
hex,47,0.08,1000,24,0.20388,0.962133,0.674856,0.330073,0.298455,0.792354,0.052552,0.04272,3.7175,3.4974,52,17
hex,48,0.08,500,24,0.180053,0.894502,0.690227,0.338166,0.2868,0.851998,0.050239,-0.012464,3.7533,3.3737,55,21
hex,48,0.08,1000,24,0.186466,0.920976,0.700705,0.321714,0.289064,0.800425,0.051485,0.00022,3.6952,3.3898,51,24
hex,49,0.08,500,24,0.219397,0.903926,0.729592,0.342091,0.298318,0.717345,0.051718,0.069031,3.7753,3.692,57,30
hex,49,0.08,1000,24,0.194936,0.918723,0.728969,0.335212,0.305787,0.706118,0.050773,-0.024665,3.7492,3.6706,52,30
hex,50,0.08,500,24,0.187426,0.924574,0.710544,0.350954,0.301279,0.753147,0.051178,-0.00083,3.7995,3.5969,54,27
hex,50,0.08,1000,24,0.191445,0.954759,0.705592,0.340352,0.303921,0.760658,0.049351,0.012621,3.7646,3.5707,50,26
random,1,0.08,500,24,0.187337,0.871358,0.681174,0.335151,0.343918,0.802783,0.05431,0.019157,3.7354,3.6207,60,22
random,1,0.08,1000,24,0.168682,0.931135,0.706241,0.344167,0.337809,0.769439,0.053425,-0.002945,3.8054,3.6982,63,27
random,2,0.08,500,24,0.181704,0.894411,0.698228,0.337153,0.338875,0.821127,0.053297,-0.01035,3.7617,3.5627,72,27
random,2,0.08,1000,24,0.187146,0.913808,0.687221,0.327502,0.353292,0.849364,0.055003,-0.017104,3.7255,3.5932,78,23
random,3,0.08,500,24,0.191125,0.882351,0.69382,0.334455,0.358136,0.819319,0.055404,-0.00287,3.7412,3.733,74,25
random,3,0.08,1000,24,0.175533,0.885787,0.681686,0.330272,0.338716,0.763642,0.054253,-0.006327,3.7312,3.6181,63,22
random,4,0.08,500,24,0.189771,0.942974,0.691967,0.336648,0.360946,0.828147,0.053251,0.007162,3.7617,3.6385,63,25
random,4,0.08,1000,24,0.178627,0.943099,0.685022,0.335395,0.352007,0.813561,0.053315,0.017256,3.7514,3.6515,80,24
random,5,0.08,500,24,0.2144,0.927464,0.717101,0.32829,0.348342,0.818903,0.054271,-0.003488,3.722,3.6953,72,30
random,5,0.08,1000,24,0.170478,0.890291,0.679424,0.333088,0.345063,0.768783,0.054659,-0.007549,3.7215,3.651,69,24
random,6,0.08,500,24,0.184869,0.957106,0.687211,0.344158,0.358519,0.833381,0.054467,0.017484,3.786,3.6812,73,25
random,6,0.08,1000,24,0.180902,0.846075,0.687033,0.342484,0.351131,0.821022,0.053993,0.001396,3.7484,3.576,60,20
random,7,0.08,500,24,0.193754,0.894015,0.701501,0.331522,0.355562,0.816397,0.0547,0.014979,3.727,3.6593,58,27
random,7,0.08,1000,24,0.179784,0.879872,0.694202,0.330404,0.345826,0.833074,0.055228,0.015436,3.7265,3.612,62,25
random,8,0.08,500,24,0.177452,0.94679,0.6994,0.348939,0.338727,0.839327,0.053344,0.025266,3.808,3.5341,75,27
random,8,0.08,1000,24,0.195596,0.86372,0.66841,0.326064,0.34782,0.858695,0.05468,-0.023872,3.6993,3.5931,72,20
random,9,0.08,500,24,0.220527,0.959966,0.709111,0.326833,0.354099,0.836051,0.053919,0.0134,3.7141,3.6029,61,30
random,9,0.08,1000,24,0.189513,0.910749,0.700941,0.324748,0.334279,0.755808,0.054318,-0.028929,3.7083,3.713,76,27
random,10,0.08,500,24,0.186622,0.939625,0.717228,0.3468,0.337919,0.749498,0.054945,0.012011,3.7875,3.7191,56,29
random,10,0.08,1000,24,0.171911,0.875233,0.690468,0.348788,0.334936,0.848273,0.054892,0.009741,3.7906,3.5232,70,20
random,11,0.08,500,24,0.188832,0.894223,0.715035,0.330962,0.349306,0.808204,0.056386,-0.000288,3.7323,3.6273,74,31
random,11,0.08,1000,24,0.173314,0.878185,0.665654,0.329724,0.351859,0.843178,0.053884,0.029986,3.7015,3.5619,64,13
random,12,0.08,500,24,0.188581,0.88848,0.68846,0.324621,0.337578,0.85248,0.053472,0.027624,3.6991,3.5383,60,24
random,12,0.08,1000,24,0.207623,0.927429,0.705436,0.333443,0.348254,0.777967,0.054208,0.015303,3.7244,3.6565,49,23
random,13,0.08,500,24,0.194965,0.952248,0.716877,0.340598,0.35903,0.847561,0.053706,0.006064,3.7713,3.589,70,29
random,13,0.08,1000,24,0.196358,0.936873,0.676977,0.334132,0.350038,0.721051,0.054307,-0.033375,3.7419,3.7547,70,22
random,14,0.08,500,24,0.173206,0.877855,0.692535,0.341405,0.344394,0.787244,0.053565,0.02309,3.7457,3.6885,71,24
random,14,0.08,1000,24,0.214591,0.90101,0.730434,0.35276,0.34902,0.83322,0.053349,0.040728,3.8015,3.6059,74,31
random,15,0.08,500,24,0.1779,0.892989,0.683866,0.346296,0.345025,0.758454,0.053695,0.006825,3.7845,3.766,72,23
random,15,0.08,1000,24,0.215999,0.901311,0.728328,0.340902,0.347843,0.845322,0.054305,0.010579,3.7523,3.6455,62,28
random,16,0.08,500,24,0.199164,0.908956,0.721726,0.331768,0.354374,0.902762,0.054106,0.006982,3.7316,3.5002,65,31
random,16,0.08,1000,24,0.202172,0.934864,0.710477,0.336482,0.357082,0.904463,0.053993,-0.020987,3.7434,3.5051,61,30
random,17,0.08,500,24,0.198655,0.949113,0.697118,0.324828,0.349828,0.788776,0.055596,0.029393,3.6969,3.7194,66,27
random,17,0.08,1000,24,0.189338,0.89219,0.697819,0.338762,0.351907,0.861691,0.054772,-0.027234,3.7425,3.5525,64,26
random,18,0.08,500,24,0.201744,0.863398,0.702509,0.340411,0.355907,0.832527,0.053979,-0.023872,3.7523,3.6457,71,29
random,18,0.08,1000,24,0.18908,0.945598,0.707716,0.343174,0.354592,0.774542,0.053867,0.001661,3.785,3.727,67,28
random,19,0.08,500,24,0.178673,0.952617,0.684987,0.333054,0.347065,0.76511,0.0543,-0.007743,3.7436,3.6804,66,27
random,19,0.08,1000,24,0.203263,0.960112,0.743287,0.354887,0.340065,0.811418,0.056607,-0.008046,3.8243,3.646,74,41
random,20,0.08,500,24,0.164407,0.90342,0.688371,0.330908,0.336448,0.762895,0.053202,0.01372,3.7358,3.7056,63,20
random,20,0.08,1000,24,0.184033,0.860146,0.716762,0.332652,0.345302,0.807906,0.053279,-0.005914,3.7438,3.7218,67,29
random,21,0.08,500,24,0.211764,0.92682,0.716323,0.331638,0.345001,0.860143,0.05522,-0.026511,3.7475,3.5304,80,30
random,21,0.08,1000,24,0.180019,0.916825,0.654102,0.312061,0.344835,0.840449,0.054198,-0.025485,3.6579,3.5946,69,20
random,22,0.08,500,24,0.219864,0.933238,0.72345,0.341429,0.351967,0.865211,0.054403,-0.008975,3.7631,3.5844,76,31
random,22,0.08,1000,24,0.200603,0.920889,0.73411,0.333138,0.347625,0.772328,0.053703,0.019668,3.7415,3.6937,65,30
random,23,0.08,500,24,0.172952,0.880763,0.701934,0.33527,0.339489,0.827912,0.054232,-0.007521,3.7387,3.5901,69,31
random,23,0.08,1000,24,0.161924,0.904071,0.708277,0.351313,0.345535,0.859095,0.053169,-0.008916,3.7921,3.5341,61,30
random,24,0.08,500,24,0.176136,0.897488,0.702666,0.347419,0.347041,0.804108,0.054402,-0.018696,3.7913,3.67,68,30
random,24,0.08,1000,24,0.179802,0.899213,0.693531,0.344601,0.343665,0.826487,0.054438,-0.011953,3.7847,3.639,72,24
random,25,0.08,500,24,0.179908,0.912449,0.72691,0.34891,0.346098,0.797034,0.054428,-0.012347,3.8006,3.6396,73,31
random,25,0.08,1000,24,0.193733,0.858951,0.700625,0.341245,0.342903,0.837319,0.053229,0.00995,3.7628,3.5464,69,25
random,26,0.08,500,24,0.193445,0.882091,0.70781,0.344842,0.337497,0.72377,0.052905,-0.012263,3.7736,3.7482,71,25
random,26,0.08,1000,24,0.156931,0.940568,0.678355,0.351204,0.329003,0.770773,0.05348,-0.009068,3.8025,3.6693,66,23
random,27,0.08,500,24,0.186756,0.86495,0.679282,0.321494,0.345616,0.812657,0.056108,0.010245,3.686,3.6191,67,19
random,27,0.08,1000,24,0.183472,0.971214,0.686849,0.337767,0.349479,0.811179,0.053096,0.036587,3.7534,3.6199,63,21
random,28,0.08,500,24,0.193863,0.910298,0.713417,0.332603,0.345688,0.838365,0.05482,0.001193,3.7253,3.567,67,26
random,28,0.08,1000,24,0.160981,0.871281,0.693543,0.338821,0.341055,0.916212,0.052318,-0.027569,3.7656,3.4552,63,25
random,29,0.08,500,24,0.17991,0.855096,0.687573,0.33756,0.35319,0.76663,0.055242,0.002642,3.7292,3.7217,75,24
random,29,0.08,1000,24,0.170959,0.857764,0.709889,0.342013,0.331018,0.731096,0.054058,-0.030671,3.7778,3.7603,63,29
random,30,0.08,500,24,0.180994,0.881746,0.668501,0.346152,0.352816,0.788439,0.053415,-0.003342,3.7789,3.7185,75,25
random,30,0.08,1000,24,0.175214,0.92457,0.669768,0.335889,0.35731,0.842101,0.053776,-0.008033,3.7451,3.6221,72,21
random,31,0.08,500,24,0.191279,0.942108,0.687111,0.335603,0.340851,0.81679,0.053952,-0.021808,3.7363,3.6448,82,28
random,31,0.08,1000,24,0.149318,0.908553,0.683503,0.345484,0.342683,0.847638,0.052025,-0.029769,3.8033,3.6144,59,24
random,32,0.08,500,24,0.204428,0.948437,0.699602,0.325514,0.358732,0.904193,0.054356,0.00366,3.7065,3.5281,74,28
random,32,0.08,1000,24,0.196334,0.917556,0.687686,0.333651,0.34399,0.808861,0.052676,-0.00296,3.7425,3.5918,70,27
random,33,0.08,500,24,0.217608,0.920247,0.671151,0.332608,0.352071,0.841175,0.054952,0.003305,3.731,3.5701,62,20
random,33,0.08,1000,24,0.19872,0.91789,0.71966,0.339182,0.338443,0.824191,0.052783,0.013007,3.76,3.6134,65,31
random,34,0.08,500,24,0.185857,0.86657,0.712737,0.323533,0.339311,0.809554,0.055049,0.028052,3.6976,3.5728,53,25
random,34,0.08,1000,24,0.19479,0.925259,0.696798,0.336415,0.347489,0.820544,0.054152,-0.033339,3.7475,3.639,82,27
random,35,0.08,500,24,0.169753,0.969644,0.670583,0.339883,0.359587,0.751639,0.053962,0.030033,3.7628,3.833,67,21
random,35,0.08,1000,24,0.18199,0.871556,0.674373,0.342275,0.347146,0.902106,0.053747,0.009725,3.7509,3.4352,73,21
random,36,0.08,500,24,0.176549,0.882018,0.698467,0.333376,0.339462,0.884548,0.055285,-0.002192,3.7396,3.5596,62,24
random,36,0.08,1000,24,0.20296,0.963597,0.716386,0.337339,0.336462,0.816082,0.053919,0.008224,3.7709,3.5738,75,29
random,37,0.08,500,24,0.158204,0.865027,0.676654,0.34692,0.341548,0.892416,0.052629,0.014023,3.7521,3.5388,67,24
random,37,0.08,1000,24,0.164373,0.873221,0.669938,0.339714,0.339363,0.815202,0.052138,0.013733,3.7487,3.6297,75,16
random,38,0.08,500,24,0.176597,0.927969,0.679263,0.338307,0.342291,0.865966,0.053473,-0.006308,3.7602,3.5614,69,20
random,38,0.08,1000,24,0.174616,0.86279,0.675096,0.330398,0.349151,0.804624,0.054025,-0.019607,3.713,3.6693,72,22
random,39,0.08,500,24,0.159202,0.888275,0.664323,0.338536,0.337226,0.833523,0.054436,0.008931,3.7523,3.5239,75,16
random,39,0.08,1000,24,0.170452,0.90047,0.698554,0.351849,0.345059,0.805761,0.054636,-0.000367,3.8095,3.6813,60,23
random,40,0.08,500,24,0.195555,0.867631,0.711758,0.339757,0.340246,0.804375,0.054089,-0.011154,3.7456,3.5992,66,30
random,40,0.08,1000,24,0.16977,0.934228,0.667946,0.353002,0.338368,0.793881,0.054933,0.01397,3.7894,3.6431,73,15
random,41,0.08,500,24,0.191466,0.926593,0.699852,0.34419,0.348299,0.833342,0.05345,-0.056172,3.7835,3.6495,71,26
random,41,0.08,1000,24,0.166256,0.868336,0.711817,0.353885,0.344527,0.83519,0.053196,-0.015149,3.8218,3.6463,71,29
random,42,0.08,500,24,0.18637,0.925059,0.7137,0.338254,0.343507,0.871875,0.05489,-0.003418,3.766,3.4816,70,32
random,42,0.08,1000,24,0.169375,0.882939,0.686648,0.343273,0.347575,0.81097,0.055398,-0.018569,3.7684,3.6269,65,26
random,43,0.08,500,24,0.18893,0.936406,0.710409,0.354913,0.35871,0.755435,0.055532,-0.017733,3.7906,3.8068,80,28
random,43,0.08,1000,24,0.177194,0.882433,0.703888,0.345167,0.354786,0.911835,0.055322,-0.030219,3.7646,3.5441,71,29
random,44,0.08,500,24,0.207768,0.912448,0.708212,0.329737,0.359744,0.832736,0.054441,-0.044133,3.7047,3.6865,65,26
random,44,0.08,1000,24,0.194053,0.912016,0.701244,0.339827,0.360135,0.833888,0.054942,-0.027511,3.7724,3.6183,58,28
random,45,0.08,500,24,0.157907,0.906314,0.675866,0.346448,0.338659,0.763993,0.053038,-0.010029,3.7953,3.6776,70,24
random,45,0.08,1000,24,0.190346,0.886046,0.677331,0.315125,0.344902,0.884789,0.055682,-0.048453,3.6623,3.5459,66,21
random,46,0.08,500,24,0.175736,0.927234,0.661876,0.334592,0.345134,0.843203,0.054753,0.008288,3.7377,3.5794,72,20
random,46,0.08,1000,24,0.184551,0.866517,0.663846,0.325468,0.348181,0.817343,0.053608,-0.002334,3.6793,3.6945,74,16
random,47,0.08,500,24,0.175496,0.932721,0.717204,0.344101,0.336547,0.811015,0.055081,0.04618,3.7932,3.5362,67,31
random,47,0.08,1000,24,0.19582,0.905158,0.709348,0.341623,0.335049,0.834321,0.053703,-0.02241,3.7657,3.6264,61,31
random,48,0.08,500,24,0.203175,0.955307,0.700626,0.334985,0.35576,0.865801,0.0528,0.024264,3.731,3.5938,71,27
random,48,0.08,1000,24,0.185368,0.882121,0.69278,0.334891,0.345967,0.827365,0.054029,-0.011906,3.7403,3.5918,72,24
random,49,0.08,500,24,0.210165,0.959616,0.743652,0.348014,0.356788,0.765038,0.054875,-0.001078,3.7957,3.8238,73,32
random,49,0.08,1000,24,0.167306,0.886961,0.668336,0.337453,0.346357,0.847445,0.054851,-0.031973,3.7388,3.6199,71,22
random,50,0.08,500,24,0.180213,0.957973,0.692761,0.334661,0.333425,0.75535,0.054651,0.011672,3.7599,3.6964,62,23
random,50,0.08,1000,24,0.166726,0.911899,0.724351,0.351463,0.34982,0.799424,0.053672,-0.021278,3.8246,3.6535,68,32
small_world,1,0.08,500,24,0.198411,0.967111,0.688009,0.321797,0.300979,0.859266,0.063049,0.039129,3.6967,3.5585,63,23
small_world,1,0.08,1000,24,0.196931,0.938022,0.70292,0.331975,0.289926,0.731096,0.06337,-0.038253,3.737,3.6775,65,30
small_world,2,0.08,500,24,0.177399,0.92981,0.692874,0.351013,0.279779,0.853673,0.064715,-0.031642,3.808,3.3735,65,24
small_world,2,0.08,1000,24,0.194322,0.950003,0.698419,0.345419,0.291574,0.743531,0.063033,-0.019506,3.7697,3.6817,79,28
small_world,3,0.08,500,24,0.188847,0.936826,0.720911,0.343033,0.298318,0.733901,0.064419,0.011196,3.7831,3.6332,70,34
small_world,3,0.08,1000,24,0.190344,0.876529,0.698122,0.346472,0.280053,0.713419,0.064437,0.020637,3.7641,3.6339,68,26
small_world,4,0.08,500,24,0.179502,0.868598,0.697753,0.3429,0.292272,0.816563,0.063437,-0.00259,3.7335,3.5251,60,25
small_world,4,0.08,1000,24,0.200527,0.888322,0.705286,0.340727,0.294089,0.745112,0.063184,-0.040279,3.7635,3.657,64,25
small_world,5,0.08,500,24,0.167867,0.909005,0.676979,0.34135,0.292683,0.748614,0.063992,-0.005057,3.771,3.6321,63,25
small_world,5,0.08,1000,24,0.19498,0.888893,0.733786,0.353654,0.285151,0.759758,0.063508,-0.003005,3.8049,3.5921,75,29
small_world,6,0.08,500,24,0.1912,0.910016,0.700715,0.319305,0.294821,0.879931,0.063325,-0.03257,3.6909,3.3509,73,29
small_world,6,0.08,1000,24,0.205863,0.900022,0.713487,0.345626,0.30271,0.848115,0.062185,-0.03625,3.7793,3.5143,66,32
small_world,7,0.08,500,24,0.187541,0.883262,0.700298,0.33768,0.286391,0.871024,0.065826,0.037311,3.7413,3.421,67,27
small_world,7,0.08,1000,24,0.158836,0.886783,0.667657,0.340788,0.276275,0.691851,0.064403,0.012233,3.7691,3.7312,68,23
small_world,8,0.08,500,24,0.223341,0.902355,0.746409,0.338965,0.29106,0.782045,0.064581,0.02796,3.7454,3.5681,68,34
small_world,8,0.08,1000,24,0.194424,0.920877,0.70964,0.344154,0.291152,0.739168,0.063694,-0.035835,3.7814,3.6162,71,30
small_world,9,0.08,500,24,0.218837,0.935071,0.725398,0.326765,0.299167,0.810082,0.064131,0.010424,3.7046,3.5895,74,29
small_world,9,0.08,1000,24,0.178228,0.904828,0.68874,0.349352,0.28918,0.751526,0.064643,0.012068,3.8007,3.6768,67,23
small_world,10,0.08,500,24,0.194593,0.876819,0.665952,0.319203,0.289251,0.784215,0.064844,-0.003214,3.6782,3.6054,62,19
small_world,10,0.08,1000,24,0.175985,0.952133,0.695824,0.345522,0.291646,0.749222,0.064938,-0.029336,3.7999,3.6136,70,27
small_world,11,0.08,500,24,0.190214,0.876337,0.702127,0.342677,0.290526,0.752104,0.063447,0.004685,3.7642,3.5593,69,27
small_world,11,0.08,1000,24,0.176946,0.925542,0.718186,0.358739,0.28353,0.793761,0.067493,-0.034768,3.836,3.5704,76,31
small_world,12,0.08,500,24,0.203841,0.875014,0.695192,0.337214,0.300471,0.808831,0.062496,-0.006245,3.7369,3.6121,64,27
small_world,12,0.08,1000,24,0.183644,0.847632,0.711446,0.328783,0.285841,0.705525,0.064701,0.012505,3.7111,3.6621,70,27
small_world,13,0.08,500,24,0.188668,0.907372,0.708909,0.347094,0.291882,0.72365,0.06442,0.000744,3.7718,3.7336,68,31
small_world,13,0.08,1000,24,0.176904,0.854132,0.697473,0.34293,0.298768,0.705555,0.062435,-0.021487,3.772,3.694,70,28
small_world,14,0.08,500,24,0.157013,0.925619,0.69041,0.344776,0.289398,0.737714,0.061091,-0.046996,3.7819,3.6632,64,25
small_world,14,0.08,1000,24,0.175859,0.90554,0.701189,0.33821,0.289943,0.820528,0.061721,0.032785,3.7706,3.4649,67,29
small_world,15,0.08,500,24,0.179747,0.93924,0.696896,0.33983,0.2885,0.773755,0.063237,0.00434,3.7683,3.5663,74,26
small_world,15,0.08,1000,24,0.182591,0.887086,0.672959,0.33084,0.275357,0.817733,0.065343,0.034983,3.7016,3.3876,63,19
small_world,16,0.08,500,24,0.187364,0.887033,0.694963,0.339306,0.298945,0.751042,0.063515,-0.007442,3.7535,3.6572,78,24
small_world,16,0.08,1000,24,0.213522,0.909302,0.72084,0.34711,0.303887,0.741387,0.063921,0.006858,3.7618,3.7784,71,35
small_world,17,0.08,500,24,0.189424,0.881052,0.752009,0.357032,0.28161,0.746666,0.06426,-0.044709,3.8267,3.5145,73,34
small_world,17,0.08,1000,24,0.165531,0.873355,0.693143,0.340831,0.287216,0.78006,0.065221,-0.00688,3.7612,3.6036,65,21
small_world,18,0.08,500,24,0.195498,0.929581,0.683309,0.336281,0.286896,0.877475,0.062566,-0.016155,3.742,3.3782,76,22
small_world,18,0.08,1000,24,0.176778,0.918436,0.658983,0.338163,0.28925,0.906664,0.062984,-0.027525,3.7485,3.3686,70,19
small_world,19,0.08,500,24,0.183711,0.958044,0.692077,0.335587,0.285299,0.882889,0.064563,0.013239,3.7529,3.406,58,18
small_world,19,0.08,1000,24,0.227406,0.942011,0.722841,0.331115,0.297447,0.807452,0.065193,-0.012273,3.7261,3.5406,69,31
small_world,20,0.08,500,24,0.161997,0.921929,0.708572,0.338934,0.292092,0.829584,0.065156,0.007864,3.7696,3.5897,69,29
small_world,20,0.08,1000,24,0.211612,0.938291,0.703133,0.331846,0.292652,0.740609,0.064815,0.039175,3.7291,3.6764,62,25
small_world,21,0.08,500,24,0.177556,0.884862,0.676459,0.341883,0.286765,0.763802,0.064911,0.03299,3.7584,3.5856,72,17
small_world,21,0.08,1000,24,0.168456,0.878071,0.680591,0.332339,0.280478,0.699587,0.061859,0.007274,3.7289,3.6731,73,19
small_world,22,0.08,500,24,0.187302,0.849971,0.703944,0.332948,0.304107,0.792117,0.062863,-0.039217,3.73,3.6091,69,28
small_world,22,0.08,1000,24,0.231028,0.874326,0.707982,0.33111,0.292775,0.774089,0.065305,0.002393,3.6911,3.5326,74,27
small_world,23,0.08,500,24,0.199066,0.901844,0.699897,0.323817,0.288347,0.907215,0.063321,0.026107,3.7037,3.3821,70,29
small_world,23,0.08,1000,24,0.1691,0.940241,0.67469,0.335146,0.286782,0.755442,0.065362,-0.053438,3.7435,3.668,75,16
small_world,24,0.08,500,24,0.190488,0.874124,0.6899,0.328762,0.285924,0.785135,0.061497,-0.028371,3.71,3.5487,72,27
small_world,24,0.08,1000,24,0.203612,0.843552,0.70948,0.33226,0.299878,0.827678,0.064611,0.017569,3.7173,3.4979,70,28
small_world,25,0.08,500,24,0.200575,0.869794,0.710811,0.335955,0.303146,0.780429,0.06255,0.013943,3.7322,3.6437,68,27
small_world,25,0.08,1000,24,0.189389,0.871026,0.692885,0.336822,0.291908,0.767221,0.063974,0.017396,3.734,3.6006,63,26
small_world,26,0.08,500,24,0.187685,0.908561,0.673235,0.332287,0.290954,0.714723,0.063687,-0.040997,3.7339,3.6731,68,21
small_world,26,0.08,1000,24,0.15467,0.884733,0.674845,0.338773,0.284766,0.760721,0.06454,0.04872,3.7756,3.5745,66,22
small_world,27,0.08,500,24,0.185693,0.972655,0.708085,0.334073,0.283261,0.722194,0.063389,-0.02494,3.7581,3.6594,71,30
small_world,27,0.08,1000,24,0.164353,0.864217,0.689551,0.343678,0.286039,0.725628,0.061969,-0.015669,3.7871,3.6527,65,26
small_world,28,0.08,500,24,0.184133,0.85635,0.68852,0.348831,0.291684,0.840347,0.064294,-0.072609,3.7665,3.4993,77,25
small_world,28,0.08,1000,24,0.177517,0.940196,0.684446,0.346266,0.281732,0.843855,0.063112,0.000595,3.7786,3.4913,80,24
small_world,29,0.08,500,24,0.201336,0.914391,0.698639,0.345721,0.297909,0.801612,0.064397,-0.007707,3.7797,3.6153,72,26
small_world,29,0.08,1000,24,0.172314,0.927324,0.709804,0.349559,0.286422,0.789712,0.063533,-0.034741,3.8081,3.5151,67,31
small_world,30,0.08,500,24,0.182079,0.865182,0.697456,0.338005,0.290955,0.768911,0.064811,0.054651,3.7486,3.6113,77,28
small_world,30,0.08,1000,24,0.185944,0.936373,0.70088,0.339938,0.289749,0.771334,0.065888,-0.012655,3.778,3.5955,67,27
small_world,31,0.08,500,24,0.168778,0.927864,0.691601,0.337041,0.28955,0.754855,0.063977,0.009817,3.7646,3.6068,69,26
small_world,31,0.08,1000,24,0.175558,0.932111,0.681658,0.335807,0.28864,0.736749,0.063832,0.013658,3.741,3.6828,70,23
small_world,32,0.08,500,24,0.203148,0.918047,0.737116,0.340889,0.305006,0.764052,0.062796,-0.025458,3.7785,3.6649,80,35
small_world,32,0.08,1000,24,0.150657,0.905554,0.682336,0.344904,0.285863,0.791526,0.063554,-0.020047,3.7918,3.5628,60,22
small_world,33,0.08,500,24,0.200433,0.913486,0.702671,0.356437,0.28699,0.734532,0.064079,0.043484,3.8082,3.6204,60,28
small_world,33,0.08,1000,24,0.182414,0.884308,0.721526,0.351703,0.298078,0.729188,0.063355,0.021608,3.8039,3.6636,65,32
small_world,34,0.08,500,24,0.202954,0.92746,0.700403,0.337298,0.297924,0.761429,0.06287,0.002262,3.741,3.6852,67,28
small_world,34,0.08,1000,24,0.203311,0.960797,0.707263,0.33953,0.306505,0.747494,0.064579,0.028417,3.7637,3.7113,64,28
small_world,35,0.08,500,24,0.191055,0.900803,0.718306,0.34951,0.295213,0.820627,0.064238,0.04669,3.7841,3.5643,64,32
small_world,35,0.08,1000,24,0.176015,0.916321,0.665644,0.327731,0.295069,0.735281,0.064512,-0.00427,3.7136,3.6405,77,18
small_world,36,0.08,500,24,0.208243,0.924978,0.68305,0.315117,0.295091,0.805898,0.064142,0.006594,3.6487,3.5866,69,19
small_world,36,0.08,1000,24,0.172604,0.92693,0.698953,0.342926,0.291078,0.754916,0.065491,0.032724,3.7699,3.6819,64,26
small_world,37,0.08,500,24,0.18762,0.862939,0.702789,0.34073,0.285848,0.884926,0.063278,0.029145,3.7574,3.3794,78,28
small_world,37,0.08,1000,24,0.200158,0.930476,0.724197,0.341874,0.295519,0.777562,0.062923,-0.007778,3.7646,3.5947,68,30
small_world,38,0.08,500,24,0.174891,0.900208,0.71751,0.351237,0.289538,0.771433,0.063018,-0.011518,3.7968,3.6712,59,27
small_world,38,0.08,1000,24,0.187025,0.843709,0.678518,0.330933,0.284958,0.920322,0.064855,0.018585,3.7173,3.3327,74,21
small_world,39,0.08,500,24,0.167767,0.848831,0.652211,0.32743,0.29354,0.794591,0.060861,0.04093,3.7125,3.5547,74,13
small_world,39,0.08,1000,24,0.184885,0.841742,0.679529,0.325854,0.295716,0.835427,0.064362,-0.036563,3.6996,3.4627,67,22
small_world,40,0.08,500,24,0.17914,0.934273,0.697333,0.35558,0.290473,0.815472,0.064275,-0.06275,3.8217,3.5312,75,27
small_world,40,0.08,1000,24,0.174943,0.892731,0.695954,0.33569,0.28612,0.774486,0.065458,-0.039882,3.757,3.5546,70,26
small_world,41,0.08,500,24,0.172856,0.890164,0.695441,0.352932,0.287984,0.69081,0.064124,-0.046426,3.8048,3.7415,68,26
small_world,41,0.08,1000,24,0.195973,0.875226,0.688534,0.332789,0.295196,0.731317,0.063358,-0.025408,3.7153,3.7336,76,27
small_world,42,0.08,500,24,0.177124,0.879866,0.700903,0.337621,0.288033,0.762637,0.064169,0.004071,3.7555,3.6151,64,28
small_world,42,0.08,1000,24,0.188228,0.910115,0.691623,0.341085,0.293512,0.846316,0.062917,-0.041134,3.7702,3.4192,75,25
small_world,43,0.08,500,24,0.196258,0.914397,0.715613,0.341858,0.289797,0.801199,0.065305,-0.000987,3.7717,3.5908,76,28
small_world,43,0.08,1000,24,0.167561,0.894471,0.696766,0.343121,0.304631,0.913349,0.062473,-0.022636,3.7852,3.4714,70,25
small_world,44,0.08,500,24,0.185143,0.883455,0.719121,0.346195,0.285938,0.756615,0.063787,-0.014265,3.7867,3.5833,77,33
small_world,44,0.08,1000,24,0.214557,0.848646,0.67655,0.342411,0.293814,0.82885,0.063798,0.014526,3.733,3.581,65,23
small_world,45,0.08,500,24,0.18322,0.908899,0.726077,0.340671,0.286844,0.929712,0.063807,-0.041399,3.7663,3.3141,70,31
small_world,45,0.08,1000,24,0.166483,0.831976,0.680007,0.341181,0.302036,0.793435,0.062992,0.023534,3.7771,3.6377,59,23
small_world,46,0.08,500,24,0.206919,0.920748,0.690602,0.3316,0.292199,0.693496,0.063452,-0.011068,3.7068,3.7393,83,24
small_world,46,0.08,1000,24,0.190794,0.829823,0.693125,0.33169,0.290755,0.904613,0.062191,0.027756,3.7249,3.415,63,23
small_world,47,0.08,500,24,0.171249,0.84514,0.65689,0.327758,0.290296,0.802304,0.063361,-0.021341,3.713,3.5362,61,17
small_world,47,0.08,1000,24,0.193486,0.907124,0.733435,0.349072,0.293367,0.753426,0.063252,0.022814,3.806,3.6829,73,37
small_world,48,0.08,500,24,0.163377,0.888291,0.703737,0.340566,0.279584,0.78608,0.063659,-0.005184,3.7701,3.5244,69,28
small_world,48,0.08,1000,24,0.175912,0.896549,0.693938,0.343233,0.282705,0.824651,0.063804,0.028015,3.7685,3.4738,70,27
small_world,49,0.08,500,24,0.199401,0.904499,0.688961,0.332889,0.296322,0.807338,0.064895,0.013314,3.7344,3.5649,70,26
small_world,49,0.08,1000,24,0.181499,0.897641,0.714362,0.343366,0.287724,0.708848,0.063863,0.041251,3.7755,3.6909,60,30
small_world,50,0.08,500,24,0.170705,0.887922,0.703456,0.34817,0.282981,0.80261,0.064351,-0.019325,3.7972,3.4853,76,28
small_world,50,0.08,1000,24,0.186802,0.896138,0.697154,0.327854,0.294635,0.828177,0.06239,0.00246,3.7052,3.52,71,25
von_neumann,1,0.12,500,24,0.212034,0.895873,0.71501,0.329399,0.246339,0.706607,0.096814,0.030738,3.7152,3.5319,73,33
von_neumann,1,0.12,1000,24,0.183373,0.915807,0.681847,0.341152,0.248885,0.726692,0.097976,0.02355,3.7805,3.4777,64,24
von_neumann,2,0.12,500,24,0.138309,0.854345,0.647052,0.339177,0.228991,0.732033,0.096932,0.021664,3.7558,3.4184,56,15
von_neumann,2,0.12,1000,24,0.211104,0.916479,0.717422,0.349612,0.234518,0.740537,0.099956,-0.007535,3.774,3.4388,80,27
von_neumann,3,0.12,500,24,0.216115,0.881153,0.73444,0.341145,0.248401,0.842105,0.096782,0.007793,3.7485,3.2694,73,33
von_neumann,3,0.12,1000,24,0.187071,0.900513,0.685626,0.332934,0.236231,0.715712,0.099033,-0.024719,3.7356,3.5284,79,25
von_neumann,4,0.12,500,24,0.201554,0.869231,0.684091,0.336564,0.239357,0.725036,0.099492,-0.025947,3.7298,3.5145,69,22
von_neumann,4,0.12,1000,24,0.225338,0.935576,0.743627,0.345143,0.239142,0.589311,0.098681,-0.017141,3.7698,3.7948,76,43
von_neumann,5,0.12,500,24,0.183883,0.893337,0.684859,0.34104,0.259005,0.814445,0.095806,0.023063,3.7482,3.4558,64,24
von_neumann,5,0.12,1000,24,0.181153,0.899746,0.677393,0.334367,0.24225,0.871961,0.094901,-0.03532,3.7473,3.2662,67,26
von_neumann,6,0.12,500,24,0.200557,0.902232,0.694651,0.339725,0.246832,0.641824,0.096837,0.005084,3.7579,3.6523,71,24
von_neumann,6,0.12,1000,24,0.19112,0.917179,0.709444,0.33535,0.238253,0.669571,0.095107,0.016694,3.7513,3.6105,67,27
von_neumann,7,0.12,500,24,0.175021,0.930394,0.723055,0.346872,0.240622,0.736491,0.094816,0.002405,3.8051,3.4852,61,27
von_neumann,7,0.12,1000,24,0.165292,0.940078,0.674434,0.333768,0.233327,0.763963,0.099115,0.00504,3.7491,3.3652,66,21
von_neumann,8,0.12,500,24,0.195368,0.926138,0.644697,0.327957,0.235515,0.689772,0.09805,0.022866,3.6944,3.4984,66,15
von_neumann,8,0.12,1000,24,0.165454,0.885841,0.68515,0.345584,0.230897,0.646931,0.096362,0.002834,3.7896,3.5613,69,21
von_neumann,9,0.12,500,24,0.216336,0.952903,0.729327,0.333536,0.242604,0.706739,0.098429,0.001555,3.7186,3.5068,76,32
von_neumann,9,0.12,1000,24,0.202784,0.884784,0.688191,0.337599,0.236693,0.73573,0.097362,-0.006957,3.7218,3.5023,78,21
von_neumann,10,0.12,500,24,0.186812,0.870516,0.692845,0.338674,0.232673,0.731172,0.098009,-0.018531,3.7505,3.4927,73,27
von_neumann,10,0.12,1000,24,0.197765,0.876898,0.722192,0.348803,0.250535,0.740002,0.096065,-0.015631,3.7863,3.5229,74,31
von_neumann,11,0.12,500,24,0.174947,0.849973,0.707455,0.326967,0.248609,0.749677,0.097803,-0.051772,3.7145,3.5112,65,28
von_neumann,11,0.12,1000,24,0.192791,0.899521,0.690242,0.335984,0.240331,0.717127,0.097832,-0.01299,3.7361,3.5232,69,24
von_neumann,12,0.12,500,24,0.185895,0.936258,0.705052,0.344897,0.234083,0.782606,0.095659,-0.024642,3.7865,3.3324,73,31
von_neumann,12,0.12,1000,24,0.171292,0.921836,0.722236,0.347821,0.224897,0.635078,0.098376,-0.058319,3.8114,3.5527,68,28
von_neumann,13,0.12,500,24,0.203863,0.914708,0.715245,0.348135,0.242272,0.90661,0.099336,-0.01689,3.7969,3.2228,60,31
von_neumann,13,0.12,1000,24,0.208354,0.951694,0.709123,0.331939,0.244312,0.735766,0.099667,-0.016729,3.7271,3.4787,63,26
von_neumann,14,0.12,500,24,0.15407,0.86915,0.732768,0.361307,0.237355,0.647552,0.091528,0.012039,3.8078,3.591,72,32
von_neumann,14,0.12,1000,24,0.215767,0.899669,0.700257,0.325425,0.247354,0.724164,0.09544,-0.006625,3.6869,3.4681,68,27
von_neumann,15,0.12,500,24,0.191472,0.93082,0.680808,0.327767,0.226999,0.713766,0.100595,-0.044367,3.7362,3.4147,71,24
von_neumann,15,0.12,1000,24,0.169383,0.885528,0.68546,0.327091,0.238217,0.810166,0.096989,-0.027916,3.7107,3.3293,61,23
von_neumann,16,0.12,500,24,0.181612,0.93072,0.729819,0.34741,0.253727,0.678304,0.096092,0.026037,3.7896,3.5917,64,31
von_neumann,16,0.12,1000,24,0.196584,0.866731,0.705746,0.334156,0.236231,0.705317,0.098928,0.023813,3.7324,3.5146,63,28
von_neumann,17,0.12,500,24,0.196237,0.895194,0.731637,0.34178,0.244325,0.732758,0.099101,-0.041258,3.7594,3.4968,78,34
von_neumann,17,0.12,1000,24,0.176848,0.910388,0.713106,0.349828,0.236762,0.721553,0.09832,0.060328,3.8041,3.44,67,27
von_neumann,18,0.12,500,24,0.177737,0.931777,0.699494,0.347155,0.227486,0.652098,0.095442,0.016649,3.7933,3.4672,67,25
von_neumann,18,0.12,1000,24,0.200822,0.917942,0.710246,0.336179,0.242255,0.650837,0.095627,0.007227,3.7492,3.6451,73,28
von_neumann,19,0.12,500,24,0.182226,0.924822,0.693676,0.33649,0.233273,0.880655,0.098663,-0.003745,3.7542,3.1427,71,26
von_neumann,19,0.12,1000,24,0.199285,0.868566,0.680259,0.322397,0.244087,0.762934,0.097042,0.022102,3.6876,3.4114,66,20
von_neumann,20,0.12,500,24,0.182506,0.916964,0.729603,0.338392,0.238842,0.720013,0.097268,0.075183,3.7715,3.4642,63,34
von_neumann,20,0.12,1000,24,0.182246,0.902334,0.70513,0.339125,0.240388,0.775347,0.097123,0.040552,3.7667,3.3905,69,30
von_neumann,21,0.12,500,24,0.202091,0.944283,0.743817,0.351873,0.240762,0.723189,0.097806,-0.079925,3.8159,3.5033,85,35
von_neumann,21,0.12,1000,24,0.162924,0.921074,0.665656,0.330086,0.23506,0.687947,0.098818,-0.019119,3.7027,3.4916,72,17
von_neumann,22,0.12,500,24,0.188486,0.936142,0.702141,0.345573,0.252522,0.658206,0.096521,0.028531,3.7867,3.6354,65,26
von_neumann,22,0.12,1000,24,0.176985,0.88411,0.691914,0.336787,0.243907,0.772924,0.099378,-0.026977,3.7559,3.4127,65,24
von_neumann,23,0.12,500,24,0.163971,0.918433,0.682979,0.35763,0.238496,0.694449,0.098067,-0.005816,3.8268,3.5623,69,20
von_neumann,23,0.12,1000,24,0.178549,0.968071,0.686449,0.342143,0.240884,0.714985,0.095054,-0.026353,3.7684,3.4827,76,23
von_neumann,24,0.12,500,24,0.155441,0.901994,0.651256,0.33333,0.23822,0.720648,0.093067,0.042427,3.7568,3.4689,59,22
von_neumann,24,0.12,1000,24,0.21334,0.93098,0.747856,0.358354,0.250111,0.624209,0.09985,-0.088249,3.825,3.7491,89,38
von_neumann,25,0.12,500,24,0.212519,0.927113,0.720554,0.333846,0.249428,0.851372,0.095626,-0.019439,3.7293,3.2307,83,30
von_neumann,25,0.12,1000,24,0.149557,0.861108,0.683183,0.357491,0.23464,0.782576,0.096702,-0.049184,3.8268,3.2897,66,25
von_neumann,26,0.12,500,24,0.169319,0.905029,0.717347,0.333209,0.233393,0.641034,0.092329,0.007673,3.7519,3.5678,66,24
von_neumann,26,0.12,1000,24,0.169319,0.949072,0.689235,0.327785,0.235251,0.797245,0.097968,-0.021591,3.7389,3.333,65,28
von_neumann,27,0.12,500,24,0.194434,0.885942,0.70356,0.342614,0.237041,0.705881,0.096482,-0.066585,3.7657,3.5168,77,28
von_neumann,27,0.12,1000,24,0.194157,0.929621,0.730667,0.352728,0.237212,0.695321,0.099122,-0.00196,3.8199,3.5546,82,30
von_neumann,28,0.12,500,24,0.16684,0.87223,0.68025,0.341779,0.23682,0.65404,0.098381,-0.022967,3.7675,3.5462,79,18
von_neumann,28,0.12,1000,24,0.182912,0.944973,0.714832,0.344628,0.249092,0.926994,0.094787,0.056317,3.8,3.2186,54,32
von_neumann,29,0.12,500,24,0.193765,0.926976,0.677417,0.33031,0.242979,0.743743,0.098223,-0.02289,3.721,3.4435,79,23
von_neumann,29,0.12,1000,24,0.205932,0.930612,0.739465,0.329801,0.238096,0.706748,0.097607,0.049278,3.7237,3.4512,65,34
von_neumann,30,0.12,500,24,0.193007,0.899497,0.711257,0.346201,0.240989,0.737784,0.100392,0.060083,3.7792,3.5013,68,30
von_neumann,30,0.12,1000,24,0.201708,0.89361,0.721311,0.330403,0.24121,0.715442,0.099598,0.009077,3.7188,3.44,66,30
von_neumann,31,0.12,500,24,0.192357,0.892001,0.687177,0.322012,0.244217,0.718672,0.095723,0.05407,3.6964,3.5189,68,24
von_neumann,31,0.12,1000,24,0.174782,0.947685,0.680558,0.328772,0.239386,0.693208,0.099196,0.022944,3.7211,3.5158,71,23
von_neumann,32,0.12,500,24,0.200431,0.939978,0.692688,0.335548,0.246019,0.707949,0.095507,0.013238,3.7256,3.5218,67,24
von_neumann,32,0.12,1000,24,0.174823,0.917877,0.696448,0.336182,0.245417,0.674918,0.092913,-0.039387,3.7677,3.5934,74,28
von_neumann,33,0.12,500,24,0.190129,0.923515,0.697994,0.328719,0.248992,0.753974,0.095668,0.013305,3.7343,3.4731,66,25
von_neumann,33,0.12,1000,24,0.195575,0.962347,0.733712,0.346291,0.246896,0.777283,0.09733,-0.036438,3.7787,3.4407,76,30
von_neumann,34,0.12,500,24,0.180846,0.917782,0.671915,0.334141,0.248348,0.639908,0.094556,-0.007211,3.7394,3.6492,53,18
von_neumann,34,0.12,1000,24,0.223961,0.930314,0.726989,0.330134,0.247459,0.789725,0.096045,-0.010623,3.7302,3.4078,71,31
von_neumann,35,0.12,500,24,0.183968,0.845006,0.714422,0.339605,0.246883,0.839079,0.096438,-0.057882,3.756,3.343,72,29
von_neumann,35,0.12,1000,24,0.174176,0.875969,0.679519,0.333094,0.241604,0.779159,0.097889,-0.01853,3.72,3.4272,64,24
von_neumann,36,0.12,500,24,0.212328,0.904667,0.716275,0.348337,0.245172,0.764206,0.097827,-0.006379,3.7745,3.482,69,31
von_neumann,36,0.12,1000,24,0.171425,0.965061,0.702996,0.345665,0.248342,0.833814,0.097509,-0.008435,3.7776,3.3212,61,24
von_neumann,37,0.12,500,24,0.201302,0.94122,0.694837,0.327013,0.235608,0.770455,0.097176,-0.011243,3.7123,3.4418,72,26
von_neumann,37,0.12,1000,24,0.145265,0.946525,0.687795,0.365164,0.235775,0.69393,0.095606,-0.043568,3.8452,3.4828,72,22
von_neumann,38,0.12,500,24,0.187866,0.922485,0.672216,0.336821,0.244359,0.763622,0.098392,0.044807,3.7382,3.5158,60,17
von_neumann,38,0.12,1000,24,0.211132,0.915356,0.71277,0.325044,0.249018,0.778368,0.097722,0.009371,3.7124,3.3893,73,29
von_neumann,39,0.12,500,24,0.166611,0.843203,0.680382,0.351654,0.239269,0.746677,0.092893,-0.034852,3.8099,3.4426,69,26
von_neumann,39,0.12,1000,24,0.20191,0.860361,0.68906,0.332427,0.233851,0.644725,0.103239,0.023176,3.7228,3.6191,69,23
von_neumann,40,0.12,500,24,0.18415,0.917556,0.719675,0.347164,0.239205,0.646407,0.095513,-0.03579,3.7934,3.6068,61,28
von_neumann,40,0.12,1000,24,0.150991,0.891661,0.683913,0.348204,0.245491,0.7193,0.09641,-0.006104,3.7992,3.4594,65,20
von_neumann,41,0.12,500,24,0.183247,0.91359,0.688883,0.333032,0.230285,0.726576,0.100373,0.005754,3.7351,3.4422,59,22
von_neumann,41,0.12,1000,24,0.174873,0.962025,0.691749,0.345852,0.237439,0.671576,0.096016,0.020679,3.7912,3.5602,67,24
von_neumann,42,0.12,500,24,0.189222,0.891236,0.686151,0.339994,0.253755,0.760277,0.096556,-0.004485,3.75,3.5062,78,24
von_neumann,42,0.12,1000,24,0.173739,0.881929,0.680204,0.346714,0.236211,0.738219,0.096272,0.008958,3.7686,3.4437,67,22
von_neumann,43,0.12,500,24,0.193537,0.892698,0.720675,0.348952,0.244552,0.813646,0.100315,0.054927,3.7674,3.3165,62,30
von_neumann,43,0.12,1000,24,0.163589,0.924718,0.681418,0.363174,0.245832,0.74849,0.095429,0.007438,3.8236,3.5068,70,21
von_neumann,44,0.12,500,24,0.169845,0.888145,0.69741,0.342808,0.240752,0.723379,0.096278,0.029046,3.7758,3.4656,74,27
von_neumann,44,0.12,1000,24,0.193905,0.891435,0.708453,0.345187,0.243329,0.704997,0.095084,0.123078,3.7711,3.571,60,30
von_neumann,45,0.12,500,24,0.177937,0.818512,0.65932,0.340851,0.235779,0.704908,0.097887,-0.014092,3.7181,3.4876,69,16
von_neumann,45,0.12,1000,24,0.195033,0.875893,0.71173,0.337455,0.239934,0.688323,0.098522,0.021178,3.7348,3.517,76,29
von_neumann,46,0.12,500,24,0.184838,0.870712,0.691931,0.330004,0.233684,0.752871,0.099089,0.009759,3.7227,3.3798,70,27
von_neumann,46,0.12,1000,24,0.186596,0.877073,0.67438,0.332485,0.233186,0.734298,0.096782,0.009817,3.743,3.3653,67,23
von_neumann,47,0.12,500,24,0.16667,0.90105,0.714699,0.356557,0.242543,0.680218,0.097745,-0.00284,3.8198,3.5867,71,28
von_neumann,47,0.12,1000,24,0.198481,0.926956,0.710846,0.335518,0.244869,0.786088,0.099072,-0.054837,3.7416,3.4232,62,28
von_neumann,48,0.12,500,24,0.188801,0.968669,0.696781,0.326682,0.237174,0.640187,0.096778,-0.011121,3.7211,3.6305,74,25
von_neumann,48,0.12,1000,24,0.178306,0.886957,0.682424,0.327151,0.233737,0.650199,0.097975,-0.033527,3.7229,3.5564,73,26
von_neumann,49,0.12,500,24,0.212412,0.906811,0.744128,0.34751,0.247028,0.728647,0.098402,-0.009834,3.7757,3.4916,89,41
von_neumann,49,0.12,1000,24,0.192486,0.861941,0.735529,0.346644,0.24876,0.615471,0.097427,-0.006842,3.7737,3.7741,63,32
von_neumann,50,0.12,500,24,0.182312,0.911526,0.723375,0.332719,0.247724,0.663048,0.097492,0.001572,3.747,3.6863,70,28
von_neumann,50,0.12,1000,24,0.186667,0.848591,0.701394,0.347497,0.251749,0.7368,0.094822,0.010033,3.7707,3.4959,82,30
moore,1,0.12,500,24,0.246426,0.908032,0.726737,0.330246,0.286419,0.74155,0.060683,0.029594,3.7067,3.5217,43,35
moore,1,0.12,1000,24,0.190853,0.911809,0.703116,0.338365,0.291378,0.77478,0.063487,0.028467,3.7607,3.3874,46,25
moore,2,0.12,500,24,0.14734,0.852643,0.664966,0.337541,0.2662,0.707616,0.060676,0.026011,3.7571,3.4521,40,15
moore,2,0.12,1000,24,0.212257,0.927261,0.678746,0.323614,0.281131,0.74242,0.062057,0.054913,3.7077,3.4911,32,21
moore,3,0.12,500,24,0.219092,0.898633,0.732399,0.335282,0.2962,0.732419,0.062492,0.025264,3.742,3.6223,42,29
moore,3,0.12,1000,24,0.173883,0.910604,0.698095,0.354543,0.271044,0.743323,0.061513,0.004914,3.8148,3.5246,46,24
moore,4,0.12,500,24,0.188888,0.889714,0.718902,0.337009,0.273187,0.65724,0.062177,0.041304,3.7434,3.6447,36,27
moore,4,0.12,1000,24,0.218828,0.884768,0.697042,0.338131,0.279416,0.715542,0.060044,0.005855,3.7101,3.5607,30,23
moore,5,0.12,500,24,0.202584,0.893754,0.706534,0.328628,0.294298,0.795579,0.058663,0.023282,3.7175,3.489,46,25
moore,5,0.12,1000,24,0.184833,0.875972,0.682363,0.351327,0.276479,0.799489,0.061707,0.033327,3.7533,3.4021,40,17
moore,6,0.12,500,24,0.208614,0.895928,0.686977,0.346991,0.290798,0.757656,0.061662,0.030799,3.766,3.568,38,19
moore,6,0.12,1000,24,0.205227,0.866719,0.74458,0.337983,0.280071,0.760331,0.061468,0.029453,3.7518,3.4734,39,30
moore,7,0.12,500,24,0.199318,0.913845,0.698262,0.329521,0.281624,0.733018,0.060432,0.040322,3.7197,3.5357,41,24
moore,7,0.12,1000,24,0.17795,0.93134,0.690142,0.333784,0.265627,0.703928,0.064092,0.04928,3.7575,3.4244,35,16
moore,8,0.12,500,24,0.198632,0.944143,0.67952,0.324682,0.283841,0.834245,0.060911,0.016338,3.6966,3.3443,36,19
moore,8,0.12,1000,24,0.188007,0.943078,0.703536,0.342266,0.265156,0.691615,0.063796,0.003605,3.775,3.5142,40,26
moore,9,0.12,500,24,0.21913,0.94838,0.727062,0.338622,0.281173,0.794198,0.061578,0.02982,3.7323,3.38,42,26
moore,9,0.12,1000,24,0.20463,0.975501,0.696617,0.337415,0.273691,0.841839,0.062332,0.046503,3.7374,3.3439,38,23
moore,10,0.12,500,24,0.198221,0.872189,0.678431,0.324954,0.276211,0.797243,0.062485,0.038502,3.6835,3.3878,34,20
moore,10,0.12,1000,24,0.214592,0.886476,0.734198,0.343577,0.288264,0.820194,0.060053,0.008165,3.7695,3.4328,38,28
moore,11,0.12,500,24,0.195453,0.948829,0.710232,0.331716,0.287788,0.836177,0.061739,0.022736,3.7153,3.3106,44,22
moore,11,0.12,1000,24,0.218173,0.906129,0.692422,0.329551,0.279244,0.671062,0.062231,0.001697,3.7076,3.6078,39,22
moore,12,0.12,500,24,0.201011,0.924518,0.707114,0.328425,0.270951,0.715651,0.061081,0.017789,3.7259,3.5189,41,27
moore,12,0.12,1000,24,0.175285,0.887523,0.7026,0.341878,0.27416,0.833125,0.061523,0.018707,3.7548,3.3491,45,26
moore,13,0.12,500,24,0.223321,0.859665,0.735834,0.340824,0.288541,0.831027,0.061676,0.014438,3.7508,3.3935,41,34
moore,13,0.12,1000,24,0.198709,0.933773,0.702514,0.335155,0.279394,0.684846,0.061689,0.021589,3.7501,3.6298,37,25
moore,14,0.12,500,24,0.161009,0.910401,0.687464,0.361416,0.272926,0.75393,0.056731,0.02676,3.8434,3.4508,41,22
moore,14,0.12,1000,24,0.227456,0.891207,0.70779,0.330977,0.289336,0.807124,0.059367,0.053979,3.7076,3.389,42,23
moore,15,0.12,500,24,0.199827,0.831652,0.670529,0.318404,0.27227,0.81357,0.061311,0.013443,3.658,3.3152,41,21
moore,15,0.12,1000,24,0.196522,0.902213,0.724727,0.340261,0.278257,0.736273,0.060716,0.017633,3.775,3.5293,42,30
moore,16,0.12,500,24,0.213279,0.88466,0.707194,0.326825,0.294141,0.712258,0.061982,0.055782,3.7119,3.5136,38,22
moore,16,0.12,1000,24,0.197187,0.909089,0.69922,0.329967,0.281386,0.673315,0.061035,0.078473,3.7126,3.6344,37,22
moore,17,0.12,500,24,0.203493,0.968963,0.738641,0.352692,0.291573,0.764428,0.060969,0.054993,3.8139,3.4892,46,26
moore,17,0.12,1000,24,0.172543,0.966266,0.726033,0.341078,0.277314,0.709486,0.060406,0.047122,3.7719,3.507,42,25
moore,18,0.12,500,24,0.214812,0.937013,0.696807,0.326386,0.2671,0.675047,0.063027,0.035794,3.6993,3.4486,33,20
moore,18,0.12,1000,24,0.168988,0.903716,0.699353,0.338778,0.280887,0.717086,0.062062,0.021997,3.7764,3.5682,36,20
moore,19,0.12,500,24,0.193958,0.91349,0.694619,0.343917,0.272517,0.808415,0.063321,0.026861,3.7614,3.3223,37,21
moore,19,0.12,1000,24,0.221815,0.866914,0.70656,0.336453,0.279386,0.715445,0.063795,0.025854,3.7284,3.525,38,23
moore,20,0.12,500,24,0.190526,0.935915,0.703149,0.334762,0.278891,0.713384,0.06075,0.033615,3.75,3.5153,44,25
moore,20,0.12,1000,24,0.207056,0.891037,0.668618,0.330347,0.282135,0.829358,0.06127,0.018597,3.6959,3.4401,42,20
moore,21,0.12,500,24,0.213627,0.917584,0.704209,0.343765,0.285676,0.783454,0.06205,-0.019855,3.76,3.5095,41,28
moore,21,0.12,1000,24,0.198773,0.895298,0.68954,0.334001,0.274837,0.707086,0.061992,0.006831,3.7259,3.5211,38,20
moore,22,0.12,500,24,0.216841,0.890044,0.729093,0.34188,0.292717,0.82585,0.061124,0.021551,3.7488,3.3214,40,30
moore,22,0.12,1000,24,0.1953,0.94688,0.700483,0.341176,0.28729,0.804086,0.062506,0.046648,3.75,3.4457,39,27
moore,23,0.12,500,24,0.17617,0.904573,0.712314,0.348919,0.278495,0.802737,0.059296,0.00141,3.8102,3.3882,45,23
moore,23,0.12,1000,24,0.192403,0.945052,0.691526,0.334861,0.280524,0.800185,0.060114,0.021567,3.726,3.3747,42,18
moore,24,0.12,500,24,0.19005,0.872693,0.6788,0.31798,0.273727,0.74059,0.059927,0.050849,3.6737,3.4691,33,18
moore,24,0.12,1000,24,0.224062,0.919921,0.73285,0.341703,0.294914,0.754636,0.062201,-0.002227,3.7596,3.4659,36,30
moore,25,0.12,500,24,0.2229,0.896254,0.732204,0.332964,0.29574,0.808921,0.058246,0.088704,3.7295,3.3833,26,28
moore,25,0.12,1000,24,0.184961,0.931496,0.703264,0.353609,0.265702,0.751496,0.062484,0.015737,3.819,3.3941,55,26
moore,26,0.12,500,24,0.185621,0.88952,0.715857,0.335801,0.268721,0.709987,0.060212,0.014093,3.7393,3.4775,44,26
moore,26,0.12,1000,24,0.171045,0.909406,0.658915,0.347734,0.267198,0.833236,0.060536,0.037133,3.7576,3.3553,36,19
moore,27,0.12,500,24,0.19043,0.902176,0.697618,0.345376,0.273746,0.697838,0.06202,0.017215,3.7777,3.5425,43,23
moore,27,0.12,1000,24,0.210565,0.860254,0.716686,0.343087,0.276838,0.75534,0.06371,0.004294,3.7634,3.5105,40,28
moore,28,0.12,500,24,0.170279,0.896081,0.689043,0.337045,0.278634,0.828754,0.060301,0.026436,3.7499,3.3028,50,22
moore,28,0.12,1000,24,0.190541,0.948164,0.734797,0.34801,0.291219,0.750481,0.061328,0.07405,3.7959,3.5811,42,27
moore,29,0.12,500,24,0.183476,0.906857,0.725356,0.342476,0.279547,0.680642,0.060866,0.009781,3.7869,3.5637,37,32
moore,29,0.12,1000,24,0.210357,0.926953,0.715841,0.323329,0.275163,0.724801,0.062219,0.051805,3.7208,3.4062,36,30
moore,30,0.12,500,24,0.209516,0.896673,0.712924,0.339239,0.28543,0.746715,0.065407,0.021672,3.7488,3.5295,43,26
moore,30,0.12,1000,24,0.219891,0.904598,0.73034,0.340105,0.284762,0.740304,0.061126,0.037241,3.7575,3.5235,38,30
moore,31,0.12,500,24,0.198795,0.923577,0.7057,0.32877,0.286717,0.749433,0.061069,-0.001614,3.7317,3.4704,42,24
moore,31,0.12,1000,24,0.17058,0.895707,0.672097,0.345282,0.284997,0.735319,0.060139,0.003798,3.7674,3.5547,40,19
moore,32,0.12,500,24,0.195208,0.908271,0.72053,0.359325,0.280242,0.885437,0.060218,0.023585,3.8188,3.1795,39,28
moore,32,0.12,1000,24,0.206929,0.923168,0.698937,0.341447,0.285328,0.866471,0.059893,0.006205,3.7714,3.3443,45,26
moore,33,0.12,500,24,0.209779,0.918625,0.706294,0.338977,0.296524,0.699495,0.059257,0.023422,3.7495,3.6098,40,25
moore,33,0.12,1000,24,0.206442,0.918261,0.690814,0.328724,0.287867,0.740641,0.062268,0.022368,3.7124,3.5197,43,24
moore,34,0.12,500,24,0.193855,0.946935,0.712599,0.337319,0.284598,0.759878,0.059936,0.032609,3.7462,3.4431,42,24
moore,34,0.12,1000,24,0.209305,0.932768,0.726422,0.342847,0.283478,0.843998,0.062572,-0.009611,3.773,3.3526,44,26
moore,35,0.12,500,24,0.198794,0.924211,0.716572,0.330939,0.284438,0.704668,0.061989,-0.001199,3.7226,3.5615,46,25
moore,35,0.12,1000,24,0.196262,0.909405,0.704835,0.335243,0.276597,0.699699,0.060514,0.066669,3.7679,3.4947,36,23
moore,36,0.12,500,24,0.207172,0.916329,0.694035,0.330113,0.276002,0.741551,0.060349,0.017609,3.7269,3.4769,45,22
moore,36,0.12,1000,24,0.191891,0.92464,0.685612,0.335776,0.289381,0.916267,0.060242,0.0165,3.7506,3.2911,46,24
moore,37,0.12,500,24,0.215772,0.862531,0.710309,0.328526,0.269234,0.719934,0.062298,0.029283,3.7132,3.5233,41,27
moore,37,0.12,1000,24,0.18327,0.943637,0.711081,0.350754,0.279456,0.761984,0.059854,0.005958,3.8046,3.5342,39,29
moore,38,0.12,500,24,0.205989,0.907042,0.678469,0.320678,0.286111,0.70052,0.062151,-0.005297,3.6651,3.583,45,15
moore,38,0.12,1000,24,0.218556,0.882467,0.710392,0.332157,0.291749,0.809534,0.061432,0.004225,3.7265,3.4109,48,25
moore,39,0.12,500,24,0.187068,0.962609,0.694735,0.338435,0.275536,0.730013,0.059386,0.019277,3.7408,3.4628,33,21
moore,39,0.12,1000,24,0.225022,0.923218,0.705719,0.333769,0.278053,0.761657,0.067036,0.055244,3.7282,3.4533,32,26
moore,40,0.12,500,24,0.204219,0.912127,0.665486,0.325698,0.277804,0.685664,0.060741,0.032587,3.7052,3.5289,41,21
moore,40,0.12,1000,24,0.191035,0.865571,0.694444,0.356,0.284133,0.703006,0.061357,0.062988,3.8042,3.6004,38,24
moore,41,0.12,500,24,0.199907,0.938065,0.705154,0.345887,0.274563,0.688597,0.062796,0.046345,3.7804,3.6002,39,21
moore,41,0.12,1000,24,0.176003,0.904547,0.703026,0.349457,0.275285,0.704433,0.060142,0.022823,3.8024,3.5291,42,27
moore,42,0.12,500,24,0.197085,0.940314,0.693592,0.341737,0.294049,0.793989,0.06002,0.01465,3.7677,3.4805,40,22
moore,42,0.12,1000,24,0.186819,0.883263,0.695534,0.346162,0.277781,0.719336,0.057663,0.017894,3.7751,3.5456,37,24
moore,43,0.12,500,24,0.209783,0.895762,0.68901,0.314632,0.282262,0.853675,0.063427,0.032919,3.6633,3.2934,43,21
moore,43,0.12,1000,24,0.194146,0.900418,0.699908,0.340625,0.280495,0.718887,0.061321,0.017069,3.7585,3.5759,43,22
moore,44,0.12,500,24,0.168734,0.926861,0.709109,0.35468,0.281145,0.773338,0.060634,0.035895,3.8297,3.4212,40,27
moore,44,0.12,1000,24,0.20824,0.959998,0.685986,0.339605,0.286468,0.770125,0.061322,0.116353,3.7343,3.5408,35,19
moore,45,0.12,500,24,0.205395,0.96157,0.714912,0.340418,0.282404,0.78985,0.058855,0.021964,3.7478,3.4363,34,25
moore,45,0.12,1000,24,0.197606,0.911008,0.733337,0.358756,0.280159,0.705023,0.061843,0.014464,3.8296,3.5443,42,32
moore,46,0.12,500,24,0.196394,0.914725,0.695136,0.331925,0.272438,0.601474,0.063223,0.039192,3.7355,3.6894,42,23
moore,46,0.12,1000,24,0.201965,0.905276,0.70184,0.328259,0.273266,0.808676,0.059846,0.042465,3.7272,3.3544,45,22
moore,47,0.12,500,24,0.175073,0.886466,0.693866,0.34432,0.272177,0.762431,0.063114,0.037376,3.7727,3.4743,40,22
moore,47,0.12,1000,24,0.21379,0.915782,0.693467,0.322362,0.280795,0.710049,0.06369,0.045099,3.6919,3.5405,40,19
moore,48,0.12,500,24,0.184834,0.888273,0.716807,0.340033,0.273846,0.758638,0.060518,0.064433,3.7558,3.5036,42,22
moore,48,0.12,1000,24,0.188932,0.925858,0.684943,0.329706,0.270804,0.697124,0.062503,0.025365,3.741,3.496,36,17
moore,49,0.12,500,24,0.214274,0.966496,0.724267,0.34026,0.279783,0.761911,0.062619,0.067467,3.763,3.467,30,29
moore,49,0.12,1000,24,0.191102,0.967249,0.686626,0.340927,0.28855,0.710928,0.061411,0.034769,3.7578,3.6602,39,23
moore,50,0.12,500,24,0.191787,0.956182,0.703999,0.346958,0.288806,0.723554,0.062393,0.042424,3.7756,3.6177,37,23
moore,50,0.12,1000,24,0.199951,0.92824,0.709281,0.334561,0.288559,0.823691,0.060207,0.003926,3.7362,3.3803,41,27
hex,1,0.12,500,24,0.237722,0.920832,0.724854,0.33078,0.277835,0.808565,0.069506,0.055839,3.722,3.4058,58,32
hex,1,0.12,1000,24,0.199561,0.926947,0.700725,0.328352,0.280802,0.763931,0.071853,0.013227,3.7315,3.4439,49,26
hex,2,0.12,500,24,0.178657,0.854588,0.673,0.323744,0.262682,0.646207,0.070134,0.014911,3.6884,3.6116,56,20
hex,2,0.12,1000,24,0.21289,0.869054,0.708917,0.334636,0.26687,0.673209,0.070986,0.019287,3.7128,3.5818,55,22
hex,3,0.12,500,24,0.235312,0.923918,0.745777,0.340154,0.28538,0.712716,0.071552,-0.00396,3.7537,3.6467,59,41
hex,3,0.12,1000,24,0.185351,0.839773,0.687249,0.336286,0.264585,0.763282,0.071094,-0.021665,3.7174,3.4712,62,19
hex,4,0.12,500,24,0.195989,0.904273,0.713634,0.338698,0.265531,0.655022,0.071606,0.02153,3.7722,3.6502,53,30
hex,4,0.12,1000,24,0.216747,0.894165,0.732126,0.347155,0.27447,0.828695,0.06898,0.011328,3.7701,3.4067,55,31
hex,5,0.12,500,24,0.18965,0.922414,0.739995,0.350933,0.28811,0.828767,0.067817,0.023392,3.8093,3.4285,54,26
hex,5,0.12,1000,24,0.186734,0.944905,0.704242,0.345081,0.27154,0.693635,0.069804,0.019152,3.7866,3.6128,58,26
hex,6,0.12,500,24,0.208793,0.894321,0.698843,0.339172,0.278109,0.719783,0.070407,0.009514,3.7393,3.5803,61,25
hex,6,0.12,1000,24,0.208233,0.925384,0.704884,0.324307,0.269468,0.683651,0.070208,0.011519,3.7077,3.6016,44,26
hex,7,0.12,500,24,0.205799,0.931454,0.681248,0.325545,0.272526,0.725071,0.069476,0.042362,3.6978,3.5028,52,22
hex,7,0.12,1000,24,0.183986,0.913232,0.70809,0.330681,0.260702,0.751775,0.072886,0.025387,3.7373,3.388,53,29
hex,8,0.12,500,24,0.199281,0.849962,0.703172,0.333077,0.273272,0.743347,0.068919,0.006184,3.7242,3.4963,53,29
hex,8,0.12,1000,24,0.182772,0.893614,0.669042,0.338857,0.259331,0.596854,0.072495,0.025754,3.7325,3.7105,53,17
hex,9,0.12,500,24,0.225603,0.92649,0.722431,0.337542,0.276513,0.807756,0.07104,0.021444,3.7538,3.3655,49,32
hex,9,0.12,1000,24,0.22139,0.89989,0.698012,0.336732,0.265728,0.820513,0.070687,0.038067,3.7162,3.3893,54,26
hex,10,0.12,500,24,0.187539,0.840991,0.674965,0.325584,0.263515,0.702647,0.072071,0.019947,3.6878,3.5241,47,19
hex,10,0.12,1000,24,0.207875,0.929328,0.699526,0.348676,0.278393,0.881605,0.068398,0.007603,3.7725,3.2582,58,27
hex,11,0.12,500,24,0.183351,0.88572,0.672833,0.340105,0.280274,0.814909,0.070795,0.001381,3.7399,3.3939,57,21
hex,11,0.12,1000,24,0.216483,0.955561,0.707329,0.324448,0.272981,0.774363,0.07092,-0.030914,3.7022,3.4319,52,31
hex,12,0.12,500,24,0.202691,0.919545,0.720117,0.332914,0.260718,0.781291,0.070435,0.027085,3.7324,3.3835,61,32
hex,12,0.12,1000,24,0.184337,0.907521,0.701146,0.33291,0.258688,0.707969,0.070496,0.023848,3.737,3.4988,59,27
hex,13,0.12,500,24,0.222344,0.904073,0.753741,0.347112,0.27782,0.735674,0.070128,0.000778,3.7908,3.527,55,40
hex,13,0.12,1000,24,0.212566,0.906137,0.712864,0.321914,0.274391,0.797271,0.070636,-0.019495,3.6887,3.4324,56,27
hex,14,0.12,500,24,0.170251,0.899935,0.719843,0.35871,0.265144,0.741582,0.06533,0.014143,3.8088,3.4176,50,28
hex,14,0.12,1000,24,0.221777,0.902748,0.696334,0.33163,0.276833,0.749735,0.068083,0.06943,3.7112,3.4789,57,22
hex,15,0.12,500,24,0.201008,0.881035,0.695268,0.313216,0.259129,0.660593,0.070747,0.008199,3.6251,3.5811,59,24
hex,15,0.12,1000,24,0.186306,0.90277,0.712806,0.339817,0.27093,0.823586,0.069273,-0.008053,3.7736,3.3965,63,31
hex,16,0.12,500,24,0.215042,0.896401,0.734628,0.337685,0.28652,0.752776,0.070831,0.019533,3.7338,3.4503,47,29
hex,16,0.12,1000,24,0.192301,0.869017,0.710762,0.333887,0.273839,0.74386,0.069445,0.03841,3.7455,3.5211,47,25
hex,17,0.12,500,24,0.212905,0.899011,0.762358,0.356962,0.28219,0.747936,0.069806,-0.002437,3.8079,3.5584,55,36
hex,17,0.12,1000,24,0.16563,0.910258,0.696411,0.342753,0.270986,0.718848,0.069536,0.072304,3.7878,3.5459,48,23
hex,18,0.12,500,24,0.199808,0.943489,0.691574,0.340947,0.25666,0.656476,0.070866,0.058371,3.7515,3.5426,47,22
hex,18,0.12,1000,24,0.187596,0.890094,0.696933,0.334212,0.270967,0.711605,0.070343,0.052787,3.749,3.5848,47,25
hex,19,0.12,500,24,0.20629,0.838676,0.699067,0.336376,0.264067,0.749551,0.071907,0.030942,3.7257,3.4053,52,27
hex,19,0.12,1000,24,0.206893,0.888473,0.664134,0.321617,0.271411,0.795498,0.071893,0.062472,3.6772,3.3722,51,19
hex,20,0.12,500,24,0.208691,0.93312,0.712888,0.337544,0.276017,0.724958,0.069796,0.017884,3.7562,3.4996,50,29
hex,20,0.12,1000,24,0.208515,0.907476,0.712411,0.335112,0.274894,0.791553,0.070232,0.037323,3.752,3.4896,50,26
hex,21,0.12,500,24,0.223578,0.897402,0.734492,0.339801,0.27616,0.707876,0.070579,-0.03519,3.7381,3.6549,59,32
hex,21,0.12,1000,24,0.183212,0.878714,0.65707,0.32818,0.267617,0.783503,0.070239,0.004497,3.7015,3.3738,53,17
hex,22,0.12,500,24,0.209371,0.933949,0.710706,0.339857,0.28413,0.790986,0.070154,0.007742,3.7665,3.4335,59,27
hex,22,0.12,1000,24,0.189005,0.916953,0.702385,0.338031,0.278536,0.788837,0.071699,0.007315,3.755,3.459,53,25
hex,23,0.12,500,24,0.189745,0.940249,0.709128,0.344193,0.269225,0.801428,0.068154,-0.004537,3.7944,3.3899,62,28
hex,23,0.12,1000,24,0.192366,0.918069,0.689547,0.3523,0.269808,0.782204,0.068773,0.008883,3.7912,3.4119,55,23
hex,24,0.12,500,24,0.168971,0.90186,0.65315,0.325862,0.2624,0.72697,0.068272,0.031458,3.7037,3.4328,52,12
hex,24,0.12,1000,24,0.231818,0.915801,0.740727,0.34805,0.282885,0.822507,0.07105,-0.004092,3.7723,3.3497,56,33
hex,25,0.12,500,24,0.230667,0.900414,0.729391,0.326286,0.284657,0.755023,0.067119,0.077657,3.6956,3.4846,51,27
hex,25,0.12,1000,24,0.191489,0.92515,0.719468,0.363498,0.259591,0.762309,0.071199,0.003119,3.8399,3.3341,58,31
hex,26,0.12,500,24,0.181095,0.911192,0.704607,0.342382,0.261104,0.686406,0.06843,0.018263,3.7776,3.4976,60,22
hex,26,0.12,1000,24,0.191389,0.94543,0.723932,0.339652,0.261194,0.692396,0.069727,0.045059,3.7638,3.606,50,29
hex,27,0.12,500,24,0.201176,0.907941,0.712222,0.337981,0.267526,0.706246,0.070793,-0.019877,3.7492,3.5645,51,27
hex,27,0.12,1000,24,0.209132,0.98328,0.720952,0.345604,0.267672,0.750216,0.071931,0.010495,3.7659,3.4901,51,25
hex,28,0.12,500,24,0.161592,0.929519,0.681184,0.350744,0.269063,0.716411,0.068675,-0.019578,3.8023,3.4568,56,21
hex,28,0.12,1000,24,0.19844,0.93445,0.727775,0.34093,0.278769,0.732102,0.06967,0.047728,3.7807,3.5651,54,33
hex,29,0.12,500,24,0.198268,0.90448,0.699155,0.332348,0.273464,0.794019,0.069575,0.047993,3.7299,3.3791,49,27
hex,29,0.12,1000,24,0.204334,0.905489,0.703868,0.324673,0.268585,0.83096,0.070941,0.032055,3.7159,3.2499,44,29
hex,30,0.12,500,24,0.20452,0.929569,0.713134,0.338908,0.274094,0.790118,0.073738,0.013345,3.7521,3.4659,49,27
hex,30,0.12,1000,24,0.207261,0.910144,0.735456,0.341569,0.271372,0.713358,0.070409,0.082797,3.7556,3.5204,43,30
hex,31,0.12,500,24,0.195187,0.857361,0.695329,0.33526,0.274434,0.719351,0.069859,0.021834,3.7327,3.5192,51,22
hex,31,0.12,1000,24,0.177653,0.926867,0.687064,0.338938,0.271447,0.722368,0.069377,0.025063,3.7506,3.5127,52,24
hex,32,0.12,500,24,0.200476,0.877189,0.732387,0.345072,0.271478,0.780649,0.069288,0.019608,3.7663,3.3594,49,31
hex,32,0.12,1000,24,0.205035,0.924356,0.729649,0.336346,0.27675,0.835714,0.069018,-0.014566,3.7475,3.3945,59,32
hex,33,0.12,500,24,0.209811,0.895654,0.710579,0.334579,0.285126,0.758564,0.068187,0.041166,3.7399,3.5333,51,31
hex,33,0.12,1000,24,0.20223,0.924755,0.698484,0.343608,0.279262,0.780235,0.071129,0.015044,3.7736,3.4672,52,27
hex,34,0.12,500,24,0.186165,0.878545,0.723263,0.333354,0.279134,0.758466,0.068311,0.030594,3.747,3.4912,46,27
hex,34,0.12,1000,24,0.216138,0.912716,0.730297,0.335622,0.275063,0.773653,0.070605,0.010203,3.7491,3.4566,53,32
hex,35,0.12,500,24,0.19427,0.906686,0.694557,0.322468,0.273492,0.686205,0.070731,0.008919,3.6885,3.5727,49,26
hex,35,0.12,1000,24,0.183107,0.956027,0.701972,0.332154,0.269807,0.821529,0.070402,0.06417,3.7471,3.3515,58,26
hex,36,0.12,500,24,0.210986,0.925522,0.723269,0.341648,0.273423,0.728936,0.069384,0.032312,3.7779,3.5744,53,31
hex,36,0.12,1000,24,0.188242,0.928836,0.698499,0.33871,0.284145,0.843732,0.069299,0.00683,3.7576,3.4039,51,26
hex,37,0.12,500,24,0.20599,0.883525,0.689868,0.320387,0.260508,0.796488,0.070496,0.027299,3.679,3.376,52,24
hex,37,0.12,1000,24,0.18617,0.958063,0.753263,0.358456,0.272866,0.828583,0.068609,-0.007891,3.8522,3.3932,59,41
hex,38,0.12,500,24,0.219504,0.90169,0.684888,0.319016,0.276902,0.725836,0.070822,-0.001642,3.6783,3.5496,51,24
hex,38,0.12,1000,24,0.220203,0.952514,0.724546,0.345629,0.277975,0.786106,0.069789,0.031444,3.7618,3.4122,56,29
hex,39,0.12,500,24,0.186255,0.938269,0.693278,0.341854,0.266394,0.86824,0.067892,0.036782,3.7767,3.2655,53,22
hex,39,0.12,1000,24,0.226421,0.916911,0.715158,0.334837,0.269054,0.760535,0.075744,0.060473,3.7333,3.4315,52,27
hex,40,0.12,500,24,0.208495,0.912824,0.718042,0.325631,0.270994,0.634419,0.068984,0.005853,3.7208,3.6502,54,30
hex,40,0.12,1000,24,0.188264,0.875018,0.690825,0.345214,0.276569,0.773514,0.070719,0.035377,3.7695,3.4564,54,26
hex,41,0.12,500,24,0.199538,0.845873,0.707414,0.343181,0.263876,0.715585,0.072186,0.02871,3.7612,3.5371,47,26
hex,41,0.12,1000,24,0.175283,0.873952,0.707365,0.355747,0.263222,0.627795,0.069128,0.037511,3.8137,3.6488,52,27
hex,42,0.12,500,24,0.18914,0.927945,0.712137,0.346846,0.285048,0.796113,0.068775,0.023743,3.7917,3.4728,54,30
hex,42,0.12,1000,24,0.175745,0.895742,0.685723,0.341664,0.269187,0.84416,0.067157,0.063467,3.7642,3.332,53,20
hex,43,0.12,500,24,0.209912,0.926913,0.702011,0.331405,0.274392,0.696584,0.072348,0.072161,3.729,3.574,48,20
hex,43,0.12,1000,24,0.200022,0.909671,0.6893,0.338717,0.274647,0.754708,0.07004,0.015658,3.7279,3.5303,61,22
hex,44,0.12,500,24,0.173537,0.891556,0.708626,0.351101,0.269086,0.729107,0.069224,0.022663,3.8013,3.4613,50,28
hex,44,0.12,1000,24,0.215291,0.915974,0.720974,0.335404,0.280435,0.749814,0.070283,0.100445,3.7274,3.5527,57,26
hex,45,0.12,500,24,0.203982,0.879044,0.690544,0.334574,0.270496,0.694153,0.068657,-0.011237,3.7085,3.5992,45,20
hex,45,0.12,1000,24,0.189238,0.905605,0.69513,0.347019,0.271745,0.750349,0.0713,-0.01144,3.7908,3.4406,57,25
hex,46,0.12,500,24,0.195615,0.883132,0.653495,0.321991,0.260266,0.768908,0.07253,0.030736,3.6829,3.3349,55,19
hex,46,0.12,1000,24,0.199896,0.957224,0.686232,0.325637,0.263891,0.772792,0.068688,0.041203,3.6922,3.3848,52,19
hex,47,0.12,500,24,0.171042,0.911197,0.681533,0.33078,0.269251,0.734954,0.071288,0.042807,3.7432,3.5545,55,19
hex,47,0.12,1000,24,0.201924,0.951971,0.675399,0.33165,0.272271,0.833262,0.072836,0.043291,3.7239,3.3373,47,21
hex,48,0.12,500,24,0.185898,0.867896,0.719479,0.340556,0.263296,0.798703,0.069463,-0.014859,3.7632,3.3984,53,26
hex,48,0.12,1000,24,0.183596,0.89541,0.69465,0.322665,0.262428,0.709611,0.07113,-0.005368,3.6909,3.4986,54,21
hex,49,0.12,500,24,0.2205,0.927606,0.733074,0.346997,0.275384,0.702333,0.071311,0.061479,3.7889,3.6602,53,30
hex,49,0.12,1000,24,0.201603,0.915573,0.706852,0.33529,0.284703,0.729586,0.070518,-0.011108,3.7557,3.6034,50,26
hex,50,0.12,500,24,0.19063,0.964526,0.710912,0.346934,0.278843,0.757339,0.071388,-0.002172,3.7923,3.5467,52,27
hex,50,0.12,1000,24,0.198519,0.961115,0.699761,0.334952,0.280876,0.750028,0.068605,0.01652,3.7272,3.4921,51,26
random,1,0.12,500,24,0.19099,0.876071,0.677978,0.328003,0.343404,0.744206,0.073289,0.025701,3.704,3.7195,64,20
random,1,0.12,1000,24,0.167433,0.910793,0.69814,0.340153,0.337567,0.783057,0.072358,-0.009848,3.7918,3.6777,62,28
random,2,0.12,500,24,0.193978,0.919618,0.692647,0.326007,0.33748,0.836865,0.072218,0.002734,3.7211,3.5489,68,25
random,2,0.12,1000,24,0.191294,0.883731,0.672106,0.323656,0.351936,0.853769,0.07455,-0.007095,3.6831,3.5849,76,20
random,3,0.12,500,24,0.190299,0.902199,0.683433,0.335588,0.357512,0.898937,0.074693,-0.000262,3.7458,3.6177,64,24
random,3,0.12,1000,24,0.174772,0.889614,0.677022,0.332945,0.338317,0.831246,0.073407,0.002317,3.7319,3.5067,60,22
random,4,0.12,500,24,0.193293,0.901803,0.700448,0.332402,0.362284,0.862391,0.07175,0.010392,3.7282,3.5354,58,26
random,4,0.12,1000,24,0.180618,0.958888,0.682008,0.335058,0.349269,0.787841,0.071988,0.009853,3.7548,3.6826,75,24
random,5,0.12,500,24,0.214373,0.903012,0.702204,0.324028,0.34707,0.826792,0.073491,0.003956,3.6958,3.6614,70,28
random,5,0.12,1000,24,0.171895,0.912867,0.669308,0.335885,0.344231,0.789691,0.073818,-0.012539,3.7454,3.601,70,20
random,6,0.12,500,24,0.18469,0.939201,0.704389,0.344286,0.357306,0.847314,0.073526,0.001815,3.7751,3.6709,68,28
random,6,0.12,1000,24,0.173293,0.81935,0.686122,0.343653,0.350498,0.745613,0.073362,-0.011341,3.7464,3.7528,64,21
random,7,0.12,500,24,0.195339,0.866447,0.682867,0.328642,0.355556,0.828573,0.074296,0.004297,3.7163,3.6193,66,24
random,7,0.12,1000,24,0.175486,0.901064,0.684165,0.332803,0.344385,0.884953,0.074671,0.016075,3.75,3.5345,67,26
random,8,0.12,500,24,0.186471,0.970262,0.69038,0.347729,0.339759,0.830384,0.07185,0.027133,3.7884,3.5384,68,23
random,8,0.12,1000,24,0.204482,0.920913,0.661312,0.320057,0.348751,0.867573,0.074261,-0.020147,3.6812,3.5987,71,23
random,9,0.12,500,24,0.216076,0.928733,0.694231,0.329573,0.351772,0.806823,0.072722,-0.006327,3.7251,3.6401,61,24
random,9,0.12,1000,24,0.189462,0.926925,0.725287,0.327849,0.33572,0.798913,0.073604,-0.018747,3.7194,3.6239,73,29
random,10,0.12,500,24,0.185302,0.894857,0.714534,0.346443,0.336185,0.810571,0.074127,0.017886,3.7674,3.6053,58,29
random,10,0.12,1000,24,0.175551,0.89354,0.698788,0.346496,0.332617,0.915513,0.074448,0.014932,3.7897,3.3915,71,22
random,11,0.12,500,24,0.192595,0.86531,0.710624,0.326054,0.348873,0.823395,0.0762,0.001452,3.7105,3.5989,71,28
random,11,0.12,1000,24,0.169095,0.895029,0.64535,0.331246,0.35241,0.821244,0.072739,0.027481,3.7223,3.5797,59,16
random,12,0.12,500,24,0.187399,0.893964,0.686115,0.324783,0.336789,0.829498,0.072041,0.017733,3.6961,3.6016,61,22
random,12,0.12,1000,24,0.20873,0.93001,0.705774,0.332461,0.350306,0.762612,0.073475,0.006501,3.728,3.6806,58,26
random,13,0.12,500,24,0.199239,0.960838,0.716527,0.338743,0.361523,0.849632,0.072903,0.019476,3.7724,3.6323,61,33
random,13,0.12,1000,24,0.199189,0.879782,0.695286,0.336376,0.349508,0.704473,0.073296,-0.031036,3.7392,3.8091,74,26
random,14,0.12,500,24,0.172665,0.891281,0.706805,0.337218,0.344783,0.762691,0.072075,0.016258,3.7414,3.7344,66,27
random,14,0.12,1000,24,0.211178,0.911015,0.738443,0.351579,0.34799,0.833624,0.072163,0.037096,3.789,3.5676,78,31
random,15,0.12,500,24,0.18165,0.908034,0.68858,0.345062,0.343904,0.752867,0.072276,-0.011581,3.7605,3.7532,70,23
random,15,0.12,1000,24,0.220103,0.947133,0.730956,0.343706,0.347582,0.735248,0.074316,0.00195,3.7663,3.8025,64,30
random,16,0.12,500,24,0.19677,0.882841,0.725297,0.332599,0.352395,0.825563,0.073653,0.01331,3.7278,3.6108,60,32
random,16,0.12,1000,24,0.20948,0.902207,0.709609,0.332454,0.359118,0.879916,0.073072,-0.025434,3.7372,3.5831,67,27
random,17,0.12,500,24,0.203142,0.964796,0.694543,0.326764,0.353348,0.791645,0.075155,0.022711,3.7154,3.7373,74,25
random,17,0.12,1000,24,0.191863,0.898927,0.705719,0.334741,0.350435,0.893059,0.07406,-0.023476,3.7339,3.4992,74,26
random,18,0.12,500,24,0.200994,0.887748,0.699504,0.345533,0.355669,0.803626,0.072683,-0.017278,3.7658,3.6803,68,23
random,18,0.12,1000,24,0.19199,0.962584,0.722256,0.341441,0.354684,0.809458,0.072705,0.001334,3.7606,3.669,73,27
random,19,0.12,500,24,0.177553,0.958647,0.698193,0.334946,0.344675,0.74004,0.073909,-0.010101,3.7562,3.7532,62,28
random,19,0.12,1000,24,0.198486,0.976074,0.750981,0.353325,0.33862,0.868046,0.076548,-0.007604,3.8165,3.5277,78,35
random,20,0.12,500,24,0.168557,0.868237,0.664614,0.335984,0.337711,0.758131,0.072176,0.015061,3.7433,3.6999,64,22
random,20,0.12,1000,24,0.181457,0.877443,0.68419,0.334457,0.344878,0.787274,0.071763,-0.003815,3.7348,3.7437,66,24
random,21,0.12,500,24,0.216904,0.928683,0.71208,0.327628,0.34617,0.772608,0.075091,-0.030226,3.7036,3.6857,80,32
random,21,0.12,1000,24,0.176938,0.943316,0.657412,0.315873,0.343426,0.844271,0.073182,-0.033022,3.6782,3.5816,72,18
random,22,0.12,500,24,0.213806,0.94627,0.714578,0.338976,0.351376,0.848595,0.073755,0.006664,3.7588,3.6055,79,26
random,22,0.12,1000,24,0.198149,0.892404,0.713302,0.335605,0.347744,0.764854,0.072527,0.012922,3.727,3.6912,65,33
random,23,0.12,500,24,0.167886,0.900807,0.703511,0.339429,0.336174,0.755288,0.073542,-0.012379,3.7806,3.6918,71,32
random,23,0.12,1000,24,0.155663,0.921299,0.704276,0.355191,0.345966,0.86112,0.071938,-0.011284,3.8293,3.5754,62,30
random,24,0.12,500,24,0.172378,0.931932,0.69203,0.348968,0.348343,0.793036,0.073561,-0.027609,3.7975,3.7224,67,24
random,24,0.12,1000,24,0.186291,0.889631,0.703022,0.340825,0.343898,0.833764,0.0739,-0.001265,3.7577,3.6067,69,27
random,25,0.12,500,24,0.180647,0.906121,0.722068,0.341494,0.346449,0.780333,0.073329,-0.018103,3.7755,3.6632,81,33
random,25,0.12,1000,24,0.189724,0.873107,0.703713,0.339907,0.339865,0.86014,0.071648,0.009692,3.7555,3.5087,66,26
random,26,0.12,500,24,0.194367,0.891163,0.696169,0.342064,0.337144,0.753103,0.071875,0.005805,3.7564,3.6937,72,24
random,26,0.12,1000,24,0.159312,0.945173,0.708185,0.354562,0.330085,0.819331,0.072272,-0.006522,3.8307,3.5748,69,29
random,27,0.12,500,24,0.180888,0.88059,0.660584,0.321349,0.342061,0.797484,0.075754,0.013725,3.6865,3.6182,75,21
random,27,0.12,1000,24,0.180933,0.977818,0.682078,0.335376,0.348124,0.765419,0.071788,0.036191,3.7495,3.7018,68,23
random,28,0.12,500,24,0.198558,0.934997,0.692647,0.328636,0.34487,0.820538,0.073833,0.000235,3.6992,3.5836,67,25
random,28,0.12,1000,24,0.155383,0.922834,0.66842,0.336601,0.339273,0.929873,0.070843,-0.031115,3.7685,3.4297,60,22
random,29,0.12,500,24,0.181853,0.8847,0.690196,0.3388,0.353063,0.778635,0.074999,-0.008138,3.7463,3.717,78,24
random,29,0.12,1000,24,0.167666,0.871745,0.695113,0.342516,0.332696,0.7684,0.073092,-0.012882,3.7724,3.6977,58,27
random,30,0.12,500,24,0.171414,0.914899,0.654518,0.34563,0.351426,0.832708,0.071609,-0.009173,3.7708,3.6591,63,20
random,30,0.12,1000,24,0.179956,0.920923,0.692291,0.34302,0.356703,0.794486,0.072877,-0.015543,3.7811,3.7139,68,26
random,31,0.12,500,24,0.192296,0.93409,0.683818,0.333938,0.340371,0.858456,0.073041,-0.014271,3.736,3.5385,78,23
random,31,0.12,1000,24,0.138748,0.937603,0.68913,0.346976,0.338197,0.842002,0.07022,-0.022947,3.7942,3.6012,60,25
random,32,0.12,500,24,0.208531,0.943517,0.700328,0.332638,0.358946,0.928134,0.073744,0.005042,3.7279,3.5207,75,27
random,32,0.12,1000,24,0.195716,0.888756,0.679012,0.331524,0.343145,0.771764,0.071745,-0.015357,3.7138,3.6713,67,20
random,33,0.12,500,24,0.221716,0.924597,0.69889,0.327909,0.352357,0.866523,0.073798,0.01572,3.7082,3.5228,51,23
random,33,0.12,1000,24,0.189636,0.904788,0.718465,0.34374,0.335932,0.817614,0.071424,0.014127,3.7838,3.6027,70,32
random,34,0.12,500,24,0.186494,0.886725,0.68834,0.321677,0.33952,0.735837,0.074289,0.040026,3.6821,3.718,59,22
random,34,0.12,1000,24,0.190936,0.900468,0.701388,0.337377,0.347028,0.83621,0.073137,-0.028709,3.7499,3.6197,81,29
random,35,0.12,500,24,0.171216,0.914639,0.705375,0.342388,0.361853,0.819197,0.072478,0.018769,3.7762,3.7467,67,28
random,35,0.12,1000,24,0.189685,0.875422,0.67682,0.331666,0.344971,0.831912,0.073141,0.008708,3.723,3.536,76,23
random,36,0.12,500,24,0.170128,0.914535,0.67673,0.335303,0.33671,0.899287,0.074731,-0.004303,3.7575,3.5449,59,21
random,36,0.12,1000,24,0.203539,0.956817,0.717705,0.336307,0.334779,0.821405,0.072888,0.009882,3.7427,3.567,73,27
random,37,0.12,500,24,0.161695,0.886838,0.668586,0.339337,0.340274,0.824256,0.071128,0.005491,3.7426,3.6407,71,21
random,37,0.12,1000,24,0.166139,0.839979,0.673917,0.340642,0.338822,0.861587,0.07019,0.020978,3.735,3.5699,75,14
random,38,0.12,500,24,0.172321,0.900043,0.683934,0.3396,0.340896,0.863947,0.072044,-0.011731,3.7624,3.5823,70,24
random,38,0.12,1000,24,0.176469,0.850482,0.668269,0.331788,0.349171,0.773056,0.073016,-0.015231,3.7173,3.7108,72,21
random,39,0.12,500,24,0.160579,0.942766,0.692408,0.339574,0.335261,0.891224,0.07375,-0.003415,3.7772,3.436,75,25
random,39,0.12,1000,24,0.175269,0.897842,0.698906,0.358076,0.344211,0.78512,0.073856,-0.011304,3.8135,3.7035,65,25
random,40,0.12,500,24,0.190425,0.897331,0.71828,0.34635,0.340603,0.803505,0.073349,-0.002852,3.7772,3.6268,73,28
random,40,0.12,1000,24,0.174469,0.934737,0.683226,0.355845,0.33982,0.7778,0.074271,0.018537,3.7914,3.674,73,18
random,41,0.12,500,24,0.197658,0.903498,0.723257,0.345556,0.347769,0.882365,0.072146,-0.034282,3.792,3.5546,77,33
random,41,0.12,1000,24,0.167246,0.884645,0.713205,0.35113,0.344105,0.832205,0.072239,-0.007886,3.8055,3.658,66,28
random,42,0.12,500,24,0.178215,0.91295,0.699234,0.337742,0.340688,0.867905,0.073961,-0.002766,3.7629,3.4753,68,27
random,42,0.12,1000,24,0.166042,0.877756,0.695425,0.341761,0.346667,0.834423,0.074647,-0.022473,3.7743,3.6004,66,25
random,43,0.12,500,24,0.181834,0.912239,0.697654,0.355537,0.355648,0.737185,0.074885,-0.000227,3.8137,3.8105,70,26
random,43,0.12,1000,24,0.175509,0.925126,0.723088,0.343229,0.353536,0.874156,0.074976,-0.028769,3.7833,3.6067,69,34
random,44,0.12,500,24,0.212168,0.923853,0.735276,0.34,0.360638,0.84782,0.073878,-0.053927,3.7512,3.6451,61,36
random,44,0.12,1000,24,0.200235,0.881645,0.691933,0.338107,0.359783,0.855048,0.074365,-0.034865,3.7454,3.5726,60,26
random,45,0.12,500,24,0.158995,0.883982,0.677474,0.348056,0.340205,0.783121,0.071584,-0.014768,3.7831,3.6598,69,25
random,45,0.12,1000,24,0.194507,0.883637,0.674586,0.315572,0.344214,0.859961,0.075224,-0.038954,3.6726,3.5677,61,20
random,46,0.12,500,24,0.173067,0.916299,0.657573,0.338368,0.344416,0.864712,0.07408,0.02104,3.7419,3.5137,68,17
random,46,0.12,1000,24,0.179017,0.869516,0.663868,0.326685,0.344741,0.799007,0.072512,0.005141,3.7088,3.7227,71,20
random,47,0.12,500,24,0.177635,0.923287,0.709556,0.343217,0.338779,0.816001,0.074938,0.036684,3.7927,3.543,68,30
random,47,0.12,1000,24,0.20457,0.915983,0.720751,0.335357,0.334408,0.807307,0.072844,-0.030947,3.7513,3.6569,69,33
random,48,0.12,500,24,0.208323,0.899779,0.708167,0.328746,0.356905,0.850755,0.070393,0.027271,3.7191,3.6199,70,29
random,48,0.12,1000,24,0.183373,0.913093,0.695953,0.333848,0.344637,0.823398,0.07345,-0.013086,3.7602,3.5532,72,26
random,49,0.12,500,24,0.216981,0.915519,0.750209,0.348053,0.356564,0.790815,0.073864,0.008444,3.7894,3.7515,63,32
random,49,0.12,1000,24,0.164274,0.898127,0.688219,0.334967,0.345608,0.881696,0.074413,-0.033224,3.7442,3.5237,64,25
random,50,0.12,500,24,0.182114,0.916545,0.705597,0.335288,0.333997,0.791157,0.073741,-0.000494,3.7551,3.6214,68,24
random,50,0.12,1000,24,0.171962,0.881545,0.727306,0.357102,0.351389,0.802953,0.072668,-0.01771,3.8213,3.6841,66,32
small_world,1,0.12,500,24,0.191859,0.976109,0.692602,0.327782,0.287417,0.805276,0.087531,0.040025,3.7283,3.6305,64,27
small_world,1,0.12,1000,24,0.197337,0.91394,0.713157,0.335097,0.278425,0.727095,0.087851,-0.030864,3.7371,3.6531,69,30
small_world,2,0.12,500,24,0.175242,0.932058,0.691794,0.352355,0.263786,0.812821,0.090354,-0.034387,3.8023,3.4406,65,22
small_world,2,0.12,1000,24,0.192996,0.94892,0.6968,0.348277,0.276824,0.731446,0.088374,-0.019545,3.7895,3.6698,77,23
small_world,3,0.12,500,24,0.185743,0.945648,0.722449,0.345734,0.285636,0.751085,0.089849,0.02155,3.8114,3.6171,65,28
small_world,3,0.12,1000,24,0.19323,0.872994,0.70063,0.346122,0.26789,0.686461,0.089526,0.03065,3.7744,3.6607,69,27
small_world,4,0.12,500,24,0.179374,0.894504,0.689988,0.35017,0.279846,0.790623,0.088391,0.004829,3.7802,3.5747,59,24
small_world,4,0.12,1000,24,0.212087,0.930587,0.707844,0.339514,0.282009,0.711456,0.088048,-0.038319,3.7393,3.6758,66,27
small_world,5,0.12,500,24,0.176189,0.915836,0.671074,0.333628,0.279749,0.775443,0.089523,0.001655,3.7469,3.5597,59,22
small_world,5,0.12,1000,24,0.202893,0.919931,0.72134,0.345596,0.272879,0.827956,0.088555,-0.017527,3.7746,3.4452,82,27
small_world,6,0.12,500,24,0.194532,0.895435,0.698303,0.319336,0.280635,0.79445,0.089101,-0.042666,3.6756,3.4737,69,26
small_world,6,0.12,1000,24,0.206283,0.91747,0.694835,0.342345,0.290421,0.816122,0.087356,-0.03898,3.7448,3.5435,71,26
small_world,7,0.12,500,24,0.186501,0.904714,0.701019,0.339704,0.272019,0.863825,0.092376,0.026014,3.7723,3.4071,62,28
small_world,7,0.12,1000,24,0.15504,0.916941,0.664601,0.34463,0.26296,0.694758,0.090122,0.037382,3.786,3.7023,70,18
small_world,8,0.12,500,24,0.22796,0.885663,0.718701,0.330156,0.279962,0.745434,0.090193,-0.002556,3.727,3.629,68,31
small_world,8,0.12,1000,24,0.194167,0.945634,0.703651,0.33965,0.280985,0.730979,0.088816,-0.035136,3.7748,3.6136,72,27
small_world,9,0.12,500,24,0.217783,0.916595,0.717473,0.323577,0.287143,0.823697,0.08914,0.014179,3.6959,3.567,69,31
small_world,9,0.12,1000,24,0.179528,0.838809,0.663923,0.348343,0.276294,0.846281,0.090095,0.019871,3.7558,3.4631,61,20
small_world,10,0.12,500,24,0.198216,0.942048,0.657824,0.318121,0.275705,0.721782,0.090509,-0.000352,3.6744,3.6701,60,17
small_world,10,0.12,1000,24,0.181449,0.941549,0.708201,0.345063,0.28063,0.754883,0.09063,-0.038825,3.7728,3.5881,68,29
small_world,11,0.12,500,24,0.189592,0.899286,0.692098,0.337612,0.276486,0.741405,0.088475,0.017681,3.744,3.5516,67,25
small_world,11,0.12,1000,24,0.174919,0.931219,0.734408,0.360658,0.270694,0.778611,0.094288,-0.047348,3.8374,3.5707,79,35
small_world,12,0.12,500,24,0.197854,0.890504,0.721313,0.344762,0.283963,0.868064,0.087204,-0.01038,3.7765,3.4642,78,28
small_world,12,0.12,1000,24,0.189595,0.890795,0.707909,0.328394,0.273377,0.79434,0.090661,0.0365,3.7245,3.5079,65,26
small_world,13,0.12,500,24,0.188213,0.883421,0.730446,0.350995,0.279033,0.784081,0.090075,0.002553,3.77,3.6,65,36
small_world,13,0.12,1000,24,0.176237,0.920479,0.690644,0.338768,0.28655,0.685142,0.087061,-0.029832,3.7522,3.7161,62,25
small_world,14,0.12,500,24,0.148155,0.903449,0.696206,0.354644,0.275137,0.81027,0.085615,-0.033207,3.8261,3.504,71,27
small_world,14,0.12,1000,24,0.173641,0.902849,0.696648,0.342312,0.275748,0.867415,0.086061,0.048572,3.7795,3.3522,66,25
small_world,15,0.12,500,24,0.17222,0.94059,0.702432,0.339422,0.275744,0.850457,0.087844,0.006073,3.7817,3.4216,74,28
small_world,15,0.12,1000,24,0.186161,0.895213,0.682562,0.326976,0.263974,0.724116,0.091962,0.038321,3.6844,3.5645,65,21
small_world,16,0.12,500,24,0.191925,0.849872,0.700412,0.340427,0.285623,0.709216,0.089637,-0.005776,3.7517,3.7085,74,24
small_world,16,0.12,1000,24,0.213436,0.93995,0.694226,0.345616,0.287629,0.735632,0.08962,0.008644,3.7547,3.7115,72,26
small_world,17,0.12,500,24,0.1879,0.92879,0.749759,0.357498,0.270649,0.701345,0.089515,-0.036955,3.8445,3.6079,77,38
small_world,17,0.12,1000,24,0.16471,0.897449,0.722212,0.342095,0.275662,0.79899,0.090742,0.013044,3.7858,3.571,63,26
small_world,18,0.12,500,24,0.198113,0.911132,0.676127,0.336235,0.273894,0.901496,0.086827,-0.023029,3.7379,3.3678,72,23
small_world,18,0.12,1000,24,0.177843,0.922092,0.664133,0.338358,0.273596,0.853471,0.087914,-0.042642,3.7571,3.4,77,20
small_world,19,0.12,500,24,0.194564,0.938793,0.703696,0.334489,0.272123,0.834275,0.09135,0.008529,3.7424,3.4489,63,24
small_world,19,0.12,1000,24,0.232449,0.953982,0.71343,0.329953,0.285267,0.792339,0.091371,-0.024238,3.7154,3.5718,72,28
small_world,20,0.12,500,24,0.162942,0.902,0.720503,0.334754,0.277025,0.73849,0.091025,0.020953,3.7618,3.6795,63,34
small_world,20,0.12,1000,24,0.212751,0.915296,0.70944,0.336842,0.279958,0.837476,0.091034,0.030596,3.7333,3.4824,71,28
small_world,21,0.12,500,24,0.183333,0.863537,0.71358,0.343713,0.273084,0.714183,0.090501,0.005233,3.7433,3.6473,72,27
small_world,21,0.12,1000,24,0.168595,0.926326,0.676332,0.330081,0.267468,0.696973,0.086249,0.01352,3.7285,3.6655,71,19
small_world,22,0.12,500,24,0.186234,0.8402,0.694915,0.333224,0.292215,0.770951,0.08785,-0.031845,3.7159,3.6144,69,26
small_world,22,0.12,1000,24,0.223036,0.861215,0.686945,0.337558,0.281483,0.726339,0.090786,0.005683,3.7146,3.5955,78,22
small_world,23,0.12,500,24,0.19485,0.929347,0.679294,0.326367,0.274661,0.894691,0.088569,0.030157,3.7143,3.3847,61,24
small_world,23,0.12,1000,24,0.165865,0.973547,0.669757,0.334422,0.272347,0.752722,0.091354,-0.04268,3.748,3.6083,74,19
small_world,24,0.12,500,24,0.17899,0.82948,0.683117,0.332204,0.271252,0.840091,0.085779,-0.024664,3.7178,3.4381,80,21
small_world,24,0.12,1000,24,0.204382,0.89045,0.704755,0.336074,0.286585,0.825783,0.089902,0.029446,3.7412,3.5194,77,27
small_world,25,0.12,500,24,0.194439,0.870019,0.693362,0.338779,0.290963,0.854228,0.087025,0.012013,3.7092,3.4775,63,24
small_world,25,0.12,1000,24,0.186035,0.865236,0.684209,0.334643,0.275487,0.731787,0.089348,0.023215,3.7442,3.6293,66,22
small_world,26,0.12,500,24,0.183345,0.86894,0.688855,0.328659,0.276164,0.744997,0.089026,-0.042371,3.712,3.5775,68,21
small_world,26,0.12,1000,24,0.15734,0.93874,0.668606,0.341085,0.274557,0.714033,0.089447,0.047148,3.7709,3.6595,68,23
small_world,27,0.12,500,24,0.183203,0.939431,0.699565,0.336365,0.270583,0.704742,0.088449,-0.053194,3.7587,3.6642,64,28
small_world,27,0.12,1000,24,0.165388,0.862938,0.662076,0.33717,0.273108,0.685592,0.087002,-0.02286,3.7485,3.7351,67,20
small_world,28,0.12,500,24,0.188702,0.868499,0.697339,0.346547,0.277682,0.841248,0.089789,-0.058834,3.7575,3.4589,80,26
small_world,28,0.12,1000,24,0.174351,0.897681,0.677278,0.349338,0.267274,0.822971,0.088224,0.000371,3.7783,3.4801,78,21
small_world,29,0.12,500,24,0.199535,0.902109,0.710845,0.343342,0.285753,0.752552,0.090549,-0.027556,3.7586,3.6978,70,29
small_world,29,0.12,1000,24,0.177264,0.923494,0.721993,0.346044,0.273997,0.790029,0.088911,-0.011802,3.7904,3.4877,64,32
small_world,30,0.12,500,24,0.175818,0.863046,0.680992,0.341047,0.278124,0.73423,0.090414,0.05564,3.754,3.6684,68,23
small_world,30,0.12,1000,24,0.197232,0.915974,0.725113,0.339828,0.278182,0.789467,0.092231,-0.020173,3.7693,3.5296,64,32
small_world,31,0.12,500,24,0.169601,0.920818,0.670908,0.339708,0.276301,0.703772,0.089189,0.023558,3.7699,3.6786,64,25
small_world,31,0.12,1000,24,0.1758,0.918572,0.690282,0.336089,0.276908,0.76583,0.088505,0.022891,3.7586,3.5995,64,25
small_world,32,0.12,500,24,0.209764,0.92679,0.735625,0.341642,0.291868,0.77992,0.08845,-0.024646,3.7747,3.648,81,37
small_world,32,0.12,1000,24,0.154367,0.875245,0.68846,0.345576,0.275117,0.793756,0.088938,-0.016244,3.7806,3.552,65,23
small_world,33,0.12,500,24,0.198414,0.909862,0.726321,0.3498,0.274084,0.764153,0.089543,0.055542,3.8057,3.56,67,31
small_world,33,0.12,1000,24,0.166444,0.882673,0.695401,0.348014,0.284871,0.755225,0.08846,0.016856,3.8015,3.5925,65,25
small_world,34,0.12,500,24,0.194796,0.949307,0.715672,0.345787,0.285969,0.853769,0.087535,0.002091,3.7752,3.524,63,27
small_world,34,0.12,1000,24,0.209103,0.943702,0.729345,0.334608,0.293705,0.773883,0.090333,0.013954,3.7447,3.6543,62,31
small_world,35,0.12,500,24,0.192016,0.861258,0.715358,0.344652,0.28322,0.778923,0.089708,0.0502,3.7914,3.6116,60,32
small_world,35,0.12,1000,24,0.171675,0.913873,0.681443,0.330291,0.277201,0.695337,0.090376,0.005955,3.7225,3.6392,64,21
small_world,36,0.12,500,24,0.203071,0.892184,0.686154,0.320802,0.279925,0.742313,0.089401,0.001279,3.6733,3.6552,65,22
small_world,36,0.12,1000,24,0.172324,0.898528,0.69627,0.336115,0.276581,0.766781,0.09221,0.012228,3.7399,3.6388,56,25
small_world,37,0.12,500,24,0.192774,0.88417,0.699971,0.342882,0.273016,0.829373,0.088399,0.025574,3.7578,3.456,78,27
small_world,37,0.12,1000,24,0.198653,0.910112,0.704688,0.335629,0.279974,0.746355,0.088234,-0.007041,3.7592,3.6204,70,24
small_world,38,0.12,500,24,0.171844,0.897497,0.715578,0.350646,0.27499,0.734239,0.087898,-0.007815,3.8075,3.6798,62,27
small_world,38,0.12,1000,24,0.18996,0.864382,0.687908,0.337693,0.274825,0.816849,0.090987,0.048296,3.7357,3.4874,68,26
small_world,39,0.12,500,24,0.167943,0.835559,0.656368,0.326329,0.282806,0.673546,0.084823,0.038378,3.6953,3.7807,75,12
small_world,39,0.12,1000,24,0.190129,0.87513,0.687649,0.327335,0.281612,0.805339,0.090052,-0.043477,3.7121,3.49,68,22
small_world,40,0.12,500,24,0.175952,0.939601,0.685217,0.351469,0.277747,0.868294,0.089913,-0.060491,3.8014,3.4419,74,26
small_world,40,0.12,1000,24,0.17764,0.890021,0.710399,0.342509,0.271781,0.724885,0.091643,-0.052663,3.7784,3.6453,74,31
small_world,41,0.12,500,24,0.183362,0.910367,0.699345,0.350878,0.274205,0.696106,0.089566,-0.062995,3.8081,3.7027,64,27
small_world,41,0.12,1000,24,0.194355,0.887123,0.710198,0.339923,0.281597,0.771245,0.088811,-0.037749,3.7411,3.6445,76,29
small_world,42,0.12,500,24,0.174755,0.861094,0.689994,0.334489,0.27415,0.774678,0.090127,-0.01356,3.7433,3.5594,67,22
small_world,42,0.12,1000,24,0.185964,0.93451,0.696077,0.336315,0.279906,0.783428,0.087709,-0.03133,3.7715,3.5242,71,28
small_world,43,0.12,500,24,0.194609,0.894104,0.715135,0.342249,0.277829,0.879178,0.091565,0.009228,3.7561,3.4445,69,30
small_world,43,0.12,1000,24,0.166691,0.845648,0.695412,0.343793,0.291092,0.920307,0.087241,-0.022477,3.7735,3.4041,70,27
small_world,44,0.12,500,24,0.180729,0.907045,0.712516,0.347011,0.270385,0.719265,0.08941,-0.016649,3.8036,3.5979,72,31
small_world,44,0.12,1000,24,0.213709,0.909649,0.674077,0.338929,0.281594,0.750599,0.089534,0.008524,3.7364,3.6922,72,25
small_world,45,0.12,500,24,0.178152,0.951565,0.71288,0.344413,0.271851,0.871884,0.088924,-0.044889,3.7942,3.3653,78,28
small_world,45,0.12,1000,24,0.171399,0.850643,0.677798,0.340635,0.288433,0.737662,0.087485,0.021095,3.7489,3.7166,72,23
small_world,46,0.12,500,24,0.209679,0.905762,0.7079,0.336968,0.278972,0.820194,0.088866,-0.002715,3.7397,3.4739,83,27
small_world,46,0.12,1000,24,0.185124,0.889561,0.68414,0.331922,0.276085,0.898288,0.086639,-0.002704,3.7204,3.3941,66,22
small_world,47,0.12,500,24,0.171569,0.876206,0.658217,0.329464,0.275616,0.894153,0.088563,0.007575,3.7225,3.3529,59,19
small_world,47,0.12,1000,24,0.198947,0.944631,0.73204,0.34909,0.278713,0.734879,0.088397,0.002133,3.8049,3.6469,76,30
small_world,48,0.12,500,24,0.15771,0.877922,0.696389,0.338571,0.266957,0.775582,0.089057,-0.015805,3.7652,3.5305,65,25
small_world,48,0.12,1000,24,0.177428,0.893129,0.688257,0.34513,0.269578,0.831919,0.089231,0.0337,3.7647,3.4373,69,24
small_world,49,0.12,500,24,0.209648,0.936815,0.702925,0.32882,0.285586,0.75051,0.090435,0.009613,3.7122,3.6599,76,26
small_world,49,0.12,1000,24,0.173297,0.904002,0.694577,0.339688,0.27174,0.706066,0.089585,0.054956,3.7741,3.6776,65,27
small_world,50,0.12,500,24,0.168564,0.901502,0.686595,0.342012,0.27255,0.721307,0.08958,-0.031356,3.7668,3.5948,75,24
small_world,50,0.12,1000,24,0.194367,0.871058,0.720016,0.332518,0.282382,0.803681,0.087216,-0.014892,3.737,3.5555,71,31
von_neumann,1,0.2,500,24,0.216123,0.919493,0.712713,0.328433,0.232538,0.719427,0.155405,0.039779,3.7188,3.4826,68,33
von_neumann,1,0.2,1000,24,0.185147,0.893578,0.703684,0.342588,0.236906,0.712656,0.156983,0.009918,3.7743,3.4792,63,25
von_neumann,2,0.2,500,24,0.139737,0.888073,0.631005,0.341543,0.213118,0.660764,0.156117,0.021738,3.7627,3.5033,58,18
von_neumann,2,0.2,1000,24,0.20901,0.926035,0.734299,0.351147,0.216276,0.683232,0.16144,0.016601,3.8012,3.4633,80,30
von_neumann,3,0.2,500,24,0.217179,0.87099,0.728955,0.342191,0.234942,0.790795,0.155259,0.025083,3.7619,3.3102,75,30
von_neumann,3,0.2,1000,24,0.185812,0.900894,0.680632,0.336977,0.222682,0.711905,0.158327,0.002625,3.7554,3.4506,68,22
von_neumann,4,0.2,500,24,0.19778,0.865576,0.675202,0.339674,0.222076,0.669914,0.160035,-0.014636,3.7366,3.5513,65,22
von_neumann,4,0.2,1000,24,0.233813,0.919881,0.739059,0.352952,0.226869,0.601986,0.158883,0.008028,3.8066,3.7356,77,40
von_neumann,5,0.2,500,24,0.188306,0.919758,0.690516,0.343303,0.245892,0.779495,0.154345,0.014217,3.7815,3.4839,70,26
von_neumann,5,0.2,1000,24,0.181481,0.902942,0.650879,0.327583,0.2276,0.792893,0.152489,-0.028872,3.7106,3.3569,72,20
von_neumann,6,0.2,500,24,0.202995,0.907275,0.686984,0.334242,0.233016,0.602285,0.156249,0.004543,3.7232,3.6897,70,20
von_neumann,6,0.2,1000,24,0.188104,0.933264,0.707591,0.335038,0.223682,0.659525,0.152888,0.009742,3.7586,3.5884,65,26
von_neumann,7,0.2,500,24,0.172139,0.931173,0.722292,0.347553,0.22636,0.637762,0.151898,-0.006932,3.8093,3.6072,65,28
von_neumann,7,0.2,1000,24,0.168862,0.951937,0.687349,0.335078,0.220186,0.667136,0.159838,0.009697,3.7574,3.5164,71,24
von_neumann,8,0.2,500,24,0.195713,0.905432,0.674496,0.333125,0.220485,0.78823,0.157466,0.013636,3.7222,3.2553,67,22
von_neumann,8,0.2,1000,24,0.161922,0.875576,0.687801,0.347861,0.216633,0.712668,0.154931,-0.003939,3.7943,3.3782,68,24
von_neumann,9,0.2,500,24,0.213151,0.962654,0.712245,0.331495,0.229223,0.688002,0.156762,-0.005135,3.7276,3.4877,78,33
von_neumann,9,0.2,1000,24,0.202615,0.864415,0.701362,0.338337,0.221499,0.717432,0.156117,0.005313,3.7471,3.4462,76,30
von_neumann,10,0.2,500,24,0.186275,0.848406,0.686995,0.334753,0.217322,0.825796,0.157655,-0.021445,3.7315,3.2124,69,25
von_neumann,10,0.2,1000,24,0.193059,0.873889,0.718378,0.344768,0.234607,0.735486,0.153988,-0.013685,3.7645,3.4465,79,29
von_neumann,11,0.2,500,24,0.171935,0.855664,0.706612,0.332195,0.233531,0.639353,0.157731,-0.046599,3.7277,3.6308,70,28
von_neumann,11,0.2,1000,24,0.195521,0.868915,0.682181,0.330257,0.225081,0.691854,0.156886,-0.008458,3.6988,3.5347,77,22
von_neumann,12,0.2,500,24,0.177697,0.912808,0.704945,0.352307,0.218696,0.783848,0.153767,-0.02391,3.8154,3.2528,75,29
von_neumann,12,0.2,1000,24,0.166263,0.966268,0.724101,0.352224,0.209003,0.653358,0.158431,-0.049721,3.8293,3.4492,67,34
von_neumann,13,0.2,500,24,0.199217,0.917073,0.715942,0.344064,0.226456,0.748769,0.159897,0.004512,3.7919,3.4208,69,34
von_neumann,13,0.2,1000,24,0.207262,0.904601,0.708863,0.336955,0.231951,0.681021,0.160295,-0.00303,3.7469,3.5468,66,28
von_neumann,14,0.2,500,24,0.153363,0.898452,0.722438,0.359594,0.222254,0.628969,0.147457,0.018681,3.8409,3.5887,76,31
von_neumann,14,0.2,1000,24,0.218011,0.903387,0.701098,0.328975,0.233525,0.687913,0.153456,0.004524,3.71,3.5097,66,29
von_neumann,15,0.2,500,24,0.191583,0.979523,0.684222,0.33564,0.214172,0.660336,0.16144,-0.037511,3.746,3.4861,72,23
von_neumann,15,0.2,1000,24,0.171162,0.886941,0.695146,0.329287,0.220972,0.781917,0.156828,-0.037697,3.7283,3.271,65,24
von_neumann,16,0.2,500,24,0.177056,0.87159,0.722074,0.343385,0.23733,0.664732,0.154892,0.038287,3.7757,3.5498,66,30
von_neumann,16,0.2,1000,24,0.197365,0.870605,0.688566,0.33616,0.219484,0.696573,0.159271,0.010977,3.7317,3.4515,65,24
von_neumann,17,0.2,500,24,0.194177,0.935497,0.705898,0.33833,0.228543,0.767008,0.15908,-0.016064,3.7574,3.3582,81,31
von_neumann,17,0.2,1000,24,0.178446,0.916289,0.702003,0.350139,0.223563,0.707212,0.157676,0.066691,3.8083,3.4047,70,26
von_neumann,18,0.2,500,24,0.177755,0.963182,0.674395,0.34979,0.212447,0.604363,0.153823,0.011078,3.8076,3.5341,71,21
von_neumann,18,0.2,1000,24,0.197811,0.923747,0.695604,0.336444,0.22534,0.741213,0.154015,-0.003947,3.7477,3.4003,68,28
von_neumann,19,0.2,500,24,0.183435,0.886615,0.707858,0.340061,0.218727,0.936148,0.158904,-0.011069,3.7469,3.0217,73,30
von_neumann,19,0.2,1000,24,0.197971,0.92259,0.676097,0.327443,0.227434,0.7419,0.156026,0.034408,3.6974,3.3892,61,21
von_neumann,20,0.2,500,24,0.180948,0.89205,0.723521,0.33765,0.224205,0.724848,0.155965,0.053957,3.7612,3.3879,64,28
von_neumann,20,0.2,1000,24,0.179799,0.897462,0.718849,0.341412,0.224492,0.779061,0.156462,0.036624,3.7711,3.3246,68,36
von_neumann,21,0.2,500,24,0.194598,0.899743,0.728844,0.351986,0.224112,0.752413,0.157232,-0.095816,3.7983,3.391,85,35
von_neumann,21,0.2,1000,24,0.163018,0.90902,0.66456,0.332328,0.222197,0.75758,0.158714,-0.009927,3.7303,3.2992,67,21
von_neumann,22,0.2,500,24,0.18986,0.914714,0.700117,0.345225,0.237756,0.645329,0.154723,0.040456,3.7898,3.6465,70,23
von_neumann,22,0.2,1000,24,0.172685,0.882358,0.695633,0.339075,0.228763,0.766534,0.158921,-0.039703,3.7457,3.3876,65,25
von_neumann,23,0.2,500,24,0.165508,0.917164,0.685158,0.354041,0.223001,0.64573,0.157592,-0.020166,3.812,3.5797,66,22
von_neumann,23,0.2,1000,24,0.17847,0.947933,0.682891,0.337977,0.225315,0.665789,0.153075,-0.004572,3.7578,3.5189,75,20
von_neumann,24,0.2,500,24,0.156143,0.917728,0.663269,0.332602,0.223086,0.680481,0.149404,0.044608,3.7192,3.4697,63,19
von_neumann,24,0.2,1000,24,0.211524,0.977967,0.74356,0.359171,0.232209,0.690393,0.160323,-0.089793,3.8364,3.5424,84,38
von_neumann,25,0.2,500,24,0.218467,0.878065,0.718014,0.330509,0.234264,0.817025,0.153502,-0.034207,3.7154,3.2292,77,35
von_neumann,25,0.2,1000,24,0.155558,0.896262,0.678217,0.354806,0.218196,0.694266,0.155533,-0.029595,3.8072,3.3924,67,21
von_neumann,26,0.2,500,24,0.174813,0.902057,0.717289,0.336141,0.219614,0.610435,0.148116,0.02275,3.7718,3.6091,62,27
von_neumann,26,0.2,1000,24,0.168131,0.921261,0.690784,0.327486,0.221249,0.817634,0.157258,-0.028992,3.7323,3.2319,72,24
von_neumann,27,0.2,500,24,0.191326,0.929504,0.716865,0.342373,0.219567,0.6389,0.15447,-0.056063,3.7691,3.5785,81,30
von_neumann,27,0.2,1000,24,0.19789,0.946194,0.723306,0.353825,0.223885,0.698191,0.160442,-0.003506,3.8141,3.4831,74,34
von_neumann,28,0.2,500,24,0.172775,0.904054,0.693596,0.335557,0.222917,0.654779,0.158691,-0.005096,3.7603,3.5051,78,28
von_neumann,28,0.2,1000,24,0.182464,0.923023,0.711379,0.341359,0.23344,0.820508,0.15215,0.075549,3.7755,3.3345,57,29
von_neumann,29,0.2,500,24,0.192225,0.918429,0.698214,0.33354,0.228019,0.741523,0.157712,-0.0168,3.745,3.4068,74,29
von_neumann,29,0.2,1000,24,0.208971,0.95808,0.736373,0.330749,0.225412,0.705059,0.156464,0.053615,3.7261,3.3992,64,36
von_neumann,30,0.2,500,24,0.198477,0.902616,0.716578,0.348704,0.226961,0.681377,0.160999,0.061988,3.7974,3.5478,67,31
von_neumann,30,0.2,1000,24,0.198572,0.905609,0.702336,0.326567,0.22683,0.690178,0.160325,-0.002203,3.7177,3.4457,69,28
von_neumann,31,0.2,500,24,0.195233,0.90803,0.695777,0.324696,0.229804,0.678186,0.153723,0.052359,3.7226,3.5375,64,26
von_neumann,31,0.2,1000,24,0.179728,0.933928,0.697128,0.32512,0.226037,0.642292,0.15873,0.020461,3.7123,3.593,77,25
von_neumann,32,0.2,500,24,0.206308,0.890726,0.694353,0.332427,0.23042,0.767593,0.154112,0.008109,3.7237,3.3666,70,25
von_neumann,32,0.2,1000,24,0.169881,0.932241,0.696933,0.337384,0.231996,0.72202,0.148702,-0.022998,3.7776,3.4531,65,28
von_neumann,33,0.2,500,24,0.193936,0.940742,0.688919,0.32407,0.235311,0.764054,0.152754,0.010956,3.7133,3.3767,66,28
von_neumann,33,0.2,1000,24,0.194109,0.951361,0.723332,0.349904,0.233607,0.738838,0.155914,-0.042206,3.8127,3.4253,82,36
von_neumann,34,0.2,500,24,0.183329,0.925757,0.702956,0.328303,0.233906,0.615089,0.151604,-0.003436,3.7225,3.6433,54,26
von_neumann,34,0.2,1000,24,0.228889,0.934839,0.737193,0.328585,0.231083,0.718406,0.154392,-0.012458,3.713,3.479,74,32
von_neumann,35,0.2,500,24,0.184689,0.859813,0.705146,0.338832,0.232501,0.771709,0.155307,-0.051764,3.7626,3.3779,66,27
von_neumann,35,0.2,1000,24,0.172852,0.879644,0.665493,0.332262,0.227233,0.707093,0.1577,-0.030797,3.7199,3.5107,65,20
von_neumann,36,0.2,500,24,0.209882,0.922075,0.718991,0.353708,0.228507,0.725371,0.157525,0.003615,3.7956,3.4681,67,31
von_neumann,36,0.2,1000,24,0.1687,0.951279,0.691741,0.34807,0.232902,0.805268,0.156026,-0.021766,3.7943,3.3146,61,24
von_neumann,37,0.2,500,24,0.199143,0.95225,0.706941,0.329897,0.2216,0.713946,0.157286,-0.005854,3.7189,3.4735,71,28
von_neumann,37,0.2,1000,24,0.145983,0.939628,0.666668,0.365163,0.219178,0.654153,0.154153,-0.024384,3.8279,3.458,66,21
von_neumann,38,0.2,500,24,0.191458,0.908815,0.688046,0.338331,0.232441,0.831309,0.158251,0.056933,3.7454,3.3287,64,21
von_neumann,38,0.2,1000,24,0.217808,0.920747,0.711027,0.325081,0.23649,0.709978,0.156259,0.008911,3.698,3.4642,70,32
von_neumann,39,0.2,500,24,0.170136,0.880017,0.714574,0.355146,0.220887,0.625412,0.149946,-0.031241,3.8194,3.6236,70,30
von_neumann,39,0.2,1000,24,0.20476,0.882782,0.697892,0.335414,0.218879,0.680947,0.165599,0.022976,3.7219,3.4408,70,26
von_neumann,40,0.2,500,24,0.185526,0.928934,0.694442,0.342498,0.226221,0.658456,0.153447,-0.044725,3.7847,3.528,60,23
von_neumann,40,0.2,1000,24,0.155065,0.831983,0.679171,0.345098,0.23055,0.786669,0.154902,-0.010049,3.7792,3.269,62,18
von_neumann,41,0.2,500,24,0.181582,0.902807,0.69442,0.330433,0.216657,0.721911,0.162006,0.04813,3.7401,3.4017,46,23
von_neumann,41,0.2,1000,24,0.175449,0.948752,0.715127,0.343222,0.220706,0.618893,0.154291,0.009276,3.8025,3.5871,65,25
von_neumann,42,0.2,500,24,0.188295,0.883574,0.67913,0.338868,0.236624,0.661784,0.154864,-0.007837,3.7379,3.6172,75,25
von_neumann,42,0.2,1000,24,0.176095,0.913098,0.679051,0.340523,0.220771,0.708458,0.154554,0.003707,3.7701,3.4291,76,23
von_neumann,43,0.2,500,24,0.1935,0.879079,0.710758,0.349394,0.232359,0.734741,0.161585,0.035897,3.7802,3.4463,63,27
von_neumann,43,0.2,1000,24,0.166225,0.94618,0.706474,0.35814,0.231159,0.749,0.153814,0.008608,3.8287,3.4578,74,30
von_neumann,44,0.2,500,24,0.163123,0.915356,0.691056,0.339038,0.225029,0.716673,0.155137,0.018861,3.7642,3.3821,69,21
von_neumann,44,0.2,1000,24,0.193435,0.905139,0.717596,0.34825,0.226743,0.726704,0.152768,0.116583,3.7933,3.4554,64,32
von_neumann,45,0.2,500,24,0.179118,0.828739,0.658578,0.341809,0.221958,0.60741,0.157562,-0.000206,3.7216,3.6207,65,13
von_neumann,45,0.2,1000,24,0.195912,0.899606,0.698619,0.330102,0.224308,0.688734,0.157788,0.038319,3.7085,3.4859,71,26
von_neumann,46,0.2,500,24,0.183518,0.884504,0.689406,0.335558,0.219248,0.669021,0.159056,0.010241,3.7431,3.4782,68,27
von_neumann,46,0.2,1000,24,0.182985,0.884731,0.701969,0.333859,0.218599,0.606257,0.156031,0.000345,3.7422,3.6094,68,29
von_neumann,47,0.2,500,24,0.164068,0.910988,0.702426,0.357263,0.228689,0.705411,0.157552,0.001638,3.8378,3.4619,66,28
von_neumann,47,0.2,1000,24,0.192403,0.912267,0.708567,0.339378,0.22788,0.825403,0.159526,-0.084843,3.7623,3.2807,62,28
von_neumann,48,0.2,500,24,0.194752,0.942276,0.695322,0.327771,0.22353,0.673257,0.155966,-0.006625,3.7139,3.5021,73,25
von_neumann,48,0.2,1000,24,0.171411,0.865478,0.702594,0.330337,0.218659,0.715457,0.157556,-0.024872,3.7447,3.3581,74,28
von_neumann,49,0.2,500,24,0.206053,0.90349,0.731614,0.349143,0.232245,0.779251,0.157598,-0.014421,3.7779,3.3561,85,37
von_neumann,49,0.2,1000,24,0.193612,0.892092,0.719613,0.345726,0.236469,0.615766,0.157028,-0.012336,3.7753,3.7487,67,33
von_neumann,50,0.2,500,24,0.18365,0.87763,0.694104,0.329998,0.233764,0.642441,0.156785,-0.00779,3.7393,3.663,70,24
von_neumann,50,0.2,1000,24,0.190963,0.874539,0.695648,0.343233,0.237273,0.696094,0.153245,0.004555,3.7467,3.5056,82,26
moore,1,0.2,500,24,0.253619,0.936375,0.748089,0.331153,0.260118,0.738009,0.096195,0.060864,3.7091,3.4095,37,33
moore,1,0.2,1000,24,0.198595,0.921583,0.704181,0.339061,0.267913,0.682518,0.100543,0.048949,3.7602,3.4712,44,22
moore,2,0.2,500,24,0.151927,0.829383,0.659412,0.340574,0.241477,0.762003,0.096161,0.037951,3.761,3.2596,42,14
moore,2,0.2,1000,24,0.209211,0.915115,0.705692,0.329798,0.253443,0.707531,0.098681,0.081962,3.7264,3.4802,38,25
moore,3,0.2,500,24,0.221663,0.907684,0.713708,0.342958,0.27164,0.755192,0.099139,0.046804,3.7736,3.5013,36,23
moore,3,0.2,1000,24,0.180096,0.928078,0.706028,0.346418,0.249657,0.800423,0.097147,0.040098,3.7652,3.3941,42,25
moore,4,0.2,500,24,0.182635,0.951803,0.700893,0.341744,0.244725,0.688417,0.098846,0.054627,3.7812,3.4732,43,25
moore,4,0.2,1000,24,0.237734,0.900091,0.721059,0.334764,0.258823,0.708625,0.095443,0.024216,3.7342,3.4896,32,30
moore,5,0.2,500,24,0.215278,0.934402,0.705779,0.328945,0.269737,0.760997,0.092942,0.03075,3.7188,3.4775,39,25
moore,5,0.2,1000,24,0.191467,0.947594,0.695589,0.343776,0.251157,0.673976,0.098281,0.063408,3.771,3.5427,42,19
moore,6,0.2,500,24,0.215812,0.912968,0.71561,0.345204,0.266131,0.758897,0.098683,0.050574,3.7774,3.5167,35,25
moore,6,0.2,1000,24,0.206238,0.901577,0.75185,0.338599,0.253332,0.678987,0.097693,0.051784,3.7628,3.5386,37,28
moore,7,0.2,500,24,0.202037,0.908191,0.696532,0.329857,0.256898,0.736026,0.095251,0.05172,3.7277,3.4195,33,24
moore,7,0.2,1000,24,0.185523,0.919742,0.710653,0.336709,0.241328,0.700457,0.101901,0.067552,3.7684,3.3542,40,22
moore,8,0.2,500,24,0.19726,0.940159,0.677366,0.320555,0.257282,0.715302,0.095922,0.034435,3.6668,3.4766,39,22
moore,8,0.2,1000,24,0.188192,0.904644,0.687819,0.343583,0.241288,0.64542,0.101287,0.025774,3.7662,3.5025,44,20
moore,9,0.2,500,24,0.224138,0.92686,0.732321,0.334281,0.255981,0.76006,0.096919,0.048952,3.7356,3.3408,37,24
moore,9,0.2,1000,24,0.209064,0.948404,0.715614,0.347057,0.24937,0.749696,0.098598,0.077077,3.7779,3.4306,34,28
moore,10,0.2,500,24,0.2043,0.874211,0.674475,0.323156,0.250662,0.735733,0.099118,0.046447,3.6832,3.4151,41,16
moore,10,0.2,1000,24,0.217665,0.881166,0.73668,0.341926,0.264528,0.839569,0.095075,0.019414,3.7609,3.305,36,28
moore,11,0.2,500,24,0.203064,0.954206,0.718342,0.335452,0.263384,0.801319,0.097999,0.037404,3.7292,3.2619,37,28
moore,11,0.2,1000,24,0.220534,0.85347,0.692205,0.324452,0.252057,0.687861,0.098004,0.027806,3.6851,3.478,39,22
moore,12,0.2,500,24,0.205379,0.929473,0.700481,0.328794,0.245524,0.711752,0.096699,0.034634,3.7249,3.4505,44,25
moore,12,0.2,1000,24,0.170034,0.908068,0.705882,0.343424,0.245451,0.608741,0.098076,0.047512,3.785,3.6559,47,28
moore,13,0.2,500,24,0.215002,0.849754,0.718505,0.340514,0.261125,0.714548,0.098047,0.023056,3.7452,3.5179,48,34
moore,13,0.2,1000,24,0.204047,0.936577,0.691758,0.334576,0.257623,0.75134,0.097783,0.033346,3.7462,3.4624,38,21
moore,14,0.2,500,24,0.163861,0.897821,0.70844,0.358984,0.249443,0.70032,0.089335,0.052183,3.8131,3.469,37,23
moore,14,0.2,1000,24,0.232069,0.897133,0.717093,0.331496,0.264256,0.754554,0.094232,0.092183,3.7043,3.3705,37,25
moore,15,0.2,500,24,0.199872,0.871818,0.671964,0.320098,0.249646,0.692775,0.096624,0.03451,3.6773,3.4605,41,17
moore,15,0.2,1000,24,0.203738,0.92249,0.717377,0.339569,0.250192,0.701021,0.096717,0.04272,3.7821,3.4782,35,30
moore,16,0.2,500,24,0.211103,0.928125,0.717982,0.327233,0.267909,0.64597,0.098712,0.046203,3.7104,3.5582,39,29
moore,16,0.2,1000,24,0.200252,0.907875,0.717377,0.33854,0.255852,0.673631,0.096198,0.09095,3.7471,3.528,31,21
moore,17,0.2,500,24,0.205831,0.964492,0.72977,0.353952,0.266714,0.771603,0.096136,0.08429,3.8179,3.4464,39,29
moore,17,0.2,1000,24,0.176343,0.973526,0.715029,0.33894,0.250131,0.725021,0.096468,0.055094,3.7724,3.3665,42,23
moore,18,0.2,500,24,0.223244,0.881095,0.698953,0.32118,0.239784,0.636554,0.100052,0.054667,3.6673,3.4598,29,21
moore,18,0.2,1000,24,0.168959,0.859289,0.699482,0.342079,0.252261,0.648411,0.097919,0.019057,3.7672,3.6058,39,21
moore,19,0.2,500,24,0.204863,0.942772,0.695762,0.337056,0.2486,0.682133,0.100506,0.049276,3.7516,3.4765,34,21
moore,19,0.2,1000,24,0.229633,0.945944,0.714972,0.327378,0.250795,0.782393,0.100792,0.036518,3.7028,3.3147,32,25
moore,20,0.2,500,24,0.196553,0.898613,0.700019,0.326533,0.252329,0.616483,0.096232,0.03235,3.691,3.6129,39,20
moore,20,0.2,1000,24,0.212339,0.898218,0.682549,0.331951,0.255043,0.768591,0.097117,0.022634,3.713,3.4394,40,23
moore,21,0.2,500,24,0.207965,0.947375,0.701081,0.341128,0.257748,0.805383,0.098292,0.00504,3.7717,3.3612,36,27
moore,21,0.2,1000,24,0.204537,0.916991,0.700635,0.33169,0.248902,0.687414,0.097432,0.023128,3.7257,3.461,35,26
moore,22,0.2,500,24,0.229225,0.918182,0.73429,0.338256,0.266978,0.701118,0.096616,0.037567,3.7595,3.5055,38,39
moore,22,0.2,1000,24,0.198281,0.913756,0.709711,0.339073,0.259443,0.733458,0.09856,0.070871,3.7677,3.4684,42,28
moore,23,0.2,500,24,0.191161,0.93466,0.698289,0.340575,0.253047,0.697176,0.094294,0.013767,3.7456,3.4956,34,23
moore,23,0.2,1000,24,0.196324,0.920173,0.706401,0.334382,0.254147,0.765881,0.095047,0.040518,3.7541,3.3362,38,24
moore,24,0.2,500,24,0.189612,0.868003,0.682252,0.309311,0.247684,0.789374,0.094693,0.065108,3.6479,3.2744,33,14
moore,24,0.2,1000,24,0.228277,0.937553,0.721767,0.344373,0.268088,0.706963,0.097802,0.000914,3.761,3.4776,34,28
moore,25,0.2,500,24,0.239224,0.895664,0.733694,0.322189,0.268462,0.724665,0.091416,0.093085,3.6858,3.3985,33,33
moore,25,0.2,1000,24,0.194612,0.947973,0.719045,0.347811,0.238795,0.805541,0.09909,0.032869,3.7915,3.1787,55,27
moore,26,0.2,500,24,0.197094,0.889478,0.732647,0.337894,0.242561,0.666137,0.094804,0.03017,3.7428,3.4372,43,26
moore,26,0.2,1000,24,0.166559,0.945125,0.667456,0.344043,0.242106,0.782687,0.096255,0.048004,3.7735,3.3631,37,16
moore,27,0.2,500,24,0.193582,0.895541,0.712958,0.348297,0.243605,0.746886,0.098617,0.028954,3.7934,3.3315,44,25
moore,27,0.2,1000,24,0.218172,0.915492,0.72856,0.343026,0.253608,0.745294,0.101648,0.01675,3.7639,3.4247,38,31
moore,28,0.2,500,24,0.175817,0.884639,0.68786,0.338207,0.253951,0.804266,0.095581,0.028525,3.7459,3.235,47,22
moore,28,0.2,1000,24,0.1944,0.954562,0.725669,0.351652,0.265815,0.747727,0.097421,0.087383,3.8049,3.522,42,25
moore,29,0.2,500,24,0.188367,0.933644,0.705694,0.338876,0.250599,0.758134,0.096499,0.038439,3.7718,3.3135,36,25
moore,29,0.2,1000,24,0.221479,0.946443,0.73298,0.32508,0.253047,0.732168,0.098576,0.06755,3.717,3.2992,34,33
moore,30,0.2,500,24,0.218028,0.923662,0.710789,0.330961,0.26082,0.75332,0.103829,0.049454,3.708,3.4338,40,21
moore,30,0.2,1000,24,0.225935,0.932463,0.729879,0.330628,0.25835,0.740223,0.097018,0.042576,3.7401,3.4118,34,27
moore,31,0.2,500,24,0.200893,0.893028,0.689331,0.33207,0.26098,0.729477,0.096352,0.009634,3.7201,3.4294,37,22
moore,31,0.2,1000,24,0.17402,0.912337,0.696984,0.3461,0.259838,0.794615,0.094801,0.02252,3.7781,3.369,40,23
moore,32,0.2,500,24,0.200185,0.87631,0.722648,0.352166,0.253868,0.889615,0.095675,0.033741,3.7911,3.1087,38,27
moore,32,0.2,1000,24,0.211538,0.93995,0.712979,0.346463,0.26017,0.927374,0.094597,0.04371,3.7788,3.1792,45,28
moore,33,0.2,500,24,0.222579,0.878569,0.708088,0.333089,0.27335,0.699468,0.093007,0.024313,3.7195,3.509,42,26
moore,33,0.2,1000,24,0.211122,0.894162,0.708249,0.328925,0.264296,0.738403,0.098267,0.030403,3.7207,3.4547,46,25
moore,34,0.2,500,24,0.194749,0.925813,0.712444,0.334341,0.258856,0.701836,0.094347,0.051974,3.7638,3.5141,39,26
moore,34,0.2,1000,24,0.218629,0.928058,0.712565,0.341077,0.257392,0.85839,0.09916,-0.011238,3.7756,3.2298,46,24
moore,35,0.2,500,24,0.203953,0.918954,0.710113,0.334781,0.257898,0.712279,0.098324,0.017763,3.7402,3.4468,42,26
moore,35,0.2,1000,24,0.191108,0.879477,0.69749,0.329835,0.250281,0.708392,0.096299,0.082982,3.7238,3.4082,39,21
moore,36,0.2,500,24,0.212771,0.91954,0.698452,0.328444,0.248773,0.718676,0.09587,0.034209,3.7226,3.4061,44,21
moore,36,0.2,1000,24,0.196052,0.929812,0.706311,0.334789,0.261214,0.81242,0.094755,0.028723,3.7494,3.3612,40,28
moore,37,0.2,500,24,0.216394,0.897501,0.721012,0.332566,0.244154,0.665108,0.099607,0.072756,3.7169,3.5738,41,28
moore,37,0.2,1000,24,0.186293,0.954093,0.710038,0.346416,0.25151,0.695319,0.094991,0.031078,3.7985,3.5523,42,25
moore,38,0.2,500,24,0.215319,0.883183,0.690784,0.326041,0.26319,0.779686,0.09858,0.003285,3.6882,3.3285,49,21
moore,38,0.2,1000,24,0.231835,0.877343,0.728609,0.337233,0.269651,0.814973,0.097186,0.030644,3.7301,3.3172,40,27
moore,39,0.2,500,24,0.186774,0.939283,0.690053,0.34016,0.244774,0.72149,0.094439,0.02507,3.7587,3.3406,39,20
moore,39,0.2,1000,24,0.234112,0.985238,0.723432,0.331852,0.25425,0.621357,0.105571,0.077495,3.6969,3.6255,35,28
moore,40,0.2,500,24,0.209569,0.885923,0.673539,0.316498,0.2545,0.67223,0.096116,0.052565,3.6397,3.4714,42,18
moore,40,0.2,1000,24,0.200831,0.898085,0.703577,0.354165,0.25829,0.709335,0.096997,0.092347,3.7856,3.5139,36,26
moore,41,0.2,500,24,0.197644,0.962088,0.707523,0.3495,0.248595,0.701469,0.100001,0.078865,3.8116,3.4989,39,22
moore,41,0.2,1000,24,0.178009,0.92041,0.722286,0.346692,0.246141,0.680034,0.095059,0.040032,3.7965,3.4238,37,25
moore,42,0.2,500,24,0.200382,0.926907,0.688563,0.336632,0.26527,0.801858,0.094414,0.037205,3.733,3.3433,36,22
moore,42,0.2,1000,24,0.18642,0.921862,0.671857,0.342504,0.249282,0.664833,0.091453,0.044955,3.7643,3.5239,31,20
moore,43,0.2,500,24,0.214497,0.942404,0.684963,0.318605,0.258434,0.828648,0.100711,0.039868,3.6705,3.2708,43,19
moore,43,0.2,1000,24,0.199206,0.932481,0.698112,0.334934,0.255903,0.703195,0.097292,0.014794,3.7358,3.5126,42,25
moore,44,0.2,500,24,0.16546,0.921927,0.69694,0.348936,0.256028,0.753429,0.09604,0.048694,3.8053,3.3452,39,24
moore,44,0.2,1000,24,0.216528,0.938458,0.725299,0.343132,0.259741,0.712827,0.097541,0.13751,3.7749,3.5551,33,26
moore,45,0.2,500,24,0.210102,0.884236,0.717372,0.341413,0.260001,0.725299,0.09307,0.043436,3.747,3.4768,33,26
moore,45,0.2,1000,24,0.202279,0.92846,0.722376,0.353295,0.252698,0.714059,0.09741,0.027475,3.7785,3.4241,36,27
moore,46,0.2,500,24,0.196901,0.879579,0.675218,0.332664,0.246286,0.627259,0.100387,0.043329,3.7232,3.5557,39,16
moore,46,0.2,1000,24,0.2102,0.892367,0.69723,0.332126,0.246495,0.707843,0.095427,0.072883,3.7285,3.4232,40,21
moore,47,0.2,500,24,0.18104,0.904075,0.687371,0.344096,0.248489,0.72895,0.100398,0.069756,3.7805,3.4654,33,20
moore,47,0.2,1000,24,0.212135,0.852343,0.659835,0.319998,0.253629,0.679407,0.100731,0.055116,3.6644,3.4981,41,15
moore,48,0.2,500,24,0.188399,0.873866,0.71787,0.338906,0.248636,0.716469,0.095664,0.073459,3.7466,3.4911,33,22
moore,48,0.2,1000,24,0.186185,0.93528,0.694976,0.331417,0.242803,0.645603,0.098869,0.031063,3.7439,3.5424,41,18
moore,49,0.2,500,24,0.215868,0.948082,0.734998,0.345758,0.254913,0.764234,0.099092,0.078055,3.7706,3.3702,29,26
moore,49,0.2,1000,24,0.197487,0.914942,0.71503,0.339943,0.264703,0.691411,0.097524,0.049765,3.7503,3.6324,34,22
moore,50,0.2,500,24,0.193366,0.95995,0.706439,0.340743,0.263673,0.70805,0.099613,0.049063,3.7757,3.5586,29,24
moore,50,0.2,1000,24,0.208258,0.91693,0.70001,0.330508,0.262965,0.727133,0.095818,-0.000556,3.7269,3.4238,38,24
hex,1,0.2,500,24,0.243266,0.937092,0.72511,0.332969,0.258823,0.800579,0.110335,0.086371,3.7241,3.3388,59,36
hex,1,0.2,1000,24,0.207496,0.929233,0.71542,0.331352,0.264471,0.754122,0.114016,0.027593,3.7316,3.4044,55,28
hex,2,0.2,500,24,0.185717,0.858673,0.67446,0.323954,0.243563,0.757001,0.111174,0.037994,3.7012,3.3118,60,19
hex,2,0.2,1000,24,0.211287,0.879011,0.699929,0.342257,0.245903,0.685299,0.113141,0.03673,3.7494,3.4895,56,23
hex,3,0.2,500,24,0.24313,0.951505,0.75773,0.337893,0.267105,0.686921,0.113692,0.012856,3.7521,3.6103,56,35
hex,3,0.2,1000,24,0.189361,0.821796,0.710708,0.331585,0.248772,0.81258,0.112416,0.010145,3.7363,3.3285,54,30
hex,4,0.2,500,24,0.192582,0.898634,0.717616,0.337709,0.244822,0.609002,0.113833,0.035565,3.7351,3.6618,54,31
hex,4,0.2,1000,24,0.231983,0.917411,0.729609,0.34664,0.259306,0.844322,0.109943,0.044528,3.781,3.3418,56,32
hex,5,0.2,500,24,0.201306,0.910946,0.704893,0.346983,0.271879,0.778024,0.107627,0.018492,3.7732,3.492,55,25
hex,5,0.2,1000,24,0.188702,0.922048,0.697734,0.337099,0.252823,0.651912,0.111179,0.022115,3.7521,3.6222,59,26
hex,6,0.2,500,24,0.218598,0.918096,0.693302,0.331881,0.261172,0.657655,0.112642,0.018108,3.7175,3.6725,55,22
hex,6,0.2,1000,24,0.207232,0.960467,0.703608,0.331309,0.250347,0.673798,0.111799,0.032106,3.7353,3.5744,52,25
hex,7,0.2,500,24,0.206813,0.92267,0.692409,0.324084,0.255086,0.710419,0.109607,0.035784,3.6891,3.4871,50,26
hex,7,0.2,1000,24,0.191732,0.931533,0.729527,0.335976,0.243804,0.683211,0.116136,0.045366,3.758,3.4573,49,24
hex,8,0.2,500,24,0.201957,0.895921,0.723965,0.332205,0.253844,0.910626,0.108919,0.017108,3.7362,3.1214,53,27
hex,8,0.2,1000,24,0.180053,0.866659,0.695989,0.339583,0.242432,0.594313,0.11509,0.044973,3.7407,3.6692,50,23
hex,9,0.2,500,24,0.233521,0.890366,0.748574,0.33339,0.258253,0.74309,0.112242,0.022925,3.7313,3.387,49,35
hex,9,0.2,1000,24,0.224072,0.91218,0.721662,0.344554,0.247775,0.767746,0.112288,0.063139,3.7728,3.4143,54,32
hex,10,0.2,500,24,0.189077,0.87536,0.691054,0.323183,0.244682,0.687347,0.114594,0.035372,3.6825,3.497,48,23
hex,10,0.2,1000,24,0.204837,0.92883,0.723816,0.344172,0.259801,0.835083,0.108415,0.015277,3.768,3.2647,61,27
hex,11,0.2,500,24,0.187534,0.892558,0.677405,0.337826,0.262736,0.711501,0.112539,-0.003044,3.7477,3.5006,59,25
hex,11,0.2,1000,24,0.222884,0.950793,0.681133,0.321122,0.25338,0.781029,0.112106,-0.018018,3.6833,3.3375,51,21
hex,12,0.2,500,24,0.203407,0.924363,0.719283,0.336114,0.241461,0.750945,0.11166,0.048913,3.7403,3.3779,54,29
hex,12,0.2,1000,24,0.185192,0.87845,0.717646,0.334129,0.237535,0.629712,0.112441,0.041496,3.7342,3.5763,53,31
hex,13,0.2,500,24,0.219804,0.925841,0.727143,0.341572,0.25713,0.626861,0.111683,0.019728,3.7788,3.666,62,35
hex,13,0.2,1000,24,0.218674,0.932781,0.712289,0.326217,0.2596,0.779819,0.111897,-0.021586,3.7068,3.4381,62,28
hex,14,0.2,500,24,0.17765,0.887849,0.732888,0.353249,0.24827,0.66832,0.103177,0.033126,3.8073,3.5464,57,28
hex,14,0.2,1000,24,0.222779,0.885868,0.716465,0.336553,0.258049,0.64669,0.108296,0.073843,3.7288,3.5945,50,29
hex,15,0.2,500,24,0.202643,0.935125,0.697626,0.320053,0.243558,0.625096,0.111941,0.033167,3.67,3.6051,57,25
hex,15,0.2,1000,24,0.193939,0.938951,0.710017,0.337895,0.249985,0.820563,0.110712,0.002314,3.7799,3.3046,61,29
hex,16,0.2,500,24,0.209442,0.890169,0.716896,0.33676,0.265635,0.632431,0.112814,0.02197,3.7337,3.6079,51,27
hex,16,0.2,1000,24,0.196982,0.907029,0.71937,0.344172,0.255265,0.751032,0.109797,0.030812,3.7709,3.4376,52,33
hex,17,0.2,500,24,0.216552,0.936314,0.751502,0.356406,0.264046,0.781014,0.110486,0.016025,3.8141,3.4489,51,35
hex,17,0.2,1000,24,0.167154,0.920477,0.695915,0.346814,0.252873,0.698039,0.11103,0.072046,3.7927,3.5184,48,24
hex,18,0.2,500,24,0.20593,0.939143,0.687582,0.337154,0.237283,0.639523,0.112675,0.083181,3.7235,3.5028,47,22
hex,18,0.2,1000,24,0.187845,0.872407,0.68593,0.33742,0.249442,0.686415,0.111435,0.053554,3.7463,3.532,47,24
hex,19,0.2,500,24,0.208532,0.885885,0.708481,0.337884,0.246762,0.743608,0.1143,0.051459,3.7207,3.3563,52,27
hex,19,0.2,1000,24,0.208884,0.918531,0.675005,0.316588,0.250739,0.762209,0.113746,0.093333,3.658,3.3778,49,17
hex,20,0.2,500,24,0.210979,0.916441,0.723072,0.335159,0.256353,0.650976,0.110688,0.010394,3.7425,3.5846,54,28
hex,20,0.2,1000,24,0.209074,0.900073,0.704892,0.336936,0.255295,0.758872,0.111592,0.048509,3.743,3.4994,49,24
hex,21,0.2,500,24,0.214447,0.875381,0.730208,0.341532,0.255644,0.685788,0.112096,-0.010557,3.7489,3.5925,56,29
hex,21,0.2,1000,24,0.186597,0.88398,0.654261,0.327614,0.250231,0.78665,0.110937,0.011261,3.7025,3.2911,54,19
hex,22,0.2,500,24,0.216667,0.909955,0.719356,0.339303,0.266799,0.784627,0.111034,0.021943,3.7656,3.4141,48,30
hex,22,0.2,1000,24,0.189121,0.913127,0.698912,0.337762,0.258212,0.80968,0.113189,0.015452,3.7589,3.3343,55,26
hex,23,0.2,500,24,0.197537,0.931183,0.703512,0.343478,0.252142,0.794036,0.10857,-0.006256,3.7749,3.346,58,26
hex,23,0.2,1000,24,0.192412,0.929999,0.682055,0.353601,0.251169,0.830976,0.109209,0.025464,3.8019,3.2707,51,23
hex,24,0.2,500,24,0.167059,0.927378,0.672928,0.33259,0.243604,0.844723,0.108242,0.032396,3.731,3.1513,54,18
hex,24,0.2,1000,24,0.234385,0.935869,0.751259,0.348456,0.261862,0.796224,0.112242,-0.014852,3.7681,3.3581,61,35
hex,25,0.2,500,24,0.245594,0.919982,0.718498,0.319756,0.266157,0.717437,0.105672,0.081956,3.6723,3.502,52,29
hex,25,0.2,1000,24,0.196434,0.921535,0.721943,0.363234,0.240079,0.732997,0.112974,0.022038,3.8618,3.3259,53,30
hex,26,0.2,500,24,0.191578,0.954979,0.708014,0.341296,0.242464,0.7207,0.10836,0.040377,3.7803,3.3391,62,22
hex,26,0.2,1000,24,0.190995,0.899062,0.713125,0.336645,0.243458,0.713492,0.110994,0.046141,3.7323,3.5019,47,28
hex,27,0.2,500,24,0.204199,0.856993,0.729777,0.342034,0.24572,0.705865,0.112231,-0.010269,3.7547,3.5064,51,30
hex,27,0.2,1000,24,0.21636,0.950311,0.736883,0.343738,0.252387,0.801522,0.115026,0.025802,3.7619,3.3763,53,30
hex,28,0.2,500,24,0.169795,0.946267,0.702861,0.349461,0.252129,0.677179,0.109163,-0.009223,3.8049,3.4629,61,27
hex,28,0.2,1000,24,0.200688,0.939565,0.717486,0.346094,0.259179,0.733212,0.110686,0.049963,3.7963,3.495,51,29
hex,29,0.2,500,24,0.203903,0.919595,0.713347,0.33298,0.253561,0.834491,0.110544,0.066459,3.7546,3.2525,50,29
hex,29,0.2,1000,24,0.210881,0.947896,0.712347,0.322566,0.252934,0.768928,0.112513,0.04219,3.7087,3.2816,47,29
hex,30,0.2,500,24,0.21811,0.905989,0.714681,0.336996,0.257,0.788217,0.117145,0.019249,3.7318,3.4078,52,29
hex,30,0.2,1000,24,0.210828,0.873641,0.717286,0.334915,0.252209,0.682245,0.112006,0.090079,3.7259,3.4647,46,30
hex,31,0.2,500,24,0.197393,0.835325,0.689973,0.337136,0.256215,0.65299,0.110719,0.036008,3.7215,3.6021,52,21
hex,31,0.2,1000,24,0.186139,0.90271,0.7128,0.338791,0.254221,0.705108,0.109636,0.034067,3.7626,3.4944,51,26
hex,32,0.2,500,24,0.207792,0.883971,0.745914,0.342564,0.251261,0.648986,0.110539,0.021337,3.7648,3.5418,53,31
hex,32,0.2,1000,24,0.207052,0.950536,0.728465,0.339664,0.258333,0.769623,0.109005,0.002031,3.7721,3.4286,56,30
hex,33,0.2,500,24,0.220648,0.932021,0.730199,0.327771,0.268117,0.682884,0.107252,0.053474,3.7226,3.5722,55,32
hex,33,0.2,1000,24,0.205884,0.926185,0.708443,0.348354,0.260919,0.762175,0.112261,0.028423,3.7976,3.4055,50,30
hex,34,0.2,500,24,0.185554,0.914138,0.714984,0.33004,0.259999,0.85793,0.107874,0.049167,3.7205,3.2665,48,24
hex,34,0.2,1000,24,0.22343,0.911964,0.736906,0.329708,0.253985,0.69546,0.112129,-0.000109,3.7302,3.5451,58,33
hex,35,0.2,500,24,0.199662,0.894461,0.708021,0.324012,0.255452,0.61967,0.112325,0.01049,3.7069,3.6526,54,29
hex,35,0.2,1000,24,0.181406,0.907463,0.690667,0.332999,0.250664,0.780051,0.112105,0.063627,3.7486,3.3489,55,20
hex,36,0.2,500,24,0.21445,0.923182,0.733288,0.343592,0.253573,0.765713,0.1105,0.034243,3.7729,3.4264,58,27
hex,36,0.2,1000,24,0.191522,0.910206,0.692056,0.342502,0.265288,0.856222,0.109438,-0.001943,3.758,3.3175,54,27
hex,37,0.2,500,24,0.207589,0.913267,0.708967,0.325123,0.242576,0.76709,0.112712,0.058975,3.7053,3.3604,52,24
hex,37,0.2,1000,24,0.186955,0.893631,0.76657,0.352065,0.252904,0.770412,0.109176,0.014137,3.7978,3.396,58,35
hex,38,0.2,500,24,0.228384,0.891505,0.693651,0.325652,0.261287,0.7336,0.112569,0.007459,3.6928,3.4874,53,21
hex,38,0.2,1000,24,0.230054,0.946315,0.746336,0.350051,0.263155,0.730635,0.110637,0.036781,3.7961,3.4955,55,32
hex,39,0.2,500,24,0.185348,0.928613,0.679264,0.33893,0.242753,0.782976,0.10808,0.047132,3.7614,3.3241,51,22
hex,39,0.2,1000,24,0.233156,0.93249,0.726033,0.336039,0.252322,0.782158,0.119671,0.085315,3.7431,3.3168,48,32
hex,40,0.2,500,24,0.212107,0.908027,0.704389,0.31821,0.253883,0.600987,0.109357,0.036471,3.6757,3.6426,50,26
hex,40,0.2,1000,24,0.195643,0.881554,0.688479,0.339098,0.259063,0.763339,0.11197,0.062759,3.7261,3.4206,58,26
hex,41,0.2,500,24,0.196272,0.879343,0.701592,0.344796,0.245036,0.735487,0.115254,0.051647,3.7688,3.4315,52,24
hex,41,0.2,1000,24,0.181256,0.896019,0.704612,0.35297,0.241639,0.582658,0.109662,0.034707,3.8061,3.6664,60,25
hex,42,0.2,500,24,0.191616,0.935201,0.695898,0.339551,0.264633,0.677101,0.108667,0.025682,3.7531,3.5928,50,24
hex,42,0.2,1000,24,0.17543,0.913954,0.683904,0.338881,0.249561,0.883801,0.106408,0.060255,3.7682,3.2204,58,21
hex,43,0.2,500,24,0.215206,0.950473,0.710749,0.336744,0.258422,0.766235,0.115302,0.062714,3.7586,3.4093,46,24
hex,43,0.2,1000,24,0.202824,0.86612,0.712584,0.336885,0.256736,0.672041,0.111313,0.010302,3.7432,3.6192,55,27
hex,44,0.2,500,24,0.168339,0.872629,0.700638,0.34704,0.250755,0.773052,0.110042,0.019977,3.7794,3.3188,51,26
hex,44,0.2,1000,24,0.224704,0.901244,0.724375,0.337053,0.259081,0.683957,0.111842,0.105881,3.7446,3.5854,53,33
hex,45,0.2,500,24,0.209025,0.873973,0.694937,0.331301,0.254563,0.680256,0.108794,0.008653,3.7076,3.5591,52,24
hex,45,0.2,1000,24,0.191278,0.885382,0.705982,0.34006,0.252571,0.753471,0.112478,0.007292,3.7685,3.3845,55,27
hex,46,0.2,500,24,0.195299,0.925476,0.67077,0.324012,0.240867,0.799965,0.115298,0.031991,3.6884,3.2061,54,19
hex,46,0.2,1000,24,0.198949,0.931707,0.694332,0.330192,0.244628,0.844958,0.109707,0.04646,3.7155,3.1831,53,23
hex,47,0.2,500,24,0.173048,0.897085,0.671025,0.32676,0.253438,0.691598,0.113514,0.0627,3.7115,3.6021,53,18
hex,47,0.2,1000,24,0.199731,0.911205,0.680507,0.336426,0.251278,0.788272,0.11551,0.04035,3.7383,3.2881,51,25
hex,48,0.2,500,24,0.191091,0.867325,0.722322,0.337331,0.244975,0.70819,0.110074,-0.008149,3.7417,3.4801,49,30
hex,48,0.2,1000,24,0.17955,0.860886,0.69282,0.326033,0.24316,0.723484,0.112509,-0.004333,3.7091,3.4122,57,23
hex,49,0.2,500,24,0.216777,0.942901,0.733145,0.350259,0.25775,0.709561,0.112946,0.055094,3.7898,3.5738,55,32
hex,49,0.2,1000,24,0.208831,0.904201,0.717139,0.335994,0.267477,0.765881,0.11229,0.010903,3.7525,3.5223,46,30
hex,50,0.2,500,24,0.19384,0.971135,0.70492,0.341504,0.261324,0.70599,0.114015,0.004071,3.7685,3.57,54,28
hex,50,0.2,1000,24,0.208761,0.941761,0.710057,0.326948,0.262137,0.72981,0.109361,0.023964,3.7155,3.4365,49,27
random,1,0.2,500,24,0.193361,0.833511,0.682863,0.321292,0.343008,0.837253,0.11401,0.029539,3.6892,3.591,56,24
random,1,0.2,1000,24,0.167106,0.897292,0.690858,0.336071,0.336509,0.794566,0.113037,-0.014112,3.7472,3.6294,64,24
random,2,0.2,500,24,0.203569,0.899199,0.682226,0.319532,0.335389,0.797985,0.112996,0.008994,3.6844,3.5833,62,23
random,2,0.2,1000,24,0.192672,0.895822,0.681631,0.323568,0.350619,0.814663,0.116322,0.005226,3.6817,3.5831,69,24
random,3,0.2,500,24,0.188648,0.92329,0.6938,0.337079,0.356136,0.927231,0.11613,0.003155,3.7568,3.5581,63,25
random,3,0.2,1000,24,0.173476,0.889261,0.676033,0.333842,0.338234,0.842549,0.114393,0.004876,3.73,3.4909,63,22
random,4,0.2,500,24,0.195728,0.954933,0.687458,0.327256,0.362841,0.862092,0.111708,0.014224,3.7079,3.545,55,22
random,4,0.2,1000,24,0.182376,0.929858,0.688787,0.334518,0.346187,0.777193,0.112164,0.005633,3.7448,3.6957,73,28
random,5,0.2,500,24,0.212224,0.863236,0.699755,0.321223,0.345128,0.79353,0.114865,0.008001,3.681,3.6818,73,27
random,5,0.2,1000,24,0.174869,0.914368,0.696645,0.340914,0.343332,0.802282,0.114759,-0.01791,3.7663,3.5827,69,23
random,6,0.2,500,24,0.184019,0.932469,0.69042,0.343491,0.354904,0.843085,0.114503,-0.016302,3.7801,3.6671,64,23
random,6,0.2,1000,24,0.167619,0.796796,0.680982,0.344375,0.349564,0.78839,0.114845,-0.018746,3.7564,3.6888,62,21
random,7,0.2,500,24,0.195259,0.913713,0.694078,0.326956,0.354884,0.787126,0.116204,-0.003789,3.7123,3.6557,66,27
random,7,0.2,1000,24,0.171459,0.926968,0.688404,0.335294,0.342996,0.85796,0.116171,0.015026,3.7681,3.582,64,22
random,8,0.2,500,24,0.194846,0.946792,0.685142,0.344467,0.340912,0.77419,0.111785,0.024705,3.7674,3.6542,71,20
random,8,0.2,1000,24,0.213372,0.881299,0.678091,0.314061,0.34931,0.813843,0.116223,-0.014844,3.6494,3.6984,75,21
random,9,0.2,500,24,0.210035,0.864713,0.680217,0.331711,0.348752,0.828561,0.11326,-0.020473,3.7271,3.5917,65,22
random,9,0.2,1000,24,0.191489,0.895676,0.698012,0.3299,0.337255,0.807988,0.114889,-0.012174,3.7182,3.6226,76,27
random,10,0.2,500,24,0.182666,0.892296,0.708078,0.346224,0.335344,0.845671,0.115329,0.019725,3.7743,3.557,64,27
random,10,0.2,1000,24,0.178615,0.890074,0.708224,0.344199,0.330597,0.906984,0.11631,0.01646,3.7656,3.3815,72,27
random,11,0.2,500,24,0.194654,0.951218,0.685609,0.322617,0.348688,0.821889,0.11852,-0.000251,3.6949,3.5913,76,27
random,11,0.2,1000,24,0.16422,0.89155,0.65219,0.333265,0.352746,0.775757,0.113331,0.019826,3.7349,3.6629,62,19
random,12,0.2,500,24,0.184988,0.877834,0.683663,0.325184,0.336325,0.781892,0.112139,0.00672,3.7029,3.6953,65,21
random,12,0.2,1000,24,0.208394,0.938918,0.693039,0.332185,0.351743,0.816833,0.114837,-0.001439,3.7271,3.6043,68,19
random,13,0.2,500,24,0.201352,0.95087,0.707243,0.341761,0.362752,0.852396,0.114197,0.021986,3.7837,3.6134,70,29
random,13,0.2,1000,24,0.201716,0.905899,0.69646,0.338522,0.349344,0.760912,0.113939,-0.020597,3.7655,3.7201,72,26
random,14,0.2,500,24,0.172,0.908817,0.68219,0.33188,0.343862,0.764756,0.112015,0.001016,3.7488,3.7292,66,24
random,14,0.2,1000,24,0.207841,0.899804,0.708118,0.34991,0.346459,0.805209,0.112545,0.033997,3.7609,3.6001,69,32
random,15,0.2,500,24,0.184412,0.871567,0.692796,0.341742,0.342929,0.726635,0.112303,-0.022211,3.7527,3.7786,70,25
random,15,0.2,1000,24,0.218499,0.945946,0.727609,0.348879,0.346626,0.853181,0.116958,-0.010642,3.7892,3.5751,67,28
random,16,0.2,500,24,0.195779,0.959458,0.718506,0.333333,0.349611,0.887613,0.115534,0.014186,3.7503,3.5205,65,28
random,16,0.2,1000,24,0.215392,0.900748,0.729032,0.32995,0.359596,0.831304,0.113948,-0.027996,3.7274,3.6447,71,25
random,17,0.2,500,24,0.205525,0.95142,0.707727,0.329154,0.356001,0.793756,0.117139,0.014669,3.7208,3.7457,78,31
random,17,0.2,1000,24,0.191851,0.896594,0.716881,0.333135,0.349386,0.896294,0.115238,-0.015057,3.7281,3.5071,67,29
random,18,0.2,500,24,0.201792,0.91326,0.710436,0.350016,0.355044,0.809334,0.113023,-0.008567,3.7878,3.6548,68,31
random,18,0.2,1000,24,0.193834,0.918165,0.730699,0.341886,0.354357,0.819114,0.113068,0.003592,3.7655,3.6477,62,34
random,19,0.2,500,24,0.178709,0.958525,0.70538,0.33913,0.342316,0.776028,0.116078,-0.013813,3.7563,3.695,65,28
random,19,0.2,1000,24,0.195647,0.973669,0.745051,0.348962,0.337183,0.888983,0.119154,-0.005815,3.8111,3.4793,82,36
random,20,0.2,500,24,0.173098,0.902172,0.695751,0.340976,0.339695,0.736644,0.113013,0.012988,3.7531,3.7474,63,22
random,20,0.2,1000,24,0.178232,0.915124,0.696433,0.338869,0.343877,0.785699,0.11149,-0.003208,3.7535,3.7243,67,25
random,21,0.2,500,24,0.218568,0.942504,0.708884,0.324028,0.347762,0.80257,0.117446,-0.031094,3.6718,3.6219,75,31
random,21,0.2,1000,24,0.173998,0.924351,0.660696,0.32096,0.341246,0.83853,0.113847,-0.035211,3.6934,3.5935,71,21
random,22,0.2,500,24,0.205344,0.941436,0.70755,0.339668,0.350402,0.876288,0.115263,0.019892,3.7556,3.5569,74,24
random,22,0.2,1000,24,0.19522,0.884228,0.704477,0.336983,0.347928,0.748779,0.112703,0.006028,3.7327,3.6985,65,29
random,23,0.2,500,24,0.162101,0.911879,0.682139,0.337715,0.333215,0.783846,0.114972,-0.012132,3.7661,3.6143,70,25
random,23,0.2,1000,24,0.151686,0.900032,0.697235,0.357134,0.34616,0.799471,0.11218,-0.012399,3.8154,3.7009,62,26
random,24,0.2,500,24,0.168449,0.935497,0.686012,0.346135,0.348827,0.891072,0.114779,-0.029265,3.7941,3.5895,63,21
random,24,0.2,1000,24,0.190349,0.889337,0.719777,0.336022,0.343639,0.862728,0.115515,0.003062,3.7412,3.5441,68,29
random,25,0.2,500,24,0.181142,0.88048,0.702126,0.334135,0.346664,0.869873,0.114072,-0.016878,3.7423,3.5115,77,30
random,25,0.2,1000,24,0.185235,0.903396,0.720652,0.337907,0.3376,0.870389,0.111305,0.015708,3.7583,3.5095,61,31
random,26,0.2,500,24,0.192416,0.900033,0.718259,0.343121,0.336985,0.756794,0.11264,0.020561,3.7535,3.678,72,27
random,26,0.2,1000,24,0.160784,0.917171,0.724011,0.356755,0.331533,0.882269,0.112716,0.000137,3.8262,3.5154,66,30
random,27,0.2,500,24,0.1758,0.888998,0.667795,0.325698,0.33876,0.819519,0.117817,0.015753,3.7035,3.5595,70,23
random,27,0.2,1000,24,0.177277,0.960716,0.696548,0.336195,0.346643,0.791144,0.112033,0.023093,3.7639,3.6664,69,27
random,28,0.2,500,24,0.202796,0.912809,0.693594,0.325979,0.344302,0.757885,0.11485,0.002296,3.7049,3.6943,59,24
random,28,0.2,1000,24,0.152854,0.899381,0.658131,0.337257,0.337654,0.906986,0.110685,-0.041177,3.7499,3.4395,67,20
random,29,0.2,500,24,0.184846,0.931656,0.691265,0.338328,0.352429,0.791175,0.117313,-0.018596,3.7688,3.711,81,24
random,29,0.2,1000,24,0.166493,0.875805,0.689825,0.339167,0.334573,0.777064,0.114007,0.002346,3.7576,3.6857,69,25
random,30,0.2,500,24,0.163722,0.930364,0.669966,0.345506,0.349597,0.748738,0.111001,-0.010117,3.8044,3.7616,71,23
random,30,0.2,1000,24,0.185505,0.909837,0.69563,0.346309,0.35519,0.825888,0.113798,-0.018293,3.7825,3.6466,69,28
random,31,0.2,500,24,0.193837,0.920876,0.703621,0.333786,0.340078,0.881726,0.114179,-0.010013,3.7374,3.5183,73,28
random,31,0.2,1000,24,0.131423,0.944648,0.698325,0.345611,0.333994,0.825043,0.109369,-0.018024,3.8011,3.5929,59,26
random,32,0.2,500,24,0.209961,0.949629,0.70119,0.339726,0.358168,0.892731,0.115388,0.010315,3.7449,3.5814,83,27
random,32,0.2,1000,24,0.192613,0.868433,0.672954,0.332744,0.342479,0.734287,0.112767,-0.022575,3.7185,3.736,72,20
random,33,0.2,500,24,0.218372,0.892926,0.703072,0.327307,0.351046,0.845432,0.114364,0.022851,3.7074,3.5381,64,27
random,33,0.2,1000,24,0.180424,0.901651,0.718167,0.346628,0.333659,0.836249,0.111576,0.018936,3.8088,3.5497,66,31
random,34,0.2,500,24,0.187013,0.89523,0.700346,0.32141,0.341086,0.74364,0.11561,0.039663,3.6903,3.7013,60,25
random,34,0.2,1000,24,0.185804,0.938726,0.709793,0.344003,0.347012,0.894174,0.113831,-0.022766,3.7696,3.5376,83,31
random,35,0.2,500,24,0.176382,0.88306,0.694414,0.344544,0.362932,0.860123,0.112542,0.005095,3.7755,3.6767,62,28
random,35,0.2,1000,24,0.192719,0.890876,0.679494,0.324364,0.342938,0.737808,0.114634,0.004256,3.6744,3.7004,76,19
random,36,0.2,500,24,0.164157,0.90782,0.670102,0.33933,0.334452,0.817923,0.116544,-0.005762,3.7519,3.6527,61,17
random,36,0.2,1000,24,0.201055,0.969983,0.714009,0.336828,0.333798,0.827731,0.113487,0.016549,3.7458,3.5539,68,32
random,37,0.2,500,24,0.165482,0.935574,0.663701,0.334306,0.339522,0.817177,0.111162,0.006456,3.728,3.6381,64,14
random,37,0.2,1000,24,0.165488,0.863986,0.673741,0.342916,0.338841,0.92236,0.10931,0.024885,3.7834,3.4826,76,23
random,38,0.2,500,24,0.169224,0.895484,0.698678,0.340009,0.338789,0.81947,0.112293,-0.018522,3.7658,3.5968,73,25
random,38,0.2,1000,24,0.180001,0.88954,0.656915,0.333995,0.348376,0.794493,0.113769,-0.010761,3.7111,3.6646,64,22
random,39,0.2,500,24,0.160666,0.95506,0.706964,0.34358,0.334128,0.896877,0.115267,-0.007264,3.7971,3.4363,70,31
random,39,0.2,1000,24,0.177712,0.920397,0.694075,0.361012,0.343029,0.742765,0.115043,-0.021838,3.8288,3.7671,68,24
random,40,0.2,500,24,0.183862,0.879274,0.713259,0.351921,0.341073,0.807636,0.11475,0.006038,3.7961,3.615,74,29
random,40,0.2,1000,24,0.177964,0.950731,0.682411,0.353799,0.341779,0.818626,0.115663,0.018676,3.7983,3.6152,74,21
random,41,0.2,500,24,0.200011,0.91937,0.713735,0.348072,0.346945,0.866556,0.11239,-0.010856,3.7993,3.556,76,31
random,41,0.2,1000,24,0.168853,0.90395,0.713836,0.349812,0.343201,0.899286,0.112984,-0.0017,3.8066,3.5585,64,27
random,42,0.2,500,24,0.171424,0.910643,0.676935,0.334021,0.338043,0.927645,0.114934,-0.007064,3.7506,3.375,66,21
random,42,0.2,1000,24,0.165484,0.892934,0.670614,0.339036,0.34598,0.83599,0.115924,-0.023335,3.7606,3.5882,65,20
random,43,0.2,500,24,0.174537,0.900094,0.734855,0.354434,0.352517,0.760522,0.116485,0.02038,3.8157,3.7537,69,29
random,43,0.2,1000,24,0.174046,0.943829,0.722773,0.342334,0.351768,0.842681,0.116885,-0.025636,3.7832,3.6304,74,30
random,44,0.2,500,24,0.216308,0.930272,0.728323,0.346971,0.361106,0.851465,0.115774,-0.049105,3.7948,3.6258,74,37
random,44,0.2,1000,24,0.202608,0.893158,0.697164,0.342581,0.358014,0.862345,0.116002,-0.030285,3.7635,3.5719,60,26
random,45,0.2,500,24,0.160575,0.858782,0.701841,0.348459,0.342315,0.786924,0.111816,-0.018582,3.7839,3.6645,70,30
random,45,0.2,1000,24,0.194944,0.892426,0.673391,0.319692,0.342602,0.848308,0.117126,-0.025771,3.6821,3.5684,64,22
random,46,0.2,500,24,0.168819,0.849888,0.669415,0.341679,0.342914,0.937816,0.115622,0.026466,3.7369,3.4022,66,19
random,46,0.2,1000,24,0.17532,0.892727,0.682892,0.329745,0.342119,0.85188,0.113084,0.011113,3.7242,3.6579,72,22
random,47,0.2,500,24,0.180402,0.894697,0.699055,0.34385,0.341266,0.765856,0.117484,0.029261,3.7621,3.6662,67,28
random,47,0.2,1000,24,0.213136,0.909182,0.712827,0.332157,0.334948,0.787477,0.113898,-0.03201,3.735,3.6958,75,29
random,48,0.2,500,24,0.205508,0.876385,0.713127,0.324027,0.356392,0.84951,0.108794,0.025603,3.7134,3.5959,67,30
random,48,0.2,1000,24,0.181584,0.924001,0.678844,0.335907,0.343852,0.827526,0.115002,-0.016425,3.7415,3.5505,72,23
random,49,0.2,500,24,0.222496,0.945811,0.744916,0.345234,0.355894,0.812701,0.114727,0.014745,3.7831,3.6819,62,33
random,49,0.2,1000,24,0.164261,0.896538,0.683426,0.329977,0.345012,0.872428,0.116224,-0.027131,3.725,3.5297,61,24
random,50,0.2,500,24,0.181801,0.894433,0.704806,0.33688,0.335557,0.764292,0.114838,-0.015493,3.7462,3.6583,67,29
random,50,0.2,1000,24,0.177381,0.880473,0.723007,0.359493,0.352016,0.819969,0.113447,-0.016454,3.8234,3.6788,63,30
small_world,1,0.2,500,24,0.186442,0.976549,0.699433,0.33511,0.276424,0.727884,0.138876,0.035667,3.7514,3.7409,66,28
small_world,1,0.2,1000,24,0.195971,0.906083,0.723374,0.338271,0.27056,0.711278,0.139293,-0.02358,3.7397,3.6695,70,27
small_world,2,0.2,500,24,0.172529,0.92276,0.697663,0.350863,0.252533,0.742878,0.143836,-0.03042,3.7941,3.5461,68,23
small_world,2,0.2,1000,24,0.191359,0.93865,0.704135,0.347736,0.266585,0.690919,0.141513,-0.017748,3.7984,3.727,69,24
small_world,3,0.2,500,24,0.184282,0.950948,0.724185,0.345031,0.276305,0.778905,0.142996,0.026439,3.7978,3.5406,71,31
small_world,3,0.2,1000,24,0.195221,0.893971,0.700892,0.345996,0.259662,0.698776,0.141851,0.038756,3.7649,3.5951,66,28
small_world,4,0.2,500,24,0.179075,0.892127,0.685589,0.353149,0.269993,0.866238,0.14073,0.013113,3.7866,3.4155,60,20
small_world,4,0.2,1000,24,0.221033,0.917971,0.695351,0.336446,0.272866,0.732648,0.14015,-0.043446,3.7361,3.6231,66,22
small_world,5,0.2,500,24,0.183873,0.918223,0.670467,0.327703,0.270227,0.797495,0.142977,0.006626,3.7135,3.5179,65,22
small_world,5,0.2,1000,24,0.207761,0.954825,0.715459,0.33911,0.263368,0.879409,0.140933,-0.026087,3.7674,3.3233,82,26
small_world,6,0.2,500,24,0.198059,0.935219,0.688638,0.323903,0.270589,0.751248,0.1429,-0.039994,3.6867,3.5475,68,24
small_world,6,0.2,1000,24,0.209012,0.919446,0.718038,0.337385,0.281175,0.797306,0.140082,-0.041912,3.749,3.5875,72,30
small_world,7,0.2,500,24,0.184076,0.931436,0.690579,0.343913,0.261556,0.785179,0.147687,0.010575,3.7798,3.5253,71,22
small_world,7,0.2,1000,24,0.156367,0.939757,0.687283,0.345307,0.254028,0.791821,0.143656,0.050229,3.8,3.4918,75,20
small_world,8,0.2,500,24,0.228202,0.895644,0.697777,0.325238,0.271979,0.721638,0.143695,-0.024197,3.6819,3.6784,73,24
small_world,8,0.2,1000,24,0.192508,0.926064,0.693599,0.336831,0.274204,0.771588,0.141378,-0.029448,3.7526,3.5593,70,25
small_world,9,0.2,500,24,0.213162,0.876377,0.68738,0.32472,0.278002,0.776832,0.141563,0.020775,3.6827,3.6302,67,21
small_world,9,0.2,1000,24,0.180347,0.891269,0.677457,0.346033,0.266632,0.862956,0.143221,0.012781,3.7472,3.4096,59,25
small_world,10,0.2,500,24,0.201495,0.965006,0.666672,0.318957,0.265792,0.782094,0.144108,0.00012,3.6749,3.5049,67,17
small_world,10,0.2,1000,24,0.185728,0.963209,0.715572,0.346713,0.272402,0.762715,0.14438,-0.039554,3.7856,3.5829,70,29
small_world,11,0.2,500,24,0.188853,0.901654,0.692258,0.32868,0.266508,0.718782,0.140999,0.019704,3.7257,3.6012,56,23
small_world,11,0.2,1000,24,0.173354,0.923795,0.735887,0.361346,0.261523,0.708703,0.149978,-0.055006,3.8353,3.6876,84,36
small_world,12,0.2,500,24,0.193369,0.905477,0.709505,0.346712,0.271301,0.86856,0.139135,-0.002598,3.8039,3.4341,74,37
small_world,12,0.2,1000,24,0.193901,0.932133,0.731608,0.329703,0.265097,0.828853,0.14473,0.047906,3.7443,3.4403,66,29
small_world,13,0.2,500,24,0.18525,0.917816,0.718316,0.352354,0.269489,0.805959,0.14367,0.004748,3.8118,3.5233,66,34
small_world,13,0.2,1000,24,0.17337,0.95593,0.688517,0.334477,0.277698,0.694028,0.138585,-0.030843,3.7457,3.7021,66,24
small_world,14,0.2,500,24,0.142238,0.902593,0.686018,0.359484,0.264123,0.855787,0.137181,-0.021704,3.8491,3.4014,68,26
small_world,14,0.2,1000,24,0.171785,0.893832,0.712012,0.346782,0.264821,0.846143,0.13723,0.063775,3.7859,3.3803,62,28
small_world,15,0.2,500,24,0.168077,0.919831,0.701002,0.341307,0.267158,0.90143,0.139623,0.011312,3.7927,3.3508,71,25
small_world,15,0.2,1000,24,0.190459,0.891968,0.675296,0.324452,0.25648,0.716927,0.147296,0.039838,3.6991,3.5633,68,21
small_world,16,0.2,500,24,0.197164,0.857597,0.698554,0.337652,0.275682,0.678467,0.144231,-0.002677,3.7243,3.7292,72,26
small_world,16,0.2,1000,24,0.213744,0.899728,0.714212,0.339812,0.273861,0.721632,0.143327,0.002193,3.74,3.6653,71,36
small_world,17,0.2,500,24,0.186945,0.914653,0.745772,0.353735,0.263326,0.674392,0.142408,-0.02845,3.8121,3.6704,74,40
small_world,17,0.2,1000,24,0.164735,0.903954,0.717751,0.347063,0.268062,0.830529,0.144024,0.030388,3.8043,3.4837,62,29
small_world,18,0.2,500,24,0.197199,0.89592,0.708436,0.338093,0.265438,0.889621,0.13796,-0.018071,3.7532,3.3717,75,31
small_world,18,0.2,1000,24,0.180489,0.858383,0.680078,0.338442,0.261733,0.750651,0.139874,-0.051515,3.7403,3.5306,78,22
small_world,19,0.2,500,24,0.203081,0.908184,0.695525,0.335152,0.262298,0.763647,0.147218,0.004179,3.7379,3.5613,68,24
small_world,19,0.2,1000,24,0.23542,0.959774,0.724608,0.333779,0.276705,0.727265,0.14591,-0.033841,3.7296,3.6898,72,28
small_world,20,0.2,500,24,0.164458,0.929599,0.732507,0.333304,0.265819,0.684613,0.145074,0.021516,3.7639,3.7278,61,29
small_world,20,0.2,1000,24,0.21018,0.849985,0.720482,0.341204,0.270388,0.887212,0.145623,0.019058,3.7378,3.3855,72,32
small_world,21,0.2,500,24,0.191757,0.853432,0.719402,0.342539,0.263242,0.787963,0.143903,-0.030543,3.7671,3.5114,67,28
small_world,21,0.2,1000,24,0.169429,0.923519,0.665684,0.330907,0.258329,0.807363,0.137461,0.028492,3.7168,3.443,63,18
small_world,22,0.2,500,24,0.182994,0.808761,0.680856,0.335481,0.283774,0.732648,0.140302,-0.022127,3.7269,3.6966,79,23
small_world,22,0.2,1000,24,0.214623,0.911921,0.696641,0.342448,0.273693,0.69112,0.143923,0.009521,3.7527,3.6506,72,27
small_world,23,0.2,500,24,0.191748,0.947043,0.678464,0.326268,0.264919,0.812499,0.141407,0.029045,3.7167,3.5056,60,22
small_world,23,0.2,1000,24,0.162659,0.887001,0.657079,0.333548,0.262073,0.734972,0.145564,-0.020302,3.7309,3.6085,70,21
small_world,24,0.2,500,24,0.169365,0.864031,0.67974,0.333597,0.260752,0.93699,0.136821,-0.01975,3.7521,3.2476,76,23
small_world,24,0.2,1000,24,0.204876,0.914721,0.709919,0.341779,0.275632,0.747169,0.142777,0.038678,3.7696,3.6368,73,30
small_world,25,0.2,500,24,0.189172,0.864781,0.684895,0.340604,0.281206,0.873282,0.13855,0.011272,3.7536,3.4316,66,23
small_world,25,0.2,1000,24,0.180783,0.861081,0.701691,0.334605,0.26326,0.735546,0.142505,0.026278,3.7284,3.5934,73,25
small_world,26,0.2,500,24,0.179934,0.903535,0.666359,0.330177,0.264843,0.735684,0.141942,-0.036905,3.7211,3.533,70,21
small_world,26,0.2,1000,24,0.159583,0.959549,0.690471,0.341585,0.26754,0.728932,0.141447,0.045862,3.7741,3.6055,67,22
small_world,27,0.2,500,24,0.18094,0.929356,0.708925,0.341833,0.262098,0.694552,0.140914,-0.078252,3.7842,3.6558,67,31
small_world,27,0.2,1000,24,0.165645,0.889784,0.659336,0.33749,0.264165,0.691529,0.139492,-0.027179,3.7599,3.7059,76,20
small_world,28,0.2,500,24,0.195316,0.913376,0.693185,0.339936,0.267332,0.823785,0.143306,-0.031166,3.7612,3.4483,72,23
small_world,28,0.2,1000,24,0.169107,0.87505,0.663739,0.351008,0.255997,0.788938,0.140773,0.002989,3.7878,3.512,78,20
small_world,29,0.2,500,24,0.195434,0.928652,0.711467,0.340249,0.276329,0.702217,0.145088,-0.045974,3.7618,3.7669,69,27
small_world,29,0.2,1000,24,0.183288,0.893833,0.726714,0.341338,0.264728,0.822174,0.141992,-0.001024,3.7752,3.4289,63,37
small_world,30,0.2,500,24,0.170044,0.83472,0.695123,0.345059,0.268449,0.747566,0.144,0.053398,3.7684,3.6311,67,25
small_world,30,0.2,1000,24,0.20642,0.895528,0.729429,0.342234,0.270249,0.829671,0.147025,-0.018304,3.7745,3.4704,68,35
small_world,31,0.2,500,24,0.170626,0.921805,0.682752,0.340649,0.266988,0.800483,0.141948,0.041502,3.7703,3.4804,63,22
small_world,31,0.2,1000,24,0.175617,0.90634,0.684092,0.335758,0.268673,0.736224,0.14022,0.022501,3.7458,3.621,64,23
small_world,32,0.2,500,24,0.214107,0.912641,0.746124,0.344343,0.28107,0.797736,0.142173,-0.011928,3.7657,3.6152,73,38
small_world,32,0.2,1000,24,0.158972,0.900691,0.678089,0.344039,0.268037,0.720329,0.141901,-0.009614,3.7852,3.659,64,22
small_world,33,0.2,500,24,0.197326,0.906332,0.709837,0.342425,0.265083,0.80273,0.142794,0.060763,3.7764,3.4933,70,26
small_world,33,0.2,1000,24,0.152323,0.914478,0.675672,0.343205,0.27439,0.776324,0.141001,0.014398,3.7947,3.5733,62,23
small_world,34,0.2,500,24,0.188034,0.91643,0.700931,0.348283,0.27703,0.900842,0.139245,0.01528,3.7886,3.4177,61,26
small_world,34,0.2,1000,24,0.214706,0.915077,0.725299,0.330772,0.283159,0.798814,0.144075,-0.002484,3.7282,3.6112,62,26
small_world,35,0.2,500,24,0.193238,0.890264,0.719203,0.339815,0.274446,0.774326,0.142969,0.052432,3.7519,3.6379,61,29
small_world,35,0.2,1000,24,0.167158,0.903345,0.665298,0.332955,0.263731,0.706756,0.144426,0.001061,3.7339,3.5813,69,19
small_world,36,0.2,500,24,0.195495,0.908988,0.672632,0.326842,0.267768,0.698503,0.14244,-0.004185,3.6994,3.6961,72,22
small_world,36,0.2,1000,24,0.173343,0.848253,0.67486,0.330723,0.264904,0.743432,0.147699,0.003439,3.7141,3.6255,54,22
small_world,37,0.2,500,24,0.19876,0.893966,0.728348,0.343025,0.263878,0.722894,0.141087,0.024124,3.77,3.6264,76,36
small_world,37,0.2,1000,24,0.198532,0.915494,0.712188,0.33194,0.268847,0.666701,0.141247,-0.009221,3.7378,3.7447,63,26
small_world,38,0.2,500,24,0.169389,0.891918,0.676684,0.350075,0.263785,0.772899,0.140166,-0.008856,3.7827,3.5884,63,20
small_world,38,0.2,1000,24,0.192236,0.844331,0.675362,0.339211,0.26802,0.763861,0.145437,0.067026,3.7282,3.5873,68,22
small_world,39,0.2,500,24,0.16801,0.810311,0.65195,0.330058,0.275852,0.699264,0.135189,0.025343,3.7028,3.7015,70,14
small_world,39,0.2,1000,24,0.193798,0.896485,0.687105,0.332254,0.270469,0.7417,0.143632,-0.042308,3.7267,3.535,67,21
small_world,40,0.2,500,24,0.176954,0.93273,0.701493,0.349889,0.268577,0.796652,0.143552,-0.06103,3.8057,3.5516,79,29
small_world,40,0.2,1000,24,0.181567,0.901333,0.716029,0.347574,0.261454,0.813027,0.146228,-0.068487,3.8005,3.4645,71,31
small_world,41,0.2,500,24,0.192144,0.925156,0.708018,0.345906,0.264194,0.740605,0.142708,-0.071335,3.7718,3.5774,72,30
small_world,41,0.2,1000,24,0.191876,0.8868,0.716654,0.346249,0.2712,0.814541,0.141906,-0.036359,3.7714,3.5269,74,33
small_world,42,0.2,500,24,0.171961,0.883116,0.673274,0.333844,0.263863,0.649346,0.14434,-0.021812,3.7423,3.778,70,18
small_world,42,0.2,1000,24,0.183962,0.928139,0.679234,0.331323,0.269222,0.753505,0.139785,-0.017579,3.7408,3.5588,63,24
small_world,43,0.2,500,24,0.194451,0.899208,0.723647,0.345679,0.26972,0.835151,0.146272,0.031219,3.7775,3.5219,66,30
small_world,43,0.2,1000,24,0.167787,0.869968,0.684128,0.343113,0.280224,0.804872,0.139154,-0.017577,3.7757,3.5611,63,28
small_world,44,0.2,500,24,0.180391,0.918678,0.715843,0.343947,0.259406,0.721862,0.143037,-0.00879,3.7888,3.5593,76,32
small_world,44,0.2,1000,24,0.210131,0.906271,0.701083,0.336684,0.272714,0.787137,0.143196,0.002493,3.7441,3.6119,74,27
small_world,45,0.2,500,24,0.17468,0.940364,0.712815,0.344139,0.26106,0.764491,0.141694,-0.04259,3.7842,3.5392,72,29
small_world,45,0.2,1000,24,0.173375,0.9036,0.672423,0.339768,0.276233,0.690487,0.139008,0.019065,3.7509,3.7508,73,19
small_world,46,0.2,500,24,0.210231,0.8654,0.699982,0.33794,0.268848,0.903284,0.142054,0.018938,3.7334,3.3017,77,23
small_world,46,0.2,1000,24,0.179349,0.93077,0.69071,0.336474,0.265151,0.813442,0.137911,-0.028262,3.7451,3.5147,70,24
small_world,47,0.2,500,24,0.174752,0.902171,0.684269,0.330149,0.264452,0.921576,0.141312,0.025353,3.7318,3.2836,65,23
small_world,47,0.2,1000,24,0.202214,0.937627,0.734781,0.351119,0.267761,0.735932,0.141008,-0.026326,3.7936,3.6614,83,35
small_world,48,0.2,500,24,0.153394,0.869002,0.672517,0.338123,0.257632,0.75985,0.14222,-0.025181,3.7651,3.5532,67,22
small_world,48,0.2,1000,24,0.178332,0.899776,0.679937,0.348471,0.261002,0.764418,0.14231,0.030891,3.7738,3.5459,63,19
small_world,49,0.2,500,24,0.216702,0.948619,0.69745,0.32732,0.278336,0.773023,0.143824,0.019402,3.7254,3.6139,83,26
small_world,49,0.2,1000,24,0.166903,0.901905,0.679373,0.340083,0.259961,0.691955,0.143397,0.052709,3.7683,3.6754,60,21
small_world,50,0.2,500,24,0.16864,0.901145,0.674564,0.334351,0.265454,0.759624,0.142404,-0.037385,3.7417,3.5247,66,18
small_world,50,0.2,1000,24,0.200798,0.879096,0.706257,0.334306,0.273103,0.740231,0.139395,-0.030422,3.7297,3.6291,69,33
von_neumann,1,0.3,500,24,0.21803,0.903889,0.71017,0.328067,0.226944,0.719301,0.228804,0.045483,3.7145,3.4514,66,27
von_neumann,1,0.3,1000,24,0.185734,0.898913,0.696499,0.343206,0.232511,0.716835,0.230905,0.003215,3.7629,3.4578,61,22
von_neumann,2,0.3,500,24,0.141275,0.898134,0.6518,0.342482,0.206997,0.673263,0.230337,0.019312,3.7544,3.4406,60,17
von_neumann,2,0.3,1000,24,0.206815,0.933261,0.724645,0.35036,0.208883,0.640405,0.238326,0.029607,3.7828,3.5215,77,29
von_neumann,3,0.3,500,24,0.216408,0.888392,0.732168,0.341867,0.229721,0.738286,0.228575,0.036488,3.7626,3.4007,76,30
von_neumann,3,0.3,1000,24,0.184381,0.899693,0.688934,0.339122,0.217345,0.699509,0.232557,0.0127,3.7606,3.464,67,24
von_neumann,4,0.3,500,24,0.193719,0.866512,0.6845,0.3415,0.21464,0.654967,0.235775,-0.00632,3.7494,3.5424,67,24
von_neumann,4,0.3,1000,24,0.236918,0.944538,0.749008,0.356527,0.222366,0.596764,0.234117,0.016164,3.8034,3.7354,76,40
von_neumann,5,0.3,500,24,0.189321,0.919551,0.704174,0.343811,0.240526,0.73311,0.227868,0.014637,3.7696,3.5532,74,29
von_neumann,5,0.3,1000,24,0.180766,0.891765,0.651852,0.324834,0.221602,0.718552,0.224701,-0.023113,3.6845,3.4603,70,18
von_neumann,6,0.3,500,24,0.203961,0.897781,0.677831,0.332069,0.227855,0.619135,0.230681,0.006563,3.7134,3.6573,69,19
von_neumann,6,0.3,1000,24,0.186642,0.945619,0.709291,0.336516,0.217846,0.729267,0.225359,0.006683,3.7593,3.4228,63,25
von_neumann,7,0.3,500,24,0.170668,0.92725,0.717111,0.347546,0.220935,0.684804,0.223623,-0.014754,3.8043,3.512,64,30
von_neumann,7,0.3,1000,24,0.170537,0.953933,0.687894,0.336057,0.215416,0.675011,0.23582,0.011098,3.7503,3.4817,65,23
von_neumann,8,0.3,500,24,0.195212,0.909902,0.691131,0.336629,0.214509,0.771402,0.231837,0.009981,3.7453,3.2737,68,24
von_neumann,8,0.3,1000,24,0.159798,0.885147,0.684394,0.348544,0.211022,0.749036,0.228293,-0.005514,3.7933,3.2793,67,24
von_neumann,9,0.3,500,24,0.209608,0.959578,0.708703,0.329334,0.224014,0.649292,0.229892,-0.007134,3.7417,3.5586,78,33
von_neumann,9,0.3,1000,24,0.201359,0.891912,0.697957,0.337586,0.215205,0.708277,0.229663,0.009554,3.744,3.4249,76,29
von_neumann,10,0.3,500,24,0.184835,0.870458,0.689297,0.332342,0.211318,0.825718,0.23245,-0.022968,3.7296,3.1702,68,25
von_neumann,10,0.3,1000,24,0.190255,0.880912,0.72111,0.341668,0.22783,0.741563,0.226626,-0.012159,3.7611,3.4132,74,29
von_neumann,11,0.3,500,24,0.171184,0.85589,0.701357,0.335048,0.227476,0.589475,0.232928,-0.038886,3.7495,3.7179,67,29
von_neumann,11,0.3,1000,24,0.196481,0.852292,0.677725,0.328477,0.219179,0.66916,0.230827,-0.00663,3.7073,3.5582,67,23
von_neumann,12,0.3,500,24,0.172196,0.909193,0.703669,0.355737,0.212701,0.772274,0.226636,-0.02318,3.8246,3.2538,75,28
von_neumann,12,0.3,1000,24,0.163701,0.976209,0.729637,0.354959,0.202976,0.653061,0.233656,-0.045561,3.8242,3.4142,63,33
von_neumann,13,0.3,500,24,0.195453,0.905989,0.711415,0.342171,0.220063,0.669557,0.235748,0.013896,3.7625,3.5243,67,29
von_neumann,13,0.3,1000,24,0.206325,0.920586,0.710499,0.339602,0.227223,0.704364,0.236043,0.003387,3.7594,3.489,66,26
von_neumann,14,0.3,500,24,0.153562,0.913333,0.713239,0.357776,0.21615,0.636111,0.217797,0.022981,3.8393,3.5509,76,26
von_neumann,14,0.3,1000,24,0.218537,0.900917,0.71265,0.32972,0.228341,0.665056,0.226113,0.012109,3.711,3.5325,67,29
von_neumann,15,0.3,500,24,0.192635,0.970573,0.690819,0.340248,0.209944,0.6585,0.237612,-0.034175,3.7498,3.4857,71,25
von_neumann,15,0.3,1000,24,0.171195,0.88015,0.696292,0.331146,0.213928,0.70164,0.231795,-0.042452,3.7376,3.381,72,25
von_neumann,16,0.3,500,24,0.174624,0.860844,0.712864,0.340666,0.230548,0.640981,0.228662,0.049109,3.7643,3.5467,64,32
von_neumann,16,0.3,1000,24,0.197821,0.867598,0.699151,0.335396,0.213019,0.683275,0.23476,-0.000118,3.728,3.4279,71,26
von_neumann,17,0.3,500,24,0.191669,0.938231,0.70118,0.339024,0.22185,0.774836,0.234219,-0.001054,3.7514,3.3189,84,28
von_neumann,17,0.3,1000,24,0.178283,0.929891,0.696258,0.350734,0.21878,0.675217,0.231926,0.067675,3.7998,3.4639,73,24
von_neumann,18,0.3,500,24,0.17795,0.974193,0.683578,0.351394,0.206999,0.617904,0.227145,0.006532,3.8047,3.463,71,23
von_neumann,18,0.3,1000,24,0.194606,0.933205,0.689068,0.33697,0.218413,0.722081,0.227206,-0.010701,3.7573,3.4045,67,27
von_neumann,19,0.3,500,24,0.183859,0.85046,0.687767,0.341293,0.212921,0.847131,0.234347,-0.011503,3.756,3.1212,72,24
von_neumann,19,0.3,1000,24,0.19744,0.913031,0.699886,0.329395,0.220967,0.706244,0.229866,0.033501,3.7158,3.4352,66,26
von_neumann,20,0.3,500,24,0.178368,0.904451,0.713748,0.337559,0.218572,0.738149,0.229602,0.037523,3.7756,3.33,66,30
von_neumann,20,0.3,1000,24,0.178334,0.927387,0.726695,0.343171,0.21804,0.763314,0.230723,0.033662,3.7925,3.319,66,34
von_neumann,21,0.3,500,24,0.190033,0.872187,0.720794,0.350856,0.217568,0.758136,0.231624,-0.101143,3.7937,3.3473,85,36
von_neumann,21,0.3,1000,24,0.162895,0.902796,0.660902,0.333107,0.21758,0.788853,0.233683,-0.00735,3.7363,3.2255,68,18
von_neumann,22,0.3,500,24,0.189814,0.912341,0.719746,0.345393,0.231997,0.609349,0.227701,0.041352,3.7834,3.7191,71,28
von_neumann,22,0.3,1000,24,0.170688,0.91112,0.697501,0.341467,0.22265,0.730413,0.233463,-0.042072,3.768,3.4231,63,26
von_neumann,23,0.3,500,24,0.166038,0.909433,0.673357,0.351584,0.216903,0.622117,0.232147,-0.02171,3.7953,3.576,69,18
von_neumann,23,0.3,1000,24,0.17905,0.895853,0.682144,0.335254,0.21902,0.701122,0.225759,0.010964,3.738,3.3971,71,19
von_neumann,24,0.3,500,24,0.157992,0.911095,0.668618,0.332396,0.217195,0.704164,0.220144,0.043147,3.7324,3.3956,64,21
von_neumann,24,0.3,1000,24,0.210141,0.984318,0.75954,0.359168,0.224986,0.737054,0.235985,-0.085414,3.8311,3.4319,81,44
von_neumann,25,0.3,500,24,0.219817,0.875656,0.738381,0.329138,0.228472,0.7415,0.226101,-0.038353,3.7008,3.3629,84,37
von_neumann,25,0.3,1000,24,0.160629,0.915414,0.679362,0.351923,0.21178,0.68768,0.229303,-0.016452,3.804,3.3805,70,21
von_neumann,26,0.3,500,24,0.17755,0.887744,0.705374,0.337694,0.214315,0.618888,0.218196,0.024202,3.7684,3.5638,61,25
von_neumann,26,0.3,1000,24,0.166958,0.900408,0.690388,0.327834,0.21572,0.776027,0.231462,-0.035357,3.7266,3.2891,74,27
von_neumann,27,0.3,500,24,0.188072,0.934194,0.728967,0.343541,0.212648,0.638639,0.227264,-0.045686,3.7881,3.53,70,33
von_neumann,27,0.3,1000,24,0.199218,0.949506,0.719714,0.353055,0.218775,0.681331,0.237158,-0.006231,3.8175,3.4849,75,34
von_neumann,28,0.3,500,24,0.175659,0.922655,0.705835,0.333131,0.217631,0.682019,0.234261,0.005907,3.7456,3.4305,79,29
von_neumann,28,0.3,1000,24,0.181765,0.914038,0.705354,0.339346,0.22689,0.731853,0.224159,0.081431,3.777,3.4623,59,24
von_neumann,29,0.3,500,24,0.190187,0.901229,0.698295,0.336437,0.222187,0.697938,0.232251,-0.010743,3.7574,3.4631,71,28
von_neumann,29,0.3,1000,24,0.208979,0.930354,0.731094,0.331606,0.220733,0.673826,0.230107,0.054674,3.7206,3.4292,63,30
von_neumann,30,0.3,500,24,0.200428,0.897027,0.705408,0.349025,0.221558,0.692636,0.236894,0.060862,3.7779,3.4747,69,30
von_neumann,30,0.3,1000,24,0.197026,0.914103,0.711459,0.325502,0.221326,0.743221,0.236277,-0.006111,3.7156,3.3393,71,29
von_neumann,31,0.3,500,24,0.19628,0.906962,0.713869,0.326083,0.224468,0.656438,0.226526,0.047612,3.734,3.5638,63,31
von_neumann,31,0.3,1000,24,0.183327,0.919633,0.689109,0.323975,0.221168,0.674159,0.233287,0.016973,3.7043,3.5095,75,25
von_neumann,32,0.3,500,24,0.208434,0.905852,0.702253,0.330983,0.223881,0.786131,0.227591,0.00439,3.7271,3.313,73,27
von_neumann,32,0.3,1000,24,0.167173,0.919984,0.679208,0.337172,0.226723,0.71954,0.21883,-0.020469,3.7733,3.4392,63,25
von_neumann,33,0.3,500,24,0.19552,0.939727,0.700276,0.323268,0.230005,0.740325,0.224463,0.008739,3.7287,3.3989,70,28
von_neumann,33,0.3,1000,24,0.19307,0.939263,0.718709,0.351375,0.228443,0.687527,0.229256,-0.046192,3.8192,3.516,75,35
von_neumann,34,0.3,500,24,0.184071,0.911642,0.693641,0.325551,0.227981,0.611052,0.223249,-0.00069,3.7319,3.6298,54,24
von_neumann,34,0.3,1000,24,0.230385,0.931282,0.737329,0.326971,0.223957,0.668183,0.22744,-0.010677,3.697,3.5539,69,31
von_neumann,35,0.3,500,24,0.183967,0.877357,0.684578,0.337571,0.226776,0.732552,0.22916,-0.044183,3.758,3.4097,64,23
von_neumann,35,0.3,1000,24,0.172394,0.88419,0.687439,0.332813,0.22137,0.693411,0.232554,-0.034343,3.7406,3.537,73,23
von_neumann,36,0.3,500,24,0.206171,0.92538,0.724515,0.354501,0.221819,0.681698,0.232367,0.006334,3.8015,3.5021,71,28
von_neumann,36,0.3,1000,24,0.166838,0.922346,0.693269,0.350559,0.226706,0.731504,0.229381,-0.024873,3.8011,3.4344,66,22
von_neumann,37,0.3,500,24,0.197155,0.946998,0.705259,0.331651,0.216414,0.725114,0.232621,-0.000262,3.7044,3.4439,69,28
von_neumann,37,0.3,1000,24,0.146441,0.927673,0.683257,0.363383,0.212762,0.6303,0.227518,-0.012882,3.8214,3.4793,66,21
von_neumann,38,0.3,500,24,0.192352,0.884598,0.689619,0.338763,0.227761,0.86808,0.233246,0.059016,3.7285,3.2762,67,24
von_neumann,38,0.3,1000,24,0.220189,0.914434,0.723919,0.326717,0.23155,0.667893,0.22958,0.005872,3.7091,3.5342,73,33
von_neumann,39,0.3,500,24,0.172413,0.892227,0.699408,0.356387,0.213464,0.636245,0.221622,-0.032391,3.8176,3.5662,73,29
von_neumann,39,0.3,1000,24,0.205542,0.88329,0.70014,0.337709,0.213228,0.704888,0.243417,0.020875,3.7302,3.3752,65,25
von_neumann,40,0.3,500,24,0.185403,0.927382,0.71331,0.341538,0.221353,0.644575,0.226199,-0.048016,3.7802,3.5269,58,28
von_neumann,40,0.3,1000,24,0.157119,0.845779,0.666003,0.34427,0.224451,0.795904,0.228213,-0.011968,3.7888,3.2396,66,19
von_neumann,41,0.3,500,24,0.180891,0.894306,0.690192,0.328439,0.211752,0.741073,0.23903,0.067643,3.7129,3.3429,48,23
von_neumann,41,0.3,1000,24,0.176201,0.935192,0.714203,0.341508,0.21434,0.593414,0.227197,0.00409,3.7834,3.6052,68,27
von_neumann,42,0.3,500,24,0.187788,0.878211,0.677028,0.337828,0.22938,0.713531,0.227972,-0.011077,3.7398,3.4787,70,24
von_neumann,42,0.3,1000,24,0.176087,0.942097,0.69038,0.339539,0.21463,0.68941,0.227603,0.002993,3.7558,3.4401,75,25
von_neumann,43,0.3,500,24,0.193087,0.860639,0.710812,0.348443,0.227746,0.684886,0.238187,0.020535,3.778,3.5445,64,28
von_neumann,43,0.3,1000,24,0.16784,0.950849,0.708793,0.354292,0.225233,0.747638,0.226961,0.014122,3.8297,3.435,72,31
von_neumann,44,0.3,500,24,0.158968,0.919419,0.68447,0.335762,0.218966,0.693551,0.229023,0.013271,3.7524,3.4118,62,21
von_neumann,44,0.3,1000,24,0.19109,0.919275,0.723579,0.351543,0.220137,0.739292,0.225147,0.107545,3.8084,3.3899,64,35
von_neumann,45,0.3,500,24,0.179563,0.823864,0.66098,0.341442,0.216609,0.583603,0.23241,0.008428,3.7397,3.6557,65,13
von_neumann,45,0.3,1000,24,0.195744,0.91799,0.700031,0.327458,0.218076,0.68138,0.231934,0.044397,3.7343,3.4602,73,27
von_neumann,46,0.3,500,24,0.182022,0.897479,0.692241,0.338742,0.213758,0.607335,0.234158,0.008188,3.751,3.5858,68,23
von_neumann,46,0.3,1000,24,0.179334,0.897899,0.703149,0.336342,0.213142,0.586765,0.23023,-0.006909,3.7629,3.6594,68,29
von_neumann,47,0.3,500,24,0.162794,0.923985,0.692318,0.355757,0.223211,0.735158,0.232564,0.005757,3.8268,3.395,61,23
von_neumann,47,0.3,1000,24,0.188512,0.903116,0.712763,0.340606,0.220555,0.791085,0.235146,-0.089482,3.7601,3.308,71,27
von_neumann,48,0.3,500,24,0.196353,0.921008,0.690923,0.330417,0.218216,0.715969,0.230182,-0.004854,3.7284,3.3982,72,24
von_neumann,48,0.3,1000,24,0.167483,0.85186,0.706581,0.33158,0.213157,0.692282,0.23209,-0.022229,3.7362,3.383,72,29
von_neumann,49,0.3,500,24,0.201872,0.901647,0.731295,0.348238,0.226451,0.793984,0.231926,-0.016389,3.7771,3.3167,81,37
von_neumann,49,0.3,1000,24,0.194234,0.902511,0.712821,0.344223,0.231657,0.631604,0.23169,-0.011682,3.7723,3.7141,68,27
von_neumann,50,0.3,500,24,0.183897,0.865914,0.700292,0.329702,0.228124,0.661695,0.231057,-0.011262,3.7209,3.5983,65,27
von_neumann,50,0.3,1000,24,0.193666,0.874803,0.694817,0.341171,0.231384,0.674998,0.226421,0.000835,3.7547,3.4937,74,24
moore,1,0.3,500,24,0.255447,0.949523,0.757357,0.333355,0.249012,0.803551,0.141501,0.079366,3.7262,3.2441,40,35
moore,1,0.3,1000,24,0.20471,0.927872,0.699023,0.337217,0.258008,0.671365,0.147663,0.062186,3.7351,3.4567,39,24
moore,2,0.3,500,24,0.1554,0.871664,0.647092,0.340688,0.231861,0.778332,0.141497,0.049823,3.7482,3.1851,45,15
moore,2,0.3,1000,24,0.206719,0.920376,0.707316,0.33431,0.241765,0.720348,0.145281,0.092005,3.7482,3.4101,36,24
moore,3,0.3,500,24,0.220906,0.909849,0.714537,0.346987,0.260902,0.747666,0.145881,0.056258,3.7805,3.4821,36,23
moore,3,0.3,1000,24,0.183254,0.9387,0.695174,0.342342,0.240911,0.76124,0.142501,0.061873,3.7593,3.4259,34,23
moore,4,0.3,500,24,0.179185,0.970383,0.705252,0.345598,0.232139,0.696733,0.145523,0.05749,3.7886,3.3957,44,27
moore,4,0.3,1000,24,0.247164,0.900791,0.729083,0.333965,0.251016,0.802982,0.140518,0.029715,3.7091,3.315,34,26
moore,5,0.3,500,24,0.220862,0.930705,0.710883,0.329094,0.258608,0.704504,0.136756,0.0363,3.7271,3.5497,37,24
moore,5,0.3,1000,24,0.194027,0.942153,0.702403,0.340225,0.240336,0.629694,0.144808,0.080606,3.7653,3.6048,39,24
moore,6,0.3,500,24,0.217806,0.924629,0.734491,0.343608,0.255575,0.726731,0.145823,0.061221,3.7691,3.5213,33,24
moore,6,0.3,1000,24,0.207227,0.916638,0.719991,0.342204,0.241748,0.686073,0.143837,0.061324,3.7746,3.4685,33,28
moore,7,0.3,500,24,0.20234,0.897947,0.687671,0.330244,0.247189,0.691907,0.139743,0.056017,3.7111,3.4627,34,23
moore,7,0.3,1000,24,0.191647,0.914252,0.703267,0.335903,0.231898,0.678157,0.149936,0.080892,3.7389,3.3832,36,23
moore,8,0.3,500,24,0.19681,0.913903,0.664378,0.323596,0.245482,0.643789,0.140588,0.041849,3.6857,3.5545,45,20
moore,8,0.3,1000,24,0.189308,0.885555,0.675151,0.343612,0.231651,0.642618,0.148916,0.033783,3.7493,3.4927,50,19
moore,9,0.3,500,24,0.226392,0.904147,0.74205,0.33451,0.245378,0.711732,0.142012,0.060692,3.7381,3.355,33,23
moore,9,0.3,1000,24,0.211724,0.933878,0.725679,0.352196,0.239378,0.734479,0.144745,0.088292,3.815,3.4193,38,30
moore,10,0.3,500,24,0.208145,0.904442,0.675909,0.323309,0.240235,0.667555,0.145822,0.046322,3.7006,3.5118,42,18
moore,10,0.3,1000,24,0.219287,0.896454,0.727537,0.338635,0.253789,0.826696,0.139752,0.028074,3.7518,3.3035,38,28
moore,11,0.3,500,24,0.207429,0.956818,0.716496,0.336248,0.253143,0.743403,0.144244,0.046075,3.7528,3.2679,33,30
moore,11,0.3,1000,24,0.222817,0.87155,0.678236,0.322876,0.240809,0.688942,0.143632,0.042901,3.6841,3.4353,40,21
moore,12,0.3,500,24,0.207007,0.915041,0.695296,0.330616,0.235493,0.706887,0.142126,0.045661,3.7234,3.4425,46,24
moore,12,0.3,1000,24,0.166822,0.929024,0.714495,0.345514,0.233528,0.598535,0.144674,0.06253,3.7932,3.6198,48,28
moore,13,0.3,500,24,0.208418,0.861883,0.723316,0.3406,0.249059,0.669932,0.144449,0.030003,3.7484,3.5373,45,34
moore,13,0.3,1000,24,0.207971,0.922944,0.694513,0.333873,0.249021,0.745828,0.143685,0.036317,3.7404,3.4854,36,22
moore,14,0.3,500,24,0.166206,0.886419,0.70508,0.356743,0.240085,0.62894,0.131157,0.063996,3.8277,3.5979,30,24
moore,14,0.3,1000,24,0.232356,0.903945,0.720566,0.33295,0.254147,0.702331,0.138692,0.106438,3.7243,3.4351,34,25
moore,15,0.3,500,24,0.200264,0.885352,0.682192,0.323882,0.241064,0.661515,0.141676,0.04303,3.6814,3.499,41,15
moore,15,0.3,1000,24,0.207598,0.901279,0.712913,0.338458,0.238038,0.670839,0.142619,0.059489,3.756,3.468,35,27
moore,16,0.3,500,24,0.207679,0.930735,0.709965,0.328475,0.2565,0.666167,0.145581,0.033773,3.7195,3.484,40,26
moore,16,0.3,1000,24,0.203137,0.902834,0.72018,0.340394,0.245476,0.673953,0.141017,0.091632,3.7738,3.5205,34,26
moore,17,0.3,500,24,0.205469,0.950242,0.730026,0.352462,0.255605,0.739081,0.141067,0.095202,3.8107,3.4421,32,31
moore,17,0.3,1000,24,0.178272,0.955233,0.706182,0.339161,0.239234,0.682915,0.142476,0.056333,3.7697,3.4077,41,22
moore,18,0.3,500,24,0.227003,0.880421,0.701411,0.321898,0.22923,0.726951,0.147163,0.067219,3.6623,3.2462,32,24
moore,18,0.3,1000,24,0.170466,0.864689,0.700681,0.34425,0.24,0.64509,0.143561,0.023286,3.773,3.5585,42,21
moore,19,0.3,500,24,0.211156,0.949576,0.703423,0.332065,0.238726,0.609598,0.147854,0.057982,3.723,3.605,35,23
moore,19,0.3,1000,24,0.233314,0.875517,0.711582,0.321921,0.238848,0.787274,0.147842,0.03971,3.6769,3.2446,27,25
moore,20,0.3,500,24,0.197819,0.879083,0.690385,0.321585,0.241328,0.624153,0.141634,0.033575,3.676,3.554,35,17
moore,20,0.3,1000,24,0.214537,0.888652,0.697581,0.332731,0.243044,0.678456,0.142734,0.023933,3.7305,3.5527,38,24
moore,21,0.3,500,24,0.202857,0.93091,0.688791,0.341233,0.245971,0.790403,0.144428,0.022695,3.7547,3.3553,41,21
moore,21,0.3,1000,24,0.206423,0.89003,0.702043,0.329155,0.238229,0.657525,0.142615,0.037911,3.7114,3.4786,37,26
moore,22,0.3,500,24,0.233733,0.917065,0.76278,0.337081,0.256568,0.659784,0.141854,0.047965,3.7416,3.5625,40,33
moore,22,0.3,1000,24,0.200303,0.932954,0.711821,0.338112,0.247256,0.744051,0.144489,0.081905,3.7658,3.4015,42,29
moore,23,0.3,500,24,0.199907,0.934118,0.697682,0.334897,0.242496,0.704102,0.138979,0.017721,3.732,3.4166,32,19
moore,23,0.3,1000,24,0.199028,0.936616,0.728391,0.335197,0.242977,0.777596,0.139566,0.048481,3.7566,3.2821,34,30
moore,24,0.3,500,24,0.190304,0.879339,0.680537,0.308959,0.236892,0.750922,0.139093,0.071725,3.6442,3.2787,35,19
moore,24,0.3,1000,24,0.230983,0.936347,0.719822,0.345099,0.256472,0.732522,0.143122,-0.002996,3.7511,3.4191,32,28
moore,25,0.3,500,24,0.246148,0.918857,0.728924,0.31818,0.256592,0.743139,0.13394,0.08861,3.6799,3.3176,36,29
moore,25,0.3,1000,24,0.201791,0.932611,0.711868,0.342188,0.22814,0.786058,0.145685,0.041104,3.777,3.1501,47,26
moore,26,0.3,500,24,0.202771,0.920623,0.742527,0.337906,0.231491,0.598185,0.138957,0.037734,3.7517,3.5318,40,28
moore,26,0.3,1000,24,0.165161,0.93161,0.665727,0.33908,0.231411,0.710895,0.141792,0.054553,3.7651,3.4532,39,12
moore,27,0.3,500,24,0.195752,0.903952,0.726011,0.347809,0.231071,0.787106,0.145265,0.035863,3.7902,3.1872,45,30
moore,27,0.3,1000,24,0.222701,0.907198,0.734466,0.339623,0.244288,0.677776,0.149821,0.023015,3.7535,3.5291,43,32
moore,28,0.3,500,24,0.180707,0.918984,0.691064,0.339386,0.243681,0.725488,0.140661,0.0286,3.7531,3.3575,46,23
moore,28,0.3,1000,24,0.196671,0.933078,0.727373,0.351579,0.254737,0.767859,0.143322,0.093832,3.7977,3.4293,41,24
moore,29,0.3,500,24,0.192328,0.916914,0.709958,0.339198,0.238741,0.744103,0.141993,0.050805,3.7705,3.2781,34,24
moore,29,0.3,1000,24,0.225502,0.958445,0.720682,0.327415,0.244604,0.726838,0.144819,0.069641,3.7182,3.2786,31,33
moore,30,0.3,500,24,0.221828,0.921972,0.689702,0.326923,0.250699,0.718622,0.152623,0.070436,3.688,3.4425,40,19
moore,30,0.3,1000,24,0.230615,0.915308,0.724398,0.325155,0.247478,0.67858,0.142766,0.046936,3.7172,3.4655,33,23
moore,31,0.3,500,24,0.201318,0.879394,0.713015,0.334971,0.250523,0.690035,0.141395,0.018816,3.739,3.4507,32,24
moore,31,0.3,1000,24,0.177788,0.902014,0.701747,0.345103,0.249492,0.762497,0.139016,0.032354,3.7674,3.4127,39,26
moore,32,0.3,500,24,0.204168,0.888139,0.721871,0.345949,0.242607,0.827078,0.140924,0.037024,3.7791,3.1477,39,25
moore,32,0.3,1000,24,0.213787,0.936667,0.715674,0.346062,0.249419,0.92859,0.138968,0.063809,3.7688,3.1242,44,28
moore,33,0.3,500,24,0.22954,0.861563,0.711234,0.329808,0.263641,0.701988,0.136216,0.027183,3.7126,3.484,46,30
moore,33,0.3,1000,24,0.214689,0.878341,0.716621,0.328927,0.254639,0.719958,0.14403,0.041618,3.7111,3.4525,45,24
moore,34,0.3,500,24,0.195642,0.922501,0.715192,0.333559,0.247927,0.644071,0.138246,0.058731,3.7581,3.5846,45,28
moore,34,0.3,1000,24,0.224412,0.920951,0.715001,0.338905,0.246178,0.856203,0.145656,-0.000222,3.7595,3.1892,43,24
moore,35,0.3,500,24,0.207746,0.921144,0.686466,0.336409,0.247261,0.701181,0.144636,0.027492,3.7459,3.4345,40,23
moore,35,0.3,1000,24,0.187688,0.868166,0.672028,0.32802,0.238958,0.709206,0.141927,0.085072,3.7143,3.3705,37,17
moore,36,0.3,500,24,0.214646,0.903263,0.697715,0.329451,0.237699,0.685606,0.141223,0.040529,3.7214,3.4323,42,22
moore,36,0.3,1000,24,0.197375,0.93048,0.705764,0.33771,0.248599,0.743863,0.138901,0.037902,3.7535,3.4294,39,25
moore,37,0.3,500,24,0.214982,0.908708,0.715414,0.335878,0.234746,0.636902,0.147136,0.096047,3.752,3.5967,43,26
moore,37,0.3,1000,24,0.187523,0.947316,0.714413,0.341435,0.23963,0.782022,0.139843,0.04044,3.7664,3.3285,41,24
moore,38,0.3,500,24,0.218254,0.861714,0.709078,0.331066,0.253697,0.786525,0.144997,0.00989,3.7239,3.2894,47,22
moore,38,0.3,1000,24,0.237034,0.889928,0.733102,0.336178,0.260547,0.760866,0.142675,0.04318,3.7067,3.3821,40,26
moore,39,0.3,500,24,0.186395,0.897062,0.67561,0.341488,0.231653,0.708194,0.139241,0.024947,3.7587,3.3197,47,21
moore,39,0.3,1000,24,0.237554,0.985104,0.715083,0.329984,0.244313,0.595794,0.154407,0.085346,3.6895,3.6664,32,27
moore,40,0.3,500,24,0.211011,0.880826,0.681827,0.313972,0.245553,0.66417,0.141357,0.059991,3.6399,3.448,39,18
moore,40,0.3,1000,24,0.206832,0.899995,0.716622,0.352132,0.24767,0.746475,0.14246,0.107502,3.7974,3.3973,35,27
moore,41,0.3,500,24,0.196712,0.947126,0.706026,0.348613,0.238057,0.703136,0.147282,0.089158,3.7979,3.453,32,22
moore,41,0.3,1000,24,0.181652,0.936254,0.721636,0.345981,0.234392,0.691873,0.139563,0.050818,3.7927,3.3387,36,22
moore,42,0.3,500,24,0.20081,0.90287,0.6786,0.33406,0.252487,0.765243,0.138323,0.05293,3.7316,3.3576,35,22
moore,42,0.3,1000,24,0.188054,0.924919,0.697412,0.339201,0.237433,0.679965,0.134624,0.056365,3.7479,3.4235,36,22
moore,43,0.3,500,24,0.217288,0.958861,0.68937,0.322262,0.248408,0.776219,0.14817,0.040877,3.6719,3.3514,41,19
moore,43,0.3,1000,24,0.201146,0.972154,0.71126,0.333296,0.24588,0.691061,0.143072,0.013944,3.742,3.4889,41,29
moore,44,0.3,500,24,0.163982,0.920806,0.710835,0.345851,0.24617,0.741323,0.141236,0.052995,3.8039,3.3531,36,26
moore,44,0.3,1000,24,0.221682,0.907916,0.740189,0.342971,0.248963,0.654926,0.143682,0.143523,3.7823,3.6289,34,32
moore,45,0.3,500,24,0.212395,0.906862,0.717499,0.342613,0.250404,0.704731,0.136893,0.050405,3.7684,3.484,31,25
moore,45,0.3,1000,24,0.204315,0.944826,0.71893,0.349325,0.241235,0.70983,0.142699,0.039388,3.7654,3.3891,35,26
moore,46,0.3,500,24,0.19631,0.897399,0.683923,0.332529,0.235837,0.616463,0.147688,0.044973,3.7287,3.5521,38,18
moore,46,0.3,1000,24,0.212193,0.897872,0.706155,0.335002,0.236035,0.73399,0.140754,0.08584,3.7352,3.3636,41,23
moore,47,0.3,500,24,0.184172,0.901339,0.698403,0.343082,0.238649,0.675891,0.147942,0.0842,3.7751,3.5348,30,20
moore,47,0.3,1000,24,0.211006,0.897799,0.676074,0.320579,0.241964,0.722733,0.147824,0.055606,3.6543,3.3886,37,12
moore,48,0.3,500,24,0.189778,0.90593,0.70374,0.339478,0.238078,0.670152,0.14048,0.073689,3.756,3.5355,34,24
moore,48,0.3,1000,24,0.185724,0.908981,0.682807,0.330502,0.231888,0.650468,0.145125,0.034372,3.7246,3.4943,41,20
moore,49,0.3,500,24,0.215871,0.926522,0.727714,0.347087,0.245035,0.778453,0.145642,0.087267,3.7694,3.3226,29,28
moore,49,0.3,1000,24,0.203059,0.937412,0.71154,0.337142,0.254271,0.654726,0.143536,0.056425,3.7343,3.6587,31,21
moore,50,0.3,500,24,0.194306,0.949761,0.706673,0.335716,0.25301,0.741416,0.146926,0.055267,3.7404,3.4491,36,23
moore,50,0.3,1000,24,0.213687,0.8992,0.706115,0.33105,0.252084,0.730679,0.141193,-0.001428,3.7092,3.389,40,24
hex,1,0.3,500,24,0.24523,0.932077,0.728135,0.332372,0.251015,0.764733,0.162179,0.101864,3.7217,3.3832,56,38
hex,1,0.3,1000,24,0.213052,0.920962,0.71835,0.333512,0.25801,0.745484,0.167413,0.036703,3.7412,3.3907,54,27
hex,2,0.3,500,24,0.189122,0.849016,0.677464,0.324148,0.236101,0.757646,0.163316,0.047572,3.7011,3.2654,61,19
hex,2,0.3,1000,24,0.20954,0.919509,0.719483,0.346128,0.237646,0.72553,0.166562,0.047137,3.783,3.3949,54,27
hex,3,0.3,500,24,0.245421,0.955887,0.726682,0.337646,0.259496,0.675023,0.167141,0.022325,3.7518,3.5944,52,31
hex,3,0.3,1000,24,0.190887,0.848065,0.707874,0.334082,0.242533,0.763277,0.164788,0.031693,3.7337,3.3913,54,26
hex,4,0.3,500,24,0.189323,0.894051,0.714431,0.338456,0.236111,0.652544,0.167318,0.040397,3.7393,3.5333,56,29
hex,4,0.3,1000,24,0.240058,0.932518,0.746748,0.344785,0.253247,0.799476,0.16182,0.058166,3.7661,3.4366,55,33
hex,5,0.3,500,24,0.206952,0.87931,0.70188,0.343829,0.265076,0.813645,0.158308,0.015022,3.757,3.4084,57,25
hex,5,0.3,1000,24,0.189998,0.886131,0.692869,0.335005,0.245046,0.628835,0.163633,0.027978,3.738,3.6229,58,25
hex,6,0.3,500,24,0.22283,0.896481,0.70007,0.328588,0.254382,0.672507,0.166216,0.027699,3.7148,3.618,54,25
hex,6,0.3,1000,24,0.207171,0.975688,0.692608,0.336652,0.242239,0.659219,0.164543,0.044042,3.7467,3.5716,49,22
hex,7,0.3,500,24,0.207109,0.916863,0.694937,0.323985,0.248274,0.706782,0.160641,0.023175,3.7126,3.5006,53,25
hex,7,0.3,1000,24,0.196665,0.937448,0.722325,0.340125,0.237433,0.693814,0.170902,0.055916,3.7522,3.4175,48,23
hex,8,0.3,500,24,0.204955,0.910063,0.693421,0.330759,0.245684,0.931231,0.159725,0.021559,3.738,3.058,53,24
hex,8,0.3,1000,24,0.17895,0.873337,0.708301,0.340756,0.235937,0.637949,0.168986,0.052384,3.7572,3.5569,51,25
hex,9,0.3,500,24,0.236862,0.898979,0.747775,0.330512,0.250908,0.7242,0.16455,0.028481,3.7154,3.4038,49,34
hex,9,0.3,1000,24,0.224565,0.922536,0.737478,0.348927,0.240536,0.788157,0.164996,0.069255,3.7618,3.3454,46,32
hex,10,0.3,500,24,0.189659,0.913021,0.682633,0.32318,0.237249,0.731995,0.168543,0.037456,3.6899,3.3499,56,23
hex,10,0.3,1000,24,0.202808,0.904944,0.712931,0.33953,0.251954,0.838009,0.159251,0.020446,3.7436,3.2527,56,26
hex,11,0.3,500,24,0.191516,0.892016,0.703511,0.338032,0.25603,0.685042,0.165559,0.000351,3.7522,3.5078,57,28
hex,11,0.3,1000,24,0.226414,0.945259,0.685454,0.322564,0.245546,0.736883,0.164377,-0.004558,3.666,3.4047,53,20
hex,12,0.3,500,24,0.202552,0.908661,0.717739,0.338663,0.23423,0.709004,0.163949,0.05699,3.7491,3.4288,52,31
hex,12,0.3,1000,24,0.185286,0.857555,0.716205,0.337631,0.229284,0.622709,0.165699,0.053403,3.7503,3.557,56,32
hex,13,0.3,500,24,0.216311,0.951456,0.712589,0.339108,0.248701,0.608178,0.164527,0.033999,3.7457,3.6808,62,30
hex,13,0.3,1000,24,0.222233,0.946963,0.716313,0.328797,0.254039,0.730315,0.164143,-0.02,3.7117,3.5167,58,26
hex,14,0.3,500,24,0.182021,0.911546,0.729895,0.350689,0.241838,0.706856,0.151486,0.043051,3.7981,3.4425,59,35
hex,14,0.3,1000,24,0.222309,0.894463,0.715355,0.337038,0.250657,0.607843,0.159322,0.071977,3.728,3.6425,51,28
hex,15,0.3,500,24,0.203996,0.957356,0.705426,0.32512,0.238397,0.64117,0.164225,0.04638,3.7067,3.582,55,27
hex,15,0.3,1000,24,0.199068,0.947438,0.734228,0.335609,0.241117,0.796143,0.163347,0.009313,3.7704,3.2782,57,33
hex,16,0.3,500,24,0.20472,0.890692,0.728015,0.336908,0.256642,0.638136,0.166133,0.023538,3.7378,3.5379,55,32
hex,16,0.3,1000,24,0.199841,0.925622,0.712112,0.349007,0.247827,0.741281,0.161005,0.025402,3.7974,3.4537,50,27
hex,17,0.3,500,24,0.217111,0.914019,0.742107,0.353664,0.256182,0.795744,0.162207,0.02496,3.8133,3.3711,53,37
hex,17,0.3,1000,24,0.167421,0.924333,0.722789,0.349105,0.245888,0.728837,0.163707,0.06851,3.8066,3.4328,52,29
hex,18,0.3,500,24,0.208541,0.911914,0.69694,0.336948,0.230239,0.635902,0.16574,0.092255,3.7473,3.4927,51,23
hex,18,0.3,1000,24,0.18773,0.907352,0.683739,0.338354,0.240613,0.670585,0.163529,0.055492,3.7544,3.5252,45,24
hex,19,0.3,500,24,0.210563,0.909437,0.705595,0.337614,0.239857,0.701868,0.168052,0.05989,3.7404,3.4094,50,27
hex,19,0.3,1000,24,0.211037,0.9371,0.684011,0.315523,0.242568,0.711431,0.16676,0.104082,3.6657,3.4185,48,23
hex,20,0.3,500,24,0.21006,0.906474,0.706095,0.334056,0.248342,0.663994,0.162724,0.009662,3.7239,3.5269,51,24
hex,20,0.3,1000,24,0.208559,0.907143,0.700371,0.337957,0.24686,0.726917,0.163993,0.051111,3.7465,3.506,51,25
hex,21,0.3,500,24,0.207379,0.869363,0.73839,0.344893,0.247209,0.705646,0.164735,0.006832,3.7566,3.5084,48,28
hex,21,0.3,1000,24,0.188124,0.889329,0.66249,0.326169,0.243541,0.796507,0.162627,0.014134,3.6972,3.2743,51,18
hex,22,0.3,500,24,0.219736,0.898573,0.72359,0.337193,0.260062,0.786407,0.162894,0.029391,3.7399,3.3877,50,31
hex,22,0.3,1000,24,0.189498,0.932086,0.707838,0.337588,0.249462,0.80114,0.165813,0.028109,3.7515,3.3283,53,32
hex,23,0.3,500,24,0.200858,0.941157,0.697212,0.340614,0.245409,0.782793,0.159974,-0.005942,3.7597,3.3422,58,24
hex,23,0.3,1000,24,0.193978,0.937019,0.699723,0.352379,0.243679,0.882466,0.160524,0.035972,3.8035,3.1421,55,25
hex,24,0.3,500,24,0.167361,0.903883,0.690386,0.335795,0.236402,0.873083,0.159063,0.030381,3.7419,3.0643,59,21
hex,24,0.3,1000,24,0.234687,0.959757,0.75009,0.347244,0.252804,0.760773,0.16443,-0.023861,3.7798,3.3686,59,33
hex,25,0.3,500,24,0.251886,0.913614,0.720519,0.318846,0.258594,0.732883,0.154819,0.079848,3.6625,3.4534,50,29
hex,25,0.3,1000,24,0.199842,0.918273,0.724281,0.360361,0.232615,0.697335,0.165949,0.031666,3.8451,3.3636,53,27
hex,26,0.3,500,24,0.196336,0.961199,0.721538,0.339813,0.235132,0.6775,0.159133,0.051745,3.7797,3.3986,52,25
hex,26,0.3,1000,24,0.189471,0.876921,0.707048,0.333907,0.236136,0.741153,0.163361,0.043805,3.739,3.4068,47,26
hex,27,0.3,500,24,0.203867,0.886092,0.749096,0.34437,0.236946,0.733109,0.164851,-0.004269,3.756,3.3991,56,31
hex,27,0.3,1000,24,0.220697,0.916237,0.74087,0.340235,0.246728,0.843641,0.169547,0.035293,3.7554,3.2701,58,34
hex,28,0.3,500,24,0.174542,0.938257,0.711881,0.348755,0.245727,0.704701,0.160692,-0.000232,3.8027,3.4196,60,31
hex,28,0.3,1000,24,0.201784,0.91781,0.730667,0.347825,0.250711,0.730533,0.162662,0.050898,3.7908,3.4704,52,31
hex,29,0.3,500,24,0.205895,0.919481,0.726988,0.334197,0.245638,0.832354,0.162612,0.071049,3.742,3.2136,53,29
hex,29,0.3,1000,24,0.21431,0.942595,0.715321,0.322921,0.247179,0.7275,0.165181,0.045774,3.7122,3.3642,47,31
hex,30,0.3,500,24,0.224752,0.932297,0.725613,0.334685,0.250306,0.796844,0.172086,0.02489,3.7293,3.3655,51,24
hex,30,0.3,1000,24,0.214335,0.863606,0.709955,0.331571,0.244714,0.622018,0.164751,0.088611,3.7156,3.5665,51,28
hex,31,0.3,500,24,0.19799,0.836179,0.700344,0.338518,0.249415,0.65783,0.162669,0.041369,3.7563,3.5688,55,24
hex,31,0.3,1000,24,0.191994,0.923163,0.697991,0.337455,0.247805,0.655454,0.160716,0.039546,3.7618,3.5603,46,25
hex,32,0.3,500,24,0.212423,0.892323,0.742947,0.340333,0.242737,0.62923,0.162924,0.02031,3.7494,3.5709,51,34
hex,32,0.3,1000,24,0.208243,0.957325,0.724166,0.340657,0.250962,0.786154,0.159883,0.012585,3.776,3.3666,60,33
hex,33,0.3,500,24,0.226702,0.949694,0.728168,0.324916,0.261243,0.678687,0.157046,0.059917,3.712,3.5745,52,29
hex,33,0.3,1000,24,0.209488,0.908717,0.716118,0.348212,0.253524,0.70659,0.164334,0.033703,3.7676,3.481,50,33
hex,34,0.3,500,24,0.185593,0.888524,0.700657,0.330376,0.251779,0.884521,0.158116,0.0496,3.7121,3.1924,47,22
hex,34,0.3,1000,24,0.22826,0.907272,0.723441,0.326555,0.244885,0.683281,0.164708,0.002041,3.7126,3.5138,59,32
hex,35,0.3,500,24,0.202405,0.888347,0.70633,0.325853,0.248772,0.63774,0.165143,0.013465,3.7133,3.6,55,26
hex,35,0.3,1000,24,0.180515,0.86621,0.680761,0.334457,0.242733,0.728896,0.164997,0.060314,3.7241,3.4165,55,19
hex,36,0.3,500,24,0.215382,0.911645,0.716528,0.343667,0.24569,0.752031,0.162756,0.03427,3.7718,3.429,57,25
hex,36,0.3,1000,24,0.193769,0.868946,0.707599,0.343638,0.257451,0.826931,0.160483,-0.003296,3.7704,3.3184,54,29
hex,37,0.3,500,24,0.207089,0.934666,0.70833,0.329835,0.236058,0.722083,0.166264,0.069008,3.7118,3.4151,51,25
hex,37,0.3,1000,24,0.187105,0.911628,0.74484,0.348101,0.244888,0.724191,0.160729,0.026281,3.7811,3.4661,59,35
hex,38,0.3,500,24,0.230862,0.90253,0.709717,0.330949,0.255259,0.725922,0.16553,0.012971,3.6941,3.4983,54,25
hex,38,0.3,1000,24,0.234176,0.937097,0.751146,0.350645,0.257552,0.723897,0.162465,0.037683,3.8035,3.4875,52,32
hex,39,0.3,500,24,0.184576,0.948657,0.670256,0.337333,0.232829,0.789288,0.15921,0.046785,3.7527,3.2609,50,20
hex,39,0.3,1000,24,0.236418,0.932773,0.734048,0.335931,0.245931,0.837472,0.175135,0.090512,3.727,3.2057,45,31
hex,40,0.3,500,24,0.213379,0.90102,0.691496,0.31747,0.247546,0.60977,0.160776,0.047017,3.665,3.6253,49,22
hex,40,0.3,1000,24,0.200307,0.884933,0.683987,0.335542,0.252207,0.721511,0.164265,0.07704,3.7166,3.4915,56,21
hex,41,0.3,500,24,0.196174,0.900213,0.708612,0.343898,0.23758,0.76059,0.169743,0.05611,3.7799,3.3423,49,25
hex,41,0.3,1000,24,0.187003,0.906174,0.722435,0.34868,0.233205,0.570853,0.161054,0.034983,3.7959,3.6489,54,26
hex,42,0.3,500,24,0.192571,0.94704,0.699418,0.336179,0.256069,0.611195,0.159381,0.023824,3.7512,3.6984,45,24
hex,42,0.3,1000,24,0.177318,0.930257,0.675359,0.336867,0.24146,0.853184,0.156309,0.052102,3.7444,3.2145,57,22
hex,43,0.3,500,24,0.218159,0.953165,0.716387,0.339493,0.252221,0.804719,0.16971,0.052395,3.7569,3.3165,48,24
hex,43,0.3,1000,24,0.203776,0.88778,0.721009,0.334525,0.249742,0.642374,0.163631,0.009911,3.728,3.6684,60,27
hex,44,0.3,500,24,0.165957,0.902857,0.685189,0.34383,0.24395,0.786099,0.161917,0.015813,3.7875,3.2442,54,25
hex,44,0.3,1000,24,0.228628,0.88918,0.728392,0.337411,0.250318,0.665864,0.164573,0.107507,3.7292,3.5983,52,35
hex,45,0.3,500,24,0.211625,0.883344,0.692018,0.329471,0.248221,0.67834,0.159924,0.022567,3.6991,3.5331,54,22
hex,45,0.3,1000,24,0.191272,0.87814,0.705998,0.335338,0.244875,0.727382,0.164645,0.01816,3.7427,3.3996,62,28
hex,46,0.3,500,24,0.193877,0.931653,0.68001,0.326506,0.233569,0.80306,0.169504,0.029096,3.7141,3.1506,49,20
hex,46,0.3,1000,24,0.198144,0.950239,0.689574,0.334208,0.237401,0.855132,0.16175,0.04629,3.7321,3.1683,54,24
hex,47,0.3,500,24,0.176249,0.874253,0.679708,0.325747,0.247291,0.69918,0.167157,0.066029,3.7,3.5458,50,21
hex,47,0.3,1000,24,0.199523,0.92205,0.695134,0.33796,0.242446,0.727337,0.169519,0.035999,3.7541,3.3774,53,26
hex,48,0.3,500,24,0.193393,0.871701,0.732939,0.33384,0.237442,0.751971,0.161628,-0.00076,3.726,3.3747,51,28
hex,48,0.3,1000,24,0.177352,0.88369,0.681404,0.329194,0.236023,0.720664,0.164945,0.000118,3.7192,3.3868,57,23
hex,49,0.3,500,24,0.213133,0.942536,0.740303,0.35035,0.250771,0.732364,0.165924,0.052665,3.7957,3.514,57,32
hex,49,0.3,1000,24,0.212994,0.923121,0.718156,0.335395,0.260105,0.780244,0.16526,0.022284,3.729,3.4228,50,26
hex,50,0.3,500,24,0.195975,0.963587,0.710061,0.338809,0.254148,0.684352,0.168011,0.007633,3.763,3.5972,53,26
hex,50,0.3,1000,24,0.214792,0.91827,0.703697,0.32342,0.254445,0.685391,0.161077,0.030007,3.6947,3.4698,48,26
random,1,0.3,500,24,0.193752,0.831489,0.683942,0.319898,0.342514,0.866077,0.16579,0.029525,3.68,3.5252,64,24
random,1,0.3,1000,24,0.166992,0.883428,0.688234,0.333878,0.335436,0.792886,0.164636,-0.014799,3.7574,3.6135,63,22
random,2,0.3,500,24,0.206179,0.885806,0.694805,0.319019,0.333668,0.749894,0.164898,0.009393,3.6727,3.6775,62,24
random,2,0.3,1000,24,0.191695,0.896426,0.680292,0.324832,0.349573,0.841826,0.169168,0.010588,3.6784,3.5705,70,23
random,3,0.3,500,24,0.185593,0.910303,0.683388,0.338087,0.35479,0.919904,0.168788,0.007501,3.7541,3.562,64,24
random,3,0.3,1000,24,0.173065,0.883324,0.671089,0.333423,0.33785,0.804241,0.166301,0.003417,3.7241,3.5602,65,20
random,4,0.3,500,24,0.19596,0.963295,0.677382,0.324995,0.362585,0.847297,0.162633,0.015101,3.6981,3.5558,58,23
random,4,0.3,1000,24,0.182884,0.88594,0.700852,0.334731,0.344143,0.76963,0.163193,0.005664,3.7493,3.7152,71,28
random,5,0.3,500,24,0.209398,0.867598,0.696821,0.320974,0.343526,0.819417,0.167452,0.009879,3.6854,3.6244,68,25
random,5,0.3,1000,24,0.176531,0.938246,0.692093,0.343067,0.342493,0.799581,0.166596,-0.01792,3.7602,3.5968,66,24
random,6,0.3,500,24,0.182939,0.9169,0.685273,0.342324,0.35287,0.845235,0.166621,-0.027103,3.7583,3.6407,58,19
random,6,0.3,1000,24,0.164779,0.794766,0.682987,0.344306,0.348366,0.799339,0.167351,-0.01927,3.7465,3.6761,58,22
random,7,0.3,500,24,0.194438,0.925714,0.699671,0.326981,0.354142,0.762916,0.169346,-0.006354,3.7213,3.6772,67,28
random,7,0.3,1000,24,0.168766,0.928834,0.694287,0.337113,0.341899,0.816693,0.16863,0.012818,3.7673,3.6379,66,21
random,8,0.3,500,24,0.197837,0.921565,0.689136,0.34118,0.341325,0.775281,0.162674,0.022323,3.764,3.6639,74,22
random,8,0.3,1000,24,0.216843,0.862759,0.671169,0.312572,0.349081,0.824489,0.169316,-0.011913,3.6335,3.6698,81,20
random,9,0.3,500,24,0.205762,0.845205,0.680726,0.33291,0.34657,0.811177,0.164892,-0.023477,3.7236,3.609,70,19
random,9,0.3,1000,24,0.191937,0.887628,0.702634,0.331243,0.337821,0.798564,0.167187,-0.008843,3.7234,3.6328,75,30
random,10,0.3,500,24,0.180362,0.908638,0.692294,0.346538,0.334944,0.850095,0.167679,0.018893,3.7843,3.5665,72,24
random,10,0.3,1000,24,0.180201,0.878124,0.701171,0.343388,0.329266,0.862092,0.169315,0.015123,3.7585,3.423,76,26
random,11,0.3,500,24,0.194156,0.96463,0.677143,0.323497,0.348349,0.81418,0.172152,-0.003331,3.7012,3.6073,79,24
random,11,0.3,1000,24,0.160701,0.867784,0.660784,0.334809,0.352535,0.846342,0.164859,0.015642,3.7339,3.5598,64,17
random,12,0.3,500,24,0.18294,0.870145,0.670217,0.326449,0.335834,0.744309,0.163253,-4e-05,3.7008,3.7475,70,20
random,12,0.3,1000,24,0.206875,0.940927,0.696124,0.331508,0.351728,0.842874,0.16723,-0.004445,3.7218,3.5374,69,20
random,13,0.3,500,24,0.20104,0.936955,0.715031,0.343902,0.362586,0.86728,0.166676,0.020305,3.7922,3.5931,72,29
random,13,0.3,1000,24,0.202119,0.883632,0.701764,0.339322,0.348834,0.819788,0.165432,-0.013597,3.7615,3.6508,74,27
random,14,0.3,500,24,0.170758,0.905654,0.66373,0.329562,0.342466,0.780218,0.162946,-0.010011,3.7209,3.6846,62,22
random,14,0.3,1000,24,0.205283,0.883121,0.712604,0.347442,0.34515,0.775776,0.163739,0.03035,3.7577,3.6221,71,30
random,15,0.3,500,24,0.185681,0.841293,0.697128,0.339512,0.342173,0.724488,0.163283,-0.023867,3.7334,3.7654,70,28
random,15,0.3,1000,24,0.215446,0.929565,0.724889,0.351981,0.345513,0.896622,0.170733,-0.018803,3.7938,3.4989,77,28
random,16,0.3,500,24,0.194181,0.952793,0.699585,0.334468,0.347671,0.871122,0.16868,0.011308,3.7503,3.5308,70,27
random,16,0.3,1000,24,0.216501,0.923965,0.730216,0.328818,0.35884,0.825219,0.165681,-0.03013,3.7269,3.6603,73,27
random,17,0.3,500,24,0.205635,0.934869,0.720295,0.33181,0.356698,0.816681,0.170506,0.010273,3.7465,3.698,75,31
random,17,0.3,1000,24,0.189787,0.878964,0.722889,0.334084,0.348517,0.887115,0.167285,-0.011946,3.7326,3.5219,63,33
random,18,0.3,500,24,0.201419,0.930414,0.718436,0.350835,0.354114,0.849085,0.164393,-0.004067,3.7996,3.5939,62,31
random,18,0.3,1000,24,0.193531,0.936424,0.719807,0.342423,0.353471,0.824132,0.164189,0.003639,3.7724,3.6248,66,33
random,19,0.3,500,24,0.179317,0.955102,0.714103,0.341152,0.340757,0.781438,0.16967,-0.016222,3.7819,3.6923,65,33
random,19,0.3,1000,24,0.193856,0.963938,0.73173,0.34589,0.336198,0.883454,0.173117,-0.006082,3.8052,3.468,76,34
random,20,0.3,500,24,0.175494,0.908987,0.69516,0.343178,0.340536,0.813522,0.16493,0.008927,3.7732,3.6368,62,26
random,20,0.3,1000,24,0.175595,0.920285,0.706573,0.340684,0.342618,0.775712,0.161917,-0.004266,3.7693,3.7237,64,29
random,21,0.3,500,24,0.217192,0.946277,0.70883,0.322448,0.348412,0.848069,0.171077,-0.031304,3.6755,3.5553,76,28
random,21,0.3,1000,24,0.172019,0.882479,0.671191,0.324319,0.339586,0.799833,0.165362,-0.034585,3.6951,3.6366,79,22
random,22,0.3,500,24,0.199608,0.932016,0.695851,0.341387,0.349354,0.852133,0.167999,0.025884,3.7667,3.5775,67,23
random,22,0.3,1000,24,0.192671,0.881713,0.690295,0.337138,0.347735,0.752946,0.163503,0.003294,3.7428,3.6985,64,24
random,23,0.3,500,24,0.15835,0.908924,0.670405,0.335145,0.331383,0.790046,0.167604,-0.011353,3.7446,3.6027,74,20
random,23,0.3,1000,24,0.149719,0.905445,0.698531,0.357112,0.345812,0.812899,0.163188,-0.013222,3.8217,3.6624,64,28
random,24,0.3,500,24,0.165649,0.916103,0.692455,0.342984,0.348269,0.892519,0.167199,-0.027199,3.7857,3.5931,65,26
random,24,0.3,1000,24,0.191194,0.875853,0.722187,0.333888,0.343131,0.844948,0.168186,0.003371,3.7341,3.5602,70,30
random,25,0.3,500,24,0.179925,0.86726,0.698531,0.331291,0.346364,0.884987,0.165917,-0.012436,3.7215,3.4899,75,26
random,25,0.3,1000,24,0.182074,0.924228,0.715713,0.337682,0.336141,0.85589,0.161688,0.018991,3.7596,3.5396,59,33
random,26,0.3,500,24,0.189755,0.897234,0.703318,0.345602,0.336478,0.769287,0.164436,0.026504,3.7818,3.6575,71,26
random,26,0.3,1000,24,0.160347,0.92324,0.715435,0.357203,0.331941,0.90258,0.16408,0.00419,3.8377,3.479,67,31
random,27,0.3,500,24,0.173782,0.900117,0.663505,0.328692,0.336883,0.822567,0.171197,0.014617,3.7258,3.535,73,21
random,27,0.3,1000,24,0.174522,0.952201,0.705874,0.337348,0.345355,0.839615,0.163174,0.013141,3.766,3.5809,67,30
random,28,0.3,500,24,0.203934,0.890684,0.69972,0.325397,0.343916,0.787936,0.167079,0.004557,3.7013,3.6468,66,26
random,28,0.3,1000,24,0.152257,0.899471,0.673403,0.339439,0.336416,0.876679,0.161294,-0.046053,3.7733,3.481,73,22
random,29,0.3,500,24,0.185424,0.939898,0.686668,0.33663,0.351501,0.7913,0.170981,-0.021556,3.7516,3.7003,78,23
random,29,0.3,1000,24,0.165434,0.893977,0.692862,0.336144,0.335156,0.77107,0.165936,0.010795,3.755,3.7017,73,25
random,30,0.3,500,24,0.160442,0.895776,0.686627,0.345269,0.348219,0.740235,0.161283,-0.009815,3.7821,3.7713,67,24
random,30,0.3,1000,24,0.18772,0.886909,0.709502,0.346018,0.353601,0.847044,0.165639,-0.018106,3.7899,3.6078,73,31
random,31,0.3,500,24,0.194259,0.909629,0.706805,0.33396,0.339664,0.872505,0.166549,-0.009012,3.7408,3.5086,70,34
random,31,0.3,1000,24,0.128469,0.938258,0.694326,0.344491,0.331434,0.826356,0.159081,-0.016827,3.7934,3.5615,56,25
random,32,0.3,500,24,0.209401,0.93606,0.713282,0.342864,0.356798,0.85117,0.168287,0.013501,3.7722,3.6403,82,30
random,32,0.3,1000,24,0.189472,0.852624,0.675925,0.333524,0.341739,0.721739,0.1648,-0.022881,3.7138,3.7392,69,21
random,33,0.3,500,24,0.214033,0.868244,0.692132,0.328945,0.34933,0.839134,0.166025,0.023168,3.7071,3.5593,68,24
random,33,0.3,1000,24,0.174607,0.901854,0.723384,0.347662,0.332289,0.830195,0.162547,0.019472,3.809,3.5547,70,31
random,34,0.3,500,24,0.187045,0.891961,0.693042,0.321992,0.341868,0.76593,0.168148,0.032383,3.6788,3.6648,65,23
random,34,0.3,1000,24,0.183073,0.900702,0.71745,0.34829,0.346745,0.883394,0.165395,-0.017605,3.7825,3.5505,83,34
random,35,0.3,500,24,0.179819,0.890429,0.699096,0.346194,0.362651,0.872082,0.163636,-0.002607,3.7879,3.6522,56,27
random,35,0.3,1000,24,0.191587,0.892045,0.681628,0.323405,0.341609,0.747946,0.167095,-0.000451,3.6933,3.6798,73,21
random,36,0.3,500,24,0.161046,0.897594,0.66709,0.341487,0.333148,0.806715,0.169716,-0.007572,3.7562,3.666,65,19
random,36,0.3,1000,24,0.19772,0.962004,0.701653,0.338441,0.333085,0.813573,0.164937,0.020418,3.7516,3.5662,66,26
random,37,0.3,500,24,0.166883,0.923655,0.657553,0.333161,0.338961,0.808253,0.162209,0.010955,3.7356,3.6617,68,17
random,37,0.3,1000,24,0.16341,0.904248,0.678911,0.343387,0.338653,0.91926,0.159145,0.024433,3.7735,3.4888,72,23
random,38,0.3,500,24,0.166953,0.881456,0.698225,0.340548,0.337178,0.873215,0.163662,-0.01963,3.7744,3.5073,67,25
random,38,0.3,1000,24,0.18208,0.905844,0.671233,0.33387,0.347355,0.816607,0.165425,-0.007828,3.7324,3.6147,65,21
random,39,0.3,500,24,0.159844,0.952439,0.72104,0.345831,0.333624,0.883695,0.168046,-0.007817,3.7984,3.4688,65,29
random,39,0.3,1000,24,0.177449,0.939894,0.692311,0.361191,0.342028,0.753921,0.167212,-0.024621,3.8337,3.7238,69,23
random,40,0.3,500,24,0.179149,0.887693,0.716087,0.35475,0.341011,0.811223,0.16735,0.010706,3.8181,3.6409,74,33
random,40,0.3,1000,24,0.178766,0.954404,0.678301,0.351196,0.342732,0.855779,0.168038,0.016599,3.7878,3.5646,72,22
random,41,0.3,500,24,0.198831,0.921272,0.720614,0.349185,0.345893,0.835138,0.163619,0.001291,3.7957,3.58,75,31
random,41,0.3,1000,24,0.168948,0.919377,0.706256,0.350519,0.342018,0.921714,0.164558,0.001136,3.8176,3.5229,66,28
random,42,0.3,500,24,0.167568,0.912682,0.677245,0.33231,0.33633,0.918937,0.167022,-0.010447,3.7371,3.4089,72,22
random,42,0.3,1000,24,0.165399,0.915424,0.669423,0.337002,0.345096,0.83038,0.16822,-0.022862,3.7702,3.61,67,21
random,43,0.3,500,24,0.17013,0.897813,0.731918,0.353467,0.350572,0.760833,0.169374,0.029665,3.7967,3.7297,66,32
random,43,0.3,1000,24,0.172873,0.947412,0.709834,0.3422,0.350206,0.842993,0.169877,-0.023759,3.7871,3.6169,74,30
random,44,0.3,500,24,0.218218,0.931922,0.736789,0.348954,0.360866,0.887651,0.169092,-0.042065,3.7999,3.5579,66,39
random,44,0.3,1000,24,0.202377,0.89786,0.701423,0.346347,0.356022,0.864769,0.168716,-0.024147,3.7674,3.5537,56,28
random,45,0.3,500,24,0.161009,0.885421,0.698093,0.349404,0.342884,0.782325,0.163173,-0.020731,3.7998,3.6739,69,28
random,45,0.3,1000,24,0.193305,0.888872,0.682173,0.323409,0.341158,0.823719,0.17024,-0.019219,3.7062,3.5847,65,25
random,46,0.3,500,24,0.165603,0.843802,0.663547,0.341765,0.341371,0.949222,0.16843,0.02706,3.7559,3.3641,58,22
random,46,0.3,1000,24,0.173295,0.886479,0.681955,0.33185,0.340669,0.877847,0.164533,0.014869,3.7203,3.6026,74,22
random,47,0.3,500,24,0.181461,0.885601,0.707424,0.343121,0.342259,0.740643,0.171439,0.025538,3.7707,3.7051,61,30
random,47,0.3,1000,24,0.216739,0.892058,0.711595,0.33087,0.33545,0.765206,0.165956,-0.031542,3.7285,3.71,69,31
random,48,0.3,500,24,0.20008,0.887687,0.704177,0.323128,0.355234,0.824466,0.158008,0.022005,3.7001,3.6134,67,25
random,48,0.3,1000,24,0.180267,0.939241,0.686941,0.336599,0.343175,0.814597,0.167533,-0.018674,3.7589,3.5738,63,22
random,49,0.3,500,24,0.224116,0.937021,0.745244,0.342552,0.35501,0.811727,0.166696,0.016116,3.7597,3.6562,63,32
random,49,0.3,1000,24,0.164176,0.911378,0.685517,0.327826,0.344479,0.848026,0.169137,-0.020621,3.7306,3.5559,59,26
random,50,0.3,500,24,0.180247,0.881929,0.676679,0.337226,0.336355,0.752217,0.167165,-0.02343,3.7545,3.6761,67,27
random,50,0.3,1000,24,0.180088,0.881152,0.724179,0.358831,0.351321,0.812873,0.165141,-0.018105,3.8309,3.6993,72,31
small_world,1,0.3,500,24,0.183813,0.973185,0.710961,0.339593,0.271822,0.724236,0.203517,0.031684,3.7614,3.7162,70,31
small_world,1,0.3,1000,24,0.194819,0.896804,0.706901,0.340458,0.267627,0.697493,0.204129,-0.019481,3.7411,3.6862,70,28
small_world,2,0.3,500,24,0.170891,0.92466,0.696088,0.347964,0.248233,0.738379,0.21104,-0.021724,3.7817,3.5439,69,24
small_world,2,0.3,1000,24,0.190073,0.928999,0.70098,0.347131,0.262715,0.704617,0.208345,-0.015706,3.7866,3.7133,68,25
small_world,3,0.3,500,24,0.183315,0.943085,0.72435,0.343915,0.272494,0.754896,0.20982,0.02614,3.7808,3.5838,66,31
small_world,3,0.3,1000,24,0.194887,0.900508,0.706202,0.345779,0.256602,0.76139,0.207538,0.039825,3.776,3.4654,70,29
small_world,4,0.3,500,24,0.178119,0.881336,0.685902,0.352518,0.265508,0.894677,0.206652,0.013645,3.7901,3.3744,65,24
small_world,4,0.3,1000,24,0.223811,0.925177,0.692082,0.334722,0.268908,0.735289,0.205655,-0.046418,3.7148,3.6153,62,25
small_world,5,0.3,500,24,0.187088,0.937582,0.678232,0.327675,0.266302,0.7665,0.210223,0.006681,3.7111,3.5506,63,21
small_world,5,0.3,1000,24,0.208387,0.960624,0.713522,0.33625,0.259278,0.878581,0.206757,-0.028627,3.7535,3.3273,79,27
small_world,6,0.3,500,24,0.198605,0.937617,0.69406,0.326214,0.26666,0.741648,0.210467,-0.034853,3.6876,3.5691,72,25
small_world,6,0.3,1000,24,0.210058,0.916901,0.713646,0.336736,0.277342,0.796704,0.206371,-0.043826,3.7538,3.5955,69,30
small_world,7,0.3,500,24,0.182131,0.919876,0.6882,0.346077,0.257485,0.71082,0.217057,0.003235,3.7724,3.6502,78,20
small_world,7,0.3,1000,24,0.157766,0.945054,0.67335,0.344585,0.250824,0.815284,0.210765,0.054209,3.7864,3.4327,71,21
small_world,8,0.3,500,24,0.22558,0.905252,0.701531,0.325429,0.268592,0.699209,0.210905,-0.031397,3.6976,3.7056,69,25
small_world,8,0.3,1000,24,0.190719,0.921083,0.689396,0.335497,0.271561,0.757325,0.207454,-0.025872,3.7467,3.5859,70,26
small_world,9,0.3,500,24,0.209691,0.885377,0.692005,0.325463,0.27395,0.792127,0.207536,0.022707,3.6907,3.6162,71,20
small_world,9,0.3,1000,24,0.181069,0.911083,0.674297,0.342741,0.262773,0.810764,0.209935,0.002612,3.7491,3.4721,63,22
small_world,10,0.3,500,24,0.20234,0.951776,0.679167,0.320491,0.261849,0.755107,0.211445,-0.001044,3.6581,3.5429,70,20
small_world,10,0.3,1000,24,0.186719,0.952443,0.716549,0.347949,0.269077,0.758484,0.211947,-0.035861,3.7758,3.57,68,28
small_world,11,0.3,500,24,0.187634,0.893209,0.688217,0.324954,0.262645,0.691967,0.207182,0.018809,3.7029,3.6516,57,22
small_world,11,0.3,1000,24,0.172085,0.920288,0.723935,0.3615,0.257818,0.688695,0.219724,-0.057393,3.8656,3.734,80,34
small_world,12,0.3,500,24,0.191447,0.920433,0.71593,0.346288,0.265882,0.816609,0.204573,0.003679,3.7945,3.5035,71,34
small_world,12,0.3,1000,24,0.195161,0.949213,0.717728,0.331161,0.261882,0.814894,0.212494,0.048781,3.7406,3.4834,65,28
small_world,13,0.3,500,24,0.182581,0.915371,0.705598,0.352415,0.26554,0.800785,0.211002,0.006667,3.8199,3.5365,64,28
small_world,13,0.3,1000,24,0.170109,0.961948,0.697821,0.33329,0.273827,0.668476,0.203406,-0.029131,3.7422,3.7429,66,23
small_world,14,0.3,500,24,0.140079,0.901043,0.68834,0.359969,0.259391,0.864977,0.202166,-0.016954,3.8452,3.3719,67,27
small_world,14,0.3,1000,24,0.170089,0.891875,0.703922,0.348353,0.260051,0.810706,0.201661,0.069473,3.7987,3.4197,57,28
small_world,15,0.3,500,24,0.167299,0.894482,0.69313,0.342038,0.263779,0.904434,0.204987,0.012921,3.7689,3.3272,69,24
small_world,15,0.3,1000,24,0.192964,0.884748,0.674309,0.323656,0.253916,0.710812,0.216592,0.041141,3.686,3.5641,72,23
small_world,16,0.3,500,24,0.199555,0.857853,0.68499,0.335447,0.271491,0.709168,0.212773,0.001659,3.7215,3.6725,73,24
small_world,16,0.3,1000,24,0.21366,0.867893,0.715401,0.335592,0.267518,0.70213,0.210773,-0.001491,3.7177,3.6788,72,33
small_world,17,0.3,500,24,0.185467,0.910441,0.737309,0.351712,0.260696,0.712927,0.209006,-0.025297,3.8129,3.5958,74,36
small_world,17,0.3,1000,24,0.164257,0.882755,0.722964,0.350749,0.265219,0.806665,0.210954,0.038735,3.8044,3.5384,60,28
small_world,18,0.3,500,24,0.194485,0.921611,0.714333,0.339727,0.262428,0.864649,0.202559,-0.009753,3.7684,3.407,71,31
small_world,18,0.3,1000,24,0.181704,0.869594,0.672858,0.339166,0.256863,0.715972,0.205087,-0.052536,3.7536,3.5909,71,25
small_world,19,0.3,500,24,0.205494,0.935907,0.710073,0.337517,0.258261,0.741925,0.217342,-0.001445,3.7544,3.5906,71,27
small_world,19,0.3,1000,24,0.235918,0.952449,0.741328,0.33755,0.273447,0.717673,0.214309,-0.037062,3.7342,3.7229,71,28
small_world,20,0.3,500,24,0.165186,0.938273,0.698706,0.334123,0.261409,0.659489,0.212958,0.017084,3.767,3.7639,64,27
small_world,20,0.3,1000,24,0.207315,0.831362,0.728212,0.344067,0.266335,0.888261,0.214062,0.013371,3.745,3.3734,73,31
small_world,21,0.3,500,24,0.195925,0.882041,0.723429,0.34269,0.259358,0.791901,0.210989,-0.048592,3.7601,3.4828,68,33
small_world,21,0.3,1000,24,0.168973,0.927481,0.669838,0.332693,0.254846,0.837194,0.201969,0.037903,3.7367,3.4097,62,18
small_world,22,0.3,500,24,0.180857,0.841851,0.686677,0.336467,0.280484,0.715404,0.206325,-0.016557,3.7313,3.7026,81,20
small_world,22,0.3,1000,24,0.210296,0.936755,0.703206,0.34489,0.270683,0.73761,0.210623,0.012228,3.759,3.6011,73,30
small_world,23,0.3,500,24,0.189466,0.953616,0.688595,0.327151,0.261119,0.752575,0.207846,0.027821,3.7304,3.5764,64,21
small_world,23,0.3,1000,24,0.161288,0.912896,0.658256,0.33262,0.258091,0.749343,0.213595,-0.00823,3.7333,3.5653,66,17
small_world,24,0.3,500,24,0.164584,0.883631,0.670236,0.334168,0.256485,0.913947,0.201165,-0.017178,3.7455,3.2418,72,23
small_world,24,0.3,1000,24,0.205032,0.91884,0.700567,0.344458,0.270744,0.719481,0.209251,0.036883,3.7563,3.687,70,27
small_world,25,0.3,500,24,0.186335,0.853577,0.689536,0.342089,0.277035,0.854994,0.203507,0.010809,3.7471,3.4379,62,24
small_world,25,0.3,1000,24,0.176816,0.893129,0.688101,0.335028,0.258161,0.725879,0.209365,0.027543,3.7335,3.6083,76,21
small_world,26,0.3,500,24,0.17753,0.922169,0.64974,0.332682,0.260142,0.680301,0.208451,-0.030479,3.7245,3.6095,72,20
small_world,26,0.3,1000,24,0.160249,0.959019,0.691332,0.342272,0.264847,0.758507,0.206818,0.046846,3.787,3.5479,64,21
small_world,27,0.3,500,24,0.178956,0.923665,0.712085,0.345209,0.259037,0.708943,0.206947,-0.08947,3.7843,3.6224,67,30
small_world,27,0.3,1000,24,0.164292,0.894797,0.67438,0.339592,0.260641,0.691063,0.205519,-0.029751,3.7716,3.7038,77,23
small_world,28,0.3,500,24,0.198582,0.90491,0.694552,0.336919,0.263084,0.805803,0.210718,-0.01284,3.7527,3.4743,67,24
small_world,28,0.3,1000,24,0.164873,0.866545,0.676263,0.351481,0.251237,0.739864,0.206871,0.003724,3.7804,3.5723,76,19
small_world,29,0.3,500,24,0.191935,0.928093,0.703238,0.338197,0.272278,0.694561,0.213534,-0.053644,3.7545,3.7644,71,27
small_world,29,0.3,1000,24,0.185484,0.91586,0.726105,0.339706,0.26099,0.814698,0.208697,0.00115,3.7751,3.4256,69,33
small_world,30,0.3,500,24,0.166694,0.864641,0.707059,0.346197,0.264397,0.782717,0.211473,0.050949,3.7718,3.581,67,31
small_world,30,0.3,1000,24,0.209359,0.894886,0.739107,0.343782,0.267124,0.850708,0.215718,-0.013693,3.7732,3.4163,67,30
small_world,31,0.3,500,24,0.17036,0.914236,0.688018,0.340178,0.263524,0.818685,0.208302,0.048616,3.77,3.4641,61,22
small_world,31,0.3,1000,24,0.175219,0.915829,0.683143,0.335689,0.265477,0.720529,0.205323,0.022093,3.7508,3.6583,67,24
small_world,32,0.3,500,24,0.215077,0.901237,0.745784,0.34563,0.275975,0.817851,0.209721,-0.003962,3.7826,3.5638,74,39
small_world,32,0.3,1000,24,0.161597,0.907477,0.676875,0.342296,0.265667,0.771301,0.208408,-0.005777,3.7735,3.5452,64,22
small_world,33,0.3,500,24,0.195592,0.890361,0.712941,0.339689,0.261469,0.787704,0.20977,0.060312,3.7537,3.4876,73,29
small_world,33,0.3,1000,24,0.144753,0.921131,0.6623,0.341045,0.269636,0.757964,0.20706,0.013671,3.7826,3.6056,61,20
small_world,34,0.3,500,24,0.184827,0.962442,0.715529,0.347092,0.273155,0.92017,0.204371,0.026172,3.7829,3.3774,58,29
small_world,34,0.3,1000,24,0.217178,0.904327,0.718163,0.328425,0.278279,0.810611,0.211522,-0.011278,3.7241,3.5633,67,28
small_world,35,0.3,500,24,0.192453,0.911709,0.707143,0.337352,0.270892,0.797837,0.209907,0.054047,3.7619,3.5861,64,29
small_world,35,0.3,1000,24,0.164374,0.894131,0.665487,0.3348,0.258021,0.72588,0.21234,-0.006187,3.7154,3.5303,69,16
small_world,36,0.3,500,24,0.190961,0.919551,0.679576,0.331042,0.262491,0.661825,0.209279,-0.007522,3.7143,3.7277,69,22
small_world,36,0.3,1000,24,0.173066,0.834883,0.666425,0.329347,0.259905,0.700081,0.217197,0.00349,3.7011,3.6684,53,18
small_world,37,0.3,500,24,0.20097,0.894744,0.715744,0.341097,0.260301,0.702662,0.207432,0.024393,3.7617,3.6659,74,34
small_world,37,0.3,1000,24,0.198616,0.9155,0.718299,0.331866,0.264503,0.701152,0.207916,-0.010598,3.7354,3.6417,66,31
small_world,38,0.3,500,24,0.167901,0.892036,0.670278,0.349875,0.25916,0.776333,0.20605,-0.010317,3.7836,3.5496,63,17
small_world,38,0.3,1000,24,0.192712,0.856578,0.674767,0.338864,0.265449,0.769616,0.213723,0.068369,3.7198,3.5787,67,20
small_world,39,0.3,500,24,0.167541,0.807763,0.644606,0.332223,0.273419,0.715203,0.198698,0.014557,3.7155,3.6812,70,13
small_world,39,0.3,1000,24,0.194923,0.89734,0.669743,0.334989,0.265645,0.707075,0.210856,-0.036456,3.7274,3.5933,68,20
small_world,40,0.3,500,24,0.177871,0.930405,0.700527,0.350638,0.264767,0.729594,0.210958,-0.05915,3.8075,3.6675,83,27
small_world,40,0.3,1000,24,0.182873,0.893582,0.723412,0.348897,0.257351,0.864089,0.214691,-0.076007,3.8002,3.3957,75,31
small_world,41,0.3,500,24,0.194525,0.924102,0.723219,0.343443,0.260296,0.761851,0.20951,-0.072226,3.7855,3.5367,74,30
small_world,41,0.3,1000,24,0.190031,0.88012,0.723962,0.34729,0.266811,0.814931,0.208515,-0.031179,3.7867,3.5221,71,33
small_world,42,0.3,500,24,0.169737,0.899954,0.6767,0.334697,0.259689,0.640516,0.212402,-0.021867,3.7351,3.7756,69,16
small_world,42,0.3,1000,24,0.182906,0.915127,0.681096,0.328379,0.264576,0.725543,0.205394,-0.009919,3.7192,3.5955,69,23
small_world,43,0.3,500,24,0.193927,0.912831,0.727642,0.347199,0.266579,0.755684,0.214928,0.046691,3.7839,3.6598,63,28
small_world,43,0.3,1000,24,0.168361,0.908067,0.675391,0.342818,0.275527,0.81515,0.204481,-0.013524,3.7761,3.5418,63,24
small_world,44,0.3,500,24,0.180926,0.923613,0.70706,0.34176,0.25526,0.759278,0.210511,-0.000317,3.769,3.4863,77,30
small_world,44,0.3,1000,24,0.207187,0.870141,0.712082,0.336097,0.26911,0.808101,0.210549,0.000445,3.7243,3.556,72,32
small_world,45,0.3,500,24,0.172954,0.921628,0.718815,0.344422,0.256756,0.699378,0.20823,-0.039971,3.7805,3.6493,72,28
small_world,45,0.3,1000,24,0.17247,0.919352,0.682373,0.339374,0.270526,0.709723,0.203926,0.018485,3.7504,3.6929,73,20
small_world,46,0.3,500,24,0.208229,0.886116,0.698967,0.338288,0.26444,0.890165,0.208998,0.033155,3.7337,3.3317,72,22
small_world,46,0.3,1000,24,0.176807,0.929377,0.701564,0.338684,0.260476,0.748168,0.202496,-0.037473,3.7582,3.6195,72,28
small_world,47,0.3,500,24,0.177077,0.938499,0.691298,0.330337,0.259824,0.895937,0.207667,0.028842,3.7346,3.2943,62,24
small_world,47,0.3,1000,24,0.202083,0.93922,0.737222,0.353913,0.263191,0.728235,0.207143,-0.040594,3.8174,3.6662,85,35
small_world,48,0.3,500,24,0.15157,0.870767,0.663303,0.338172,0.253626,0.748466,0.209153,-0.02855,3.7691,3.5598,67,23
small_world,48,0.3,1000,24,0.177912,0.907733,0.689424,0.35078,0.258018,0.701638,0.208927,0.026855,3.801,3.6713,65,22
small_world,49,0.3,500,24,0.219049,0.947675,0.711448,0.327631,0.275546,0.787403,0.210935,0.025353,3.7286,3.5879,81,26
small_world,49,0.3,1000,24,0.163763,0.898258,0.676401,0.341227,0.255149,0.676675,0.211063,0.043296,3.7682,3.6742,65,21
small_world,50,0.3,500,24,0.168883,0.88084,0.673157,0.330444,0.262778,0.754772,0.208879,-0.037864,3.7276,3.5317,70,18
small_world,50,0.3,1000,24,0.202829,0.882281,0.716199,0.334715,0.26908,0.767702,0.205077,-0.037164,3.738,3.5706,73,34
