K,seed,noise,tick,size,mean_self,max_self,p95_self,std_self,mean_phi,max_phi,mean_R,mean_T,mean_E,mean_err
3,1,0.04,1000,24,0.186556,0.876303,0.686835,0.328203,0.310708,0.836803,0.196899,0.656023,0.842664,0.046479
3,2,0.04,1000,24,0.199089,0.919055,0.706759,0.334313,0.311788,0.888292,0.179167,0.656527,0.831958,0.045341
3,3,0.04,1000,24,0.179578,0.903486,0.692804,0.350439,0.316749,0.872898,0.192059,0.657099,0.843889,0.046703
3,4,0.04,1000,24,0.188357,0.921474,0.688551,0.338921,0.310223,0.762217,0.180726,0.658797,0.846612,0.045914
3,5,0.04,1000,24,0.18258,0.918568,0.754144,0.359577,0.311223,0.737902,0.176027,0.657596,0.845612,0.045265
3,6,0.04,1000,24,0.182993,0.946395,0.689749,0.331215,0.306566,0.912449,0.197311,0.659934,0.851171,0.046044
3,7,0.04,1000,24,0.195338,0.844479,0.683592,0.334275,0.318954,0.847737,0.179381,0.657292,0.840501,0.045972
3,8,0.04,1000,24,0.18838,0.94098,0.719107,0.339769,0.306978,0.819145,0.187601,0.656996,0.848321,0.046025
3,9,0.04,1000,24,0.181334,0.979153,0.688317,0.353631,0.307261,0.784233,0.172553,0.660342,0.843549,0.045374
3,10,0.04,1000,24,0.186863,0.905408,0.69173,0.337808,0.31198,0.792502,0.181875,0.660686,0.84172,0.046879
3,11,0.04,1000,24,0.1819,0.87997,0.711145,0.340526,0.308666,0.787426,0.193666,0.656776,0.844144,0.045953
3,12,0.04,1000,24,0.203469,0.898074,0.7018,0.342587,0.320115,0.812718,0.201672,0.658912,0.838281,0.046491
3,13,0.04,1000,24,0.196662,0.883139,0.689419,0.340205,0.318743,0.855347,0.178601,0.657301,0.8443,0.044575
3,14,0.04,1000,24,0.201351,0.900991,0.709527,0.334938,0.31775,0.792563,0.195102,0.659951,0.850994,0.045898
3,15,0.04,1000,24,0.206964,0.930639,0.737379,0.338838,0.300451,0.726627,0.194848,0.66115,0.850131,0.046268
3,16,0.04,1000,24,0.177158,0.887566,0.719028,0.340993,0.316016,0.871619,0.176152,0.657274,0.838897,0.04664
3,17,0.04,1000,24,0.186923,0.871497,0.694878,0.335478,0.31095,0.81809,0.202395,0.662023,0.850342,0.045488
3,18,0.04,1000,24,0.16102,0.915877,0.669969,0.350316,0.304275,0.820802,0.155488,0.657396,0.847713,0.045112
3,19,0.04,1000,24,0.208045,0.918163,0.689344,0.33234,0.320007,0.761112,0.201074,0.65811,0.844206,0.046392
3,20,0.04,1000,24,0.164902,0.880671,0.676831,0.341923,0.307277,0.773367,0.155752,0.657664,0.842013,0.045683
4,1,0.04,1000,24,0.172486,0.922213,0.703774,0.347016,0.337183,0.820369,0.173299,0.658247,0.868215,0.037785
4,2,0.04,1000,24,0.180309,0.874872,0.688328,0.331454,0.355064,0.845166,0.17783,0.657346,0.866378,0.038628
4,3,0.04,1000,24,0.169781,0.881196,0.676749,0.329296,0.34107,0.774766,0.169533,0.657162,0.877006,0.038215
4,4,0.04,1000,24,0.172583,0.873656,0.674609,0.333104,0.354031,0.823592,0.153045,0.661274,0.870329,0.037916
4,5,0.04,1000,24,0.1699,0.868889,0.677662,0.333104,0.346145,0.811249,0.176199,0.657496,0.871412,0.038539
4,6,0.04,1000,24,0.191267,0.916781,0.711666,0.338538,0.352821,0.947874,0.175414,0.659309,0.870019,0.037898
4,7,0.04,1000,24,0.184483,0.954609,0.707035,0.329141,0.348334,0.885875,0.186063,0.65756,0.867874,0.038849
4,8,0.04,1000,24,0.181899,0.838757,0.700131,0.335207,0.346259,0.891386,0.18578,0.65734,0.861101,0.038394
4,9,0.04,1000,24,0.191504,0.899242,0.698083,0.330727,0.332962,0.798044,0.177894,0.659075,0.8678,0.038187
4,10,0.04,1000,24,0.161023,0.858075,0.688258,0.350567,0.34028,0.860085,0.153122,0.658245,0.869421,0.038552
4,11,0.04,1000,24,0.181787,0.848477,0.68153,0.326774,0.349215,0.78363,0.176712,0.658209,0.867224,0.038301
4,12,0.04,1000,24,0.201476,0.97281,0.706563,0.338472,0.345437,0.758871,0.188825,0.658056,0.867987,0.038251
4,13,0.04,1000,24,0.194557,0.960224,0.68539,0.340546,0.352007,0.838312,0.187742,0.658773,0.867457,0.038386
4,14,0.04,1000,24,0.215472,0.942609,0.730548,0.356947,0.349843,0.822093,0.20904,0.657265,0.872074,0.037748
4,15,0.04,1000,24,0.195317,0.919456,0.706119,0.343415,0.345882,0.878811,0.176625,0.659631,0.863671,0.037559
4,16,0.04,1000,24,0.192131,0.913947,0.718298,0.342455,0.353513,0.840319,0.198733,0.658861,0.870847,0.038141
4,17,0.04,1000,24,0.179483,0.941001,0.686503,0.340998,0.354529,0.797454,0.191892,0.65846,0.869015,0.038608
4,18,0.04,1000,24,0.184657,0.889216,0.705618,0.342463,0.354096,0.887994,0.193332,0.654335,0.873542,0.038182
4,19,0.04,1000,24,0.208526,0.930665,0.743284,0.356648,0.342819,0.819848,0.210563,0.658287,0.867144,0.039803
4,20,0.04,1000,24,0.189187,0.948973,0.713149,0.339487,0.346428,0.891866,0.183131,0.657926,0.873389,0.037914
5,1,0.04,1000,24,0.192325,0.898463,0.720199,0.344973,0.36642,0.925342,0.196091,0.656933,0.891409,0.033957
5,2,0.04,1000,24,0.170116,0.957727,0.709924,0.327694,0.36353,0.846031,0.162704,0.659364,0.892829,0.033061
5,3,0.04,1000,24,0.165243,0.927648,0.716512,0.36044,0.356722,0.845482,0.169588,0.658839,0.891495,0.033711
5,4,0.04,1000,24,0.181426,0.890809,0.687275,0.347196,0.363007,0.852454,0.182294,0.655793,0.894839,0.033185
5,5,0.04,1000,24,0.156546,0.947196,0.685263,0.338271,0.369228,0.901485,0.151854,0.656692,0.895862,0.033134
5,6,0.04,1000,24,0.219257,0.919258,0.729032,0.343759,0.37657,0.798274,0.212635,0.65642,0.885195,0.033472
5,7,0.04,1000,24,0.191647,0.910999,0.721254,0.327452,0.368544,0.793339,0.210648,0.659859,0.88702,0.035094
5,8,0.04,1000,24,0.183789,0.910905,0.727812,0.343372,0.370978,0.799906,0.177553,0.659632,0.893583,0.033792
5,9,0.04,1000,24,0.184502,0.88234,0.698491,0.324337,0.365078,0.864756,0.178712,0.660211,0.888947,0.034054
5,10,0.04,1000,24,0.168559,0.893555,0.70133,0.339601,0.355501,0.788635,0.160202,0.657401,0.892121,0.034546
5,11,0.04,1000,24,0.198115,0.948584,0.729986,0.344985,0.378177,0.822991,0.203212,0.657762,0.885576,0.033465
5,12,0.04,1000,24,0.19644,0.874213,0.708457,0.341848,0.365868,0.76734,0.191623,0.659036,0.881705,0.033631
5,13,0.04,1000,24,0.196383,0.919954,0.740847,0.343861,0.369994,0.866598,0.193555,0.655911,0.891517,0.033485
5,14,0.04,1000,24,0.178254,0.97045,0.700159,0.349551,0.359478,0.851184,0.175127,0.659678,0.896853,0.033485
5,15,0.04,1000,24,0.182897,0.885714,0.701426,0.348702,0.365007,0.836231,0.182772,0.660113,0.889235,0.033818
5,16,0.04,1000,24,0.167144,0.865407,0.70621,0.335812,0.368993,0.872434,0.159568,0.656887,0.889171,0.033418
5,17,0.04,1000,24,0.189039,0.914022,0.71742,0.355025,0.368578,0.839854,0.1973,0.658047,0.890447,0.033774
5,18,0.04,1000,24,0.16966,0.93327,0.675757,0.341996,0.371034,0.861374,0.171435,0.659296,0.889018,0.033415
5,19,0.04,1000,24,0.193746,0.876439,0.688022,0.340548,0.364922,0.756139,0.177777,0.657782,0.891172,0.034363
5,20,0.04,1000,24,0.176398,0.918872,0.703244,0.343446,0.366193,0.879806,0.180654,0.657071,0.889983,0.033901
6,1,0.04,1000,24,0.186148,0.887967,0.666201,0.331609,0.378161,0.779831,0.187974,0.659939,0.902835,0.030539
6,2,0.04,1000,24,0.178495,0.9141,0.70012,0.345654,0.394781,0.803897,0.183705,0.656492,0.897298,0.02997
6,3,0.04,1000,24,0.188516,0.909464,0.722528,0.335554,0.377833,0.865056,0.186967,0.658696,0.91028,0.030695
6,4,0.04,1000,24,0.190841,0.953803,0.697134,0.332364,0.384523,0.782907,0.174659,0.660299,0.906544,0.030309
6,5,0.04,1000,24,0.183688,0.881583,0.689798,0.334854,0.37647,0.797551,0.189963,0.65715,0.904055,0.030438
6,6,0.04,1000,24,0.202934,0.915592,0.722969,0.332012,0.384204,0.837579,0.214495,0.6577,0.90036,0.031009
6,7,0.04,1000,24,0.180769,0.90101,0.708517,0.345384,0.384247,0.761276,0.173525,0.657798,0.901219,0.031047
6,8,0.04,1000,24,0.18793,0.868369,0.70403,0.333343,0.39193,0.920241,0.197666,0.65761,0.90209,0.031149
6,9,0.04,1000,24,0.181057,0.90968,0.708688,0.333414,0.380646,0.904465,0.176971,0.658972,0.896877,0.030475
6,10,0.04,1000,24,0.205893,0.921231,0.679077,0.340206,0.382858,0.846291,0.19866,0.65879,0.902496,0.031168
6,11,0.04,1000,24,0.180034,0.939125,0.679611,0.33293,0.385291,0.830018,0.163875,0.657615,0.894616,0.030272
6,12,0.04,1000,24,0.171195,0.883406,0.67519,0.338084,0.384572,0.846075,0.164724,0.657196,0.896535,0.030551
6,13,0.04,1000,24,0.202551,0.891176,0.712814,0.337937,0.388753,0.767203,0.199845,0.659029,0.903782,0.030929
6,14,0.04,1000,24,0.186279,0.916173,0.661747,0.336598,0.37613,0.856086,0.177232,0.660836,0.911798,0.030786
6,15,0.04,1000,24,0.175952,0.847094,0.711809,0.342398,0.374662,0.82692,0.175341,0.657738,0.908244,0.030528
6,16,0.04,1000,24,0.213241,0.884243,0.724372,0.337811,0.392797,0.900824,0.207037,0.656271,0.895711,0.029922
6,17,0.04,1000,24,0.183334,0.926494,0.66557,0.330384,0.39093,0.793976,0.189864,0.658355,0.901148,0.030222
6,18,0.04,1000,24,0.156423,0.90131,0.687401,0.333103,0.38007,0.82392,0.163909,0.660866,0.900154,0.030298
6,19,0.04,1000,24,0.189729,0.934024,0.698168,0.346755,0.389342,0.886685,0.188308,0.659339,0.902537,0.031145
6,20,0.04,1000,24,0.17386,0.886651,0.689056,0.341418,0.378968,0.828657,0.173879,0.658394,0.904203,0.03053
7,1,0.04,1000,24,0.212505,0.909492,0.706584,0.323871,0.396171,0.824272,0.212852,0.658336,0.914741,0.028917
7,2,0.04,1000,24,0.183665,0.932894,0.69949,0.332872,0.394564,0.854688,0.176843,0.65933,0.916206,0.028132
7,3,0.04,1000,24,0.175986,0.846595,0.665549,0.33676,0.383594,0.873987,0.174191,0.657254,0.915418,0.028522
7,4,0.04,1000,24,0.202729,0.910825,0.739966,0.354381,0.400936,0.856313,0.195509,0.656092,0.910319,0.027922
7,5,0.04,1000,24,0.177488,0.945506,0.673485,0.33917,0.391076,0.895038,0.17635,0.657313,0.908135,0.028683
7,6,0.04,1000,24,0.19179,0.903422,0.722721,0.344481,0.403382,0.83132,0.194841,0.657621,0.907151,0.028316
7,7,0.04,1000,24,0.201244,0.864469,0.720856,0.344913,0.396022,0.801953,0.199834,0.659526,0.918186,0.028346
7,8,0.04,1000,24,0.175213,0.939251,0.679462,0.343018,0.39281,0.811939,0.17119,0.656458,0.916155,0.028402
7,9,0.04,1000,24,0.169659,0.896159,0.736486,0.354277,0.387394,0.854497,0.169423,0.65756,0.910016,0.02781
7,10,0.04,1000,24,0.150691,0.900368,0.690225,0.345298,0.382672,0.839256,0.148728,0.658341,0.917476,0.029057
7,11,0.04,1000,24,0.197659,0.867823,0.714673,0.343107,0.400468,0.841678,0.197032,0.656848,0.909156,0.028536
7,12,0.04,1000,24,0.175041,0.929843,0.694264,0.326581,0.394007,0.877368,0.162868,0.657881,0.910471,0.028397
7,13,0.04,1000,24,0.202079,0.912701,0.725462,0.339538,0.392614,0.881366,0.207946,0.65845,0.913829,0.028669
7,14,0.04,1000,24,0.192825,0.867556,0.688193,0.33047,0.39366,0.836822,0.185331,0.658542,0.918176,0.027658
7,15,0.04,1000,24,0.216336,0.917967,0.762546,0.332487,0.387378,0.850073,0.218443,0.659265,0.913889,0.029824
7,16,0.04,1000,24,0.173415,0.921829,0.70542,0.350749,0.392034,0.805694,0.175884,0.657245,0.912963,0.028511
7,17,0.04,1000,24,0.180963,0.94457,0.714616,0.349779,0.393632,0.819552,0.184998,0.660088,0.912821,0.029001
7,18,0.04,1000,24,0.188384,0.904549,0.701873,0.342429,0.38901,0.864878,0.184866,0.657132,0.916148,0.027616
7,19,0.04,1000,24,0.196085,0.949598,0.722457,0.343772,0.39317,0.846662,0.195871,0.657127,0.913445,0.029154
7,20,0.04,1000,24,0.171328,0.90524,0.714708,0.34346,0.389175,0.848531,0.160648,0.659154,0.9154,0.02854
8,1,0.04,1000,24,0.204655,0.910335,0.726884,0.348993,0.407345,0.887589,0.213966,0.658331,0.923775,0.026749
8,2,0.04,1000,24,0.1904,0.914705,0.758198,0.362331,0.397757,0.917847,0.181123,0.658823,0.924016,0.025922
8,3,0.04,1000,24,0.205954,0.857561,0.701172,0.337119,0.408114,0.929769,0.207028,0.657415,0.924095,0.027269
8,4,0.04,1000,24,0.199843,0.915232,0.711664,0.327046,0.395417,0.807127,0.204999,0.65835,0.923182,0.02719
8,5,0.04,1000,24,0.180327,0.865511,0.717292,0.33197,0.401563,0.851003,0.186409,0.659696,0.923328,0.026286
8,6,0.04,1000,24,0.205625,0.935471,0.717995,0.339094,0.403682,0.903805,0.208357,0.659489,0.917113,0.026252
8,7,0.04,1000,24,0.169428,0.905494,0.654999,0.334638,0.402155,0.830684,0.159461,0.659552,0.921149,0.026975
8,8,0.04,1000,24,0.172003,0.950238,0.688469,0.341389,0.396837,0.843515,0.174071,0.659145,0.925159,0.026766
8,9,0.04,1000,24,0.165088,0.878375,0.69793,0.343828,0.394778,0.846388,0.164734,0.657953,0.924117,0.026564
8,10,0.04,1000,24,0.160083,0.911443,0.686091,0.341973,0.387442,0.809705,0.158955,0.660364,0.924524,0.02706
8,11,0.04,1000,24,0.183406,0.933397,0.705816,0.347759,0.399572,0.802319,0.1854,0.656895,0.923526,0.026616
8,12,0.04,1000,24,0.187588,0.927939,0.718529,0.344536,0.414045,0.866736,0.179538,0.657418,0.924573,0.026194
8,13,0.04,1000,24,0.19223,0.861012,0.698448,0.328045,0.407805,0.821506,0.188923,0.657255,0.921165,0.026553
8,14,0.04,1000,24,0.177117,0.903593,0.689004,0.348056,0.395875,0.840821,0.17135,0.657668,0.928063,0.026028
8,15,0.04,1000,24,0.199572,0.943568,0.690325,0.330066,0.397991,0.900775,0.197482,0.658364,0.92636,0.026708
8,16,0.04,1000,24,0.20132,0.945149,0.699391,0.326781,0.392108,0.844907,0.196722,0.660333,0.925097,0.025737
8,17,0.04,1000,24,0.191187,0.922089,0.711781,0.345024,0.401558,0.864339,0.196579,0.659319,0.924195,0.027085
8,18,0.04,1000,24,0.190718,0.866884,0.698346,0.350217,0.404698,0.861677,0.179102,0.657123,0.926058,0.025862
8,19,0.04,1000,24,0.216373,0.938737,0.679839,0.327074,0.396985,0.903835,0.209091,0.66064,0.928046,0.027352
8,20,0.04,1000,24,0.200158,0.898019,0.686895,0.320414,0.395696,0.823185,0.194741,0.660756,0.923371,0.02703
9,1,0.04,1000,24,0.162541,0.925956,0.692513,0.350128,0.402802,0.831633,0.163655,0.659355,0.932385,0.025107
9,2,0.04,1000,24,0.156932,0.887804,0.68243,0.350015,0.406417,0.809089,0.160131,0.655712,0.934837,0.024692
9,3,0.04,1000,24,0.176243,0.946285,0.700951,0.344923,0.405708,0.86192,0.179166,0.660655,0.926928,0.025045
9,4,0.04,1000,24,0.18303,0.971103,0.701425,0.333028,0.408632,0.951395,0.193904,0.658673,0.929574,0.025158
9,5,0.04,1000,24,0.166677,0.946448,0.704871,0.34412,0.399723,0.831737,0.157171,0.659204,0.929702,0.024868
9,6,0.04,1000,24,0.200721,0.919605,0.691362,0.325429,0.403627,0.866013,0.192702,0.6587,0.927135,0.025152
9,7,0.04,1000,24,0.177111,0.916771,0.680084,0.33753,0.410607,0.833303,0.16654,0.658714,0.928233,0.025295
9,8,0.04,1000,24,0.175151,0.87692,0.701726,0.354611,0.400141,0.899433,0.171141,0.654466,0.934284,0.025184
9,9,0.04,1000,24,0.178882,0.928467,0.710441,0.35137,0.404123,0.877072,0.176092,0.658238,0.930016,0.024776
9,10,0.04,1000,24,0.151824,0.905503,0.677976,0.346199,0.399286,0.8027,0.149419,0.657949,0.934182,0.025849
9,11,0.04,1000,24,0.207769,0.919213,0.740997,0.350842,0.411555,0.860535,0.201722,0.658627,0.925443,0.024628
9,12,0.04,1000,24,0.173164,0.965262,0.702581,0.334549,0.406247,0.834998,0.171923,0.658339,0.927561,0.024902
9,13,0.04,1000,24,0.195105,0.897914,0.689564,0.343395,0.405733,0.821149,0.193559,0.658449,0.928732,0.025384
9,14,0.04,1000,24,0.158115,0.845945,0.68859,0.347659,0.393057,0.857021,0.151904,0.656089,0.931787,0.025154
9,15,0.04,1000,24,0.203622,0.886671,0.670013,0.329165,0.408219,0.902109,0.201532,0.659765,0.924415,0.025935
9,16,0.04,1000,24,0.188335,0.942989,0.701294,0.345877,0.410065,0.890882,0.188677,0.658619,0.932611,0.02514
9,17,0.04,1000,24,0.190395,0.9339,0.667442,0.335577,0.411455,0.889033,0.188988,0.658595,0.931082,0.025478
9,18,0.04,1000,24,0.166061,0.90806,0.699808,0.333606,0.405471,0.826624,0.168344,0.656734,0.934167,0.02449
9,19,0.04,1000,24,0.193296,0.857706,0.688849,0.328925,0.40291,0.805588,0.188163,0.660054,0.928101,0.025778
9,20,0.04,1000,24,0.16845,0.90268,0.694831,0.342138,0.407023,0.878041,0.166074,0.657356,0.934302,0.025462
10,1,0.04,1000,24,0.181974,0.872701,0.678073,0.342475,0.407713,0.824088,0.184738,0.656363,0.939706,0.024298
10,2,0.04,1000,24,0.166508,0.951958,0.714104,0.349278,0.411505,0.84895,0.171506,0.659184,0.939673,0.023508
10,3,0.04,1000,24,0.198828,0.939675,0.686926,0.327421,0.409878,0.835665,0.201086,0.658101,0.935825,0.024034
10,4,0.04,1000,24,0.19437,0.974624,0.700118,0.328622,0.408074,0.802497,0.19011,0.657362,0.938204,0.024272
10,5,0.04,1000,24,0.189309,0.907025,0.713415,0.347369,0.411229,0.839301,0.188809,0.657797,0.936179,0.023907
10,6,0.04,1000,24,0.176339,0.909484,0.705285,0.350329,0.410568,0.85984,0.16942,0.655599,0.93182,0.023703
10,7,0.04,1000,24,0.183356,0.91466,0.697448,0.341225,0.417204,0.850496,0.187055,0.657399,0.93933,0.024128
10,8,0.04,1000,24,0.172263,0.931363,0.683587,0.34629,0.407553,0.886632,0.166744,0.657024,0.939603,0.023867
10,9,0.04,1000,24,0.186545,0.863955,0.704989,0.333967,0.406704,0.813438,0.190338,0.659563,0.938361,0.024137
10,10,0.04,1000,24,0.180945,0.944938,0.69353,0.349697,0.401783,0.824923,0.169032,0.660081,0.935759,0.024307
10,11,0.04,1000,24,0.181987,0.87892,0.7114,0.32929,0.414362,0.808875,0.183164,0.659097,0.93484,0.023386
10,12,0.04,1000,24,0.193209,0.969724,0.72839,0.342921,0.408832,0.853557,0.183451,0.654239,0.939294,0.023662
10,13,0.04,1000,24,0.180062,0.888035,0.716724,0.348003,0.413983,0.851829,0.178132,0.657236,0.941839,0.024472
10,14,0.04,1000,24,0.170095,0.876559,0.703446,0.336598,0.39952,0.838341,0.166799,0.657893,0.941486,0.024134
10,15,0.04,1000,24,0.214414,0.971463,0.715047,0.331703,0.4106,0.873479,0.210615,0.659098,0.935355,0.024221
10,16,0.04,1000,24,0.176908,0.893432,0.705262,0.354136,0.415395,0.848384,0.173198,0.659659,0.937266,0.023171
10,17,0.04,1000,24,0.177176,0.879146,0.687738,0.336965,0.409372,0.867471,0.174617,0.658959,0.936498,0.023922
10,18,0.04,1000,24,0.169958,0.929611,0.702582,0.3538,0.411099,0.847669,0.168449,0.657678,0.937173,0.02334
10,19,0.04,1000,24,0.170597,0.922778,0.699888,0.35012,0.411437,0.909746,0.162682,0.658741,0.934229,0.024459
10,20,0.04,1000,24,0.182259,0.901,0.688122,0.351595,0.404542,0.864141,0.177015,0.656995,0.939953,0.024532
11,1,0.04,1000,24,0.168615,0.892552,0.670599,0.329402,0.407763,0.890843,0.158563,0.660333,0.942331,0.022405
11,2,0.04,1000,24,0.187147,0.921889,0.699499,0.337493,0.405857,0.850211,0.191295,0.662158,0.944676,0.022869
11,3,0.04,1000,24,0.180044,0.939853,0.734763,0.348131,0.409741,0.870408,0.179167,0.658939,0.937323,0.023087
11,4,0.04,1000,24,0.183078,0.949976,0.707612,0.327525,0.411088,0.802641,0.176523,0.658477,0.94124,0.023604
11,5,0.04,1000,24,0.178589,0.921139,0.683102,0.343996,0.407374,0.799732,0.170952,0.654847,0.940214,0.02319
11,6,0.04,1000,24,0.199719,0.862824,0.687223,0.327934,0.411861,0.80004,0.200008,0.659268,0.938268,0.023021
11,7,0.04,1000,24,0.179075,0.879824,0.728572,0.344733,0.417695,0.801909,0.175855,0.655587,0.939962,0.023099
11,8,0.04,1000,24,0.188594,0.935853,0.708857,0.332908,0.408259,0.899371,0.19092,0.65918,0.942791,0.023415
11,9,0.04,1000,24,0.15897,0.89924,0.690573,0.349622,0.412322,0.819947,0.155268,0.656446,0.939808,0.022944
11,10,0.04,1000,24,0.166409,0.876651,0.668735,0.328355,0.397173,0.798941,0.15589,0.658783,0.943847,0.02381
11,11,0.04,1000,24,0.19186,0.909546,0.67702,0.348458,0.411594,0.809439,0.190495,0.657992,0.941347,0.023118
11,12,0.04,1000,24,0.158365,0.926531,0.694162,0.359402,0.407078,0.847883,0.157218,0.658763,0.945268,0.023397
11,13,0.04,1000,24,0.194229,0.91198,0.676201,0.329801,0.415579,0.959857,0.190801,0.658769,0.942361,0.023605
11,14,0.04,1000,24,0.223029,0.915867,0.710135,0.334695,0.404931,0.835121,0.2179,0.657954,0.940831,0.022951
11,15,0.04,1000,24,0.180588,0.876105,0.693935,0.338437,0.413207,0.901689,0.184168,0.659639,0.944329,0.02337
11,16,0.04,1000,24,0.163639,0.942863,0.696194,0.346745,0.406328,0.823965,0.155058,0.659418,0.945298,0.022625
11,17,0.04,1000,24,0.177295,0.904157,0.693908,0.344059,0.415362,0.916356,0.168385,0.656011,0.941777,0.023276
11,18,0.04,1000,24,0.181956,0.871006,0.691768,0.336242,0.405501,0.858017,0.184995,0.656536,0.944816,0.022617
11,19,0.04,1000,24,0.187536,0.918755,0.706311,0.341738,0.409365,0.876958,0.186536,0.657971,0.940817,0.023655
11,20,0.04,1000,24,0.187364,0.883423,0.734317,0.334043,0.409158,0.814054,0.192689,0.658568,0.945107,0.023472
12,1,0.04,1000,24,0.211243,0.932242,0.711363,0.337703,0.412987,0.831881,0.207007,0.656518,0.942561,0.021834
12,2,0.04,1000,24,0.172471,0.877637,0.711318,0.341863,0.42129,0.847652,0.182301,0.658058,0.944817,0.021847
12,3,0.04,1000,24,0.200287,0.890914,0.707741,0.340317,0.411556,0.837854,0.204551,0.658795,0.944813,0.022625
12,4,0.04,1000,24,0.175913,0.899134,0.711339,0.334093,0.42247,0.835885,0.182011,0.657766,0.945807,0.022735
12,5,0.04,1000,24,0.163071,0.918338,0.66222,0.333677,0.409249,0.842962,0.164612,0.659105,0.947042,0.022586
12,6,0.04,1000,24,0.200461,0.897019,0.740411,0.344938,0.417439,0.860121,0.202752,0.659445,0.941592,0.022157
12,7,0.04,1000,24,0.177968,0.968909,0.711233,0.343383,0.411542,0.82004,0.172565,0.656881,0.945549,0.021919
12,8,0.04,1000,24,0.16642,0.876798,0.66797,0.344466,0.419701,0.798344,0.165483,0.65938,0.943495,0.022575
12,9,0.04,1000,24,0.198063,0.916825,0.696218,0.348329,0.4196,0.809865,0.195244,0.656544,0.942659,0.022549
12,10,0.04,1000,24,0.175585,0.859872,0.680535,0.332215,0.402302,0.76011,0.176181,0.658501,0.948523,0.023287
12,11,0.04,1000,24,0.170478,0.941213,0.659368,0.331532,0.414837,0.817727,0.170383,0.65657,0.949012,0.022028
12,12,0.04,1000,24,0.177523,0.95475,0.677177,0.343027,0.412008,0.928265,0.183145,0.657611,0.950012,0.022546
12,13,0.04,1000,24,0.173658,0.904413,0.658473,0.326187,0.41235,0.771188,0.174844,0.658559,0.949363,0.022823
12,14,0.04,1000,24,0.177271,0.95356,0.691181,0.334497,0.415001,0.865041,0.174488,0.661301,0.944806,0.022484
12,15,0.04,1000,24,0.189723,0.886897,0.708953,0.339594,0.422066,0.824147,0.181991,0.658423,0.94656,0.022111
12,16,0.04,1000,24,0.194006,0.9044,0.703858,0.341157,0.41136,0.841006,0.193277,0.659534,0.946912,0.022416
12,17,0.04,1000,24,0.166165,0.884573,0.682131,0.341931,0.416996,0.858605,0.176719,0.658248,0.944473,0.022718
12,18,0.04,1000,24,0.182997,0.874718,0.710195,0.330597,0.41426,0.806102,0.182297,0.658696,0.948505,0.022033
12,19,0.04,1000,24,0.199182,0.894513,0.704106,0.347561,0.409482,0.807154,0.197414,0.658103,0.945066,0.022741
12,20,0.04,1000,24,0.186636,0.900539,0.729915,0.350642,0.413391,0.852293,0.190297,0.658333,0.947306,0.022958
3,1,0.08,1000,24,0.198117,0.909038,0.712701,0.339277,0.309009,0.824409,0.205095,0.655625,0.691026,0.068265
3,2,0.08,1000,24,0.196825,0.941146,0.703094,0.329032,0.308692,0.786052,0.175024,0.659745,0.687658,0.067268
3,3,0.08,1000,24,0.186677,0.898994,0.701949,0.342957,0.316357,0.743808,0.20044,0.659062,0.700584,0.068762
3,4,0.08,1000,24,0.187342,0.918493,0.708259,0.336771,0.31366,0.855517,0.186643,0.65754,0.700524,0.068285
3,5,0.08,1000,24,0.174899,0.929477,0.721697,0.348955,0.312932,0.776071,0.166009,0.657695,0.705109,0.066499
3,6,0.08,1000,24,0.181897,0.894237,0.694049,0.333549,0.304345,0.798722,0.196508,0.660254,0.711746,0.067544
3,7,0.08,1000,24,0.201322,0.885053,0.706433,0.336091,0.3209,0.811993,0.184544,0.656929,0.690218,0.068792
3,8,0.08,1000,24,0.190718,0.951034,0.708816,0.340869,0.31158,0.744843,0.191338,0.657752,0.708957,0.068688
3,9,0.08,1000,24,0.186535,0.933093,0.69934,0.353194,0.309894,0.771275,0.173946,0.660542,0.69636,0.067555
3,10,0.08,1000,24,0.184764,0.875211,0.677093,0.34303,0.311273,0.83977,0.178769,0.658894,0.698317,0.068768
3,11,0.08,1000,24,0.182992,0.908662,0.701236,0.342044,0.311805,0.852506,0.199277,0.657386,0.701875,0.068612
3,12,0.08,1000,24,0.202296,0.937942,0.693774,0.338917,0.323342,0.786247,0.196091,0.657882,0.695729,0.068652
3,13,0.08,1000,24,0.192512,0.895783,0.689702,0.338317,0.314474,0.842236,0.171784,0.656296,0.704909,0.066225
3,14,0.08,1000,24,0.208804,0.880117,0.733038,0.334934,0.317761,0.839237,0.199357,0.658174,0.712867,0.067139
3,15,0.08,1000,24,0.211476,0.910687,0.748487,0.337963,0.300341,0.708533,0.196682,0.660287,0.714111,0.068463
3,16,0.08,1000,24,0.175051,0.874516,0.693327,0.337959,0.316595,0.783486,0.17624,0.658018,0.695947,0.069018
3,17,0.08,1000,24,0.183686,0.8848,0.675805,0.332922,0.310386,0.820616,0.190688,0.661121,0.719821,0.066963
3,18,0.08,1000,24,0.159433,0.895468,0.702479,0.354967,0.301063,0.756319,0.145624,0.657119,0.714401,0.066182
3,19,0.08,1000,24,0.197784,0.89865,0.699998,0.331975,0.320476,0.745313,0.19033,0.658694,0.70216,0.06806
3,20,0.08,1000,24,0.166712,0.956811,0.666367,0.326998,0.306972,0.765468,0.163421,0.658228,0.703578,0.068544
4,1,0.08,1000,24,0.168682,0.931135,0.706241,0.344167,0.337809,0.769439,0.174789,0.658923,0.724367,0.053425
4,2,0.08,1000,24,0.187146,0.913808,0.687221,0.327502,0.353292,0.849364,0.185602,0.657746,0.722761,0.055003
4,3,0.08,1000,24,0.175533,0.885787,0.681686,0.330272,0.338716,0.763642,0.180895,0.657706,0.739181,0.054253
4,4,0.08,1000,24,0.178627,0.943099,0.685022,0.335395,0.352007,0.813561,0.153712,0.659894,0.734825,0.053315
4,5,0.08,1000,24,0.170478,0.890291,0.679424,0.333088,0.345063,0.768783,0.183097,0.656443,0.734674,0.054659
4,6,0.08,1000,24,0.180902,0.846075,0.687033,0.342484,0.351131,0.821022,0.17223,0.658183,0.727306,0.053993
4,7,0.08,1000,24,0.179784,0.879872,0.694202,0.330404,0.345826,0.833074,0.182004,0.656348,0.728608,0.055228
4,8,0.08,1000,24,0.195596,0.86372,0.66841,0.326064,0.34782,0.858695,0.192603,0.657566,0.713561,0.05468
4,9,0.08,1000,24,0.189513,0.910749,0.700941,0.324748,0.334279,0.755808,0.176207,0.66121,0.721638,0.054318
4,10,0.08,1000,24,0.171911,0.875233,0.690468,0.348788,0.334936,0.848273,0.167134,0.659359,0.719634,0.054892
4,11,0.08,1000,24,0.173314,0.878185,0.665654,0.329724,0.351859,0.843178,0.166874,0.65772,0.730354,0.053884
4,12,0.08,1000,24,0.207623,0.927429,0.705436,0.333443,0.348254,0.777967,0.19422,0.656724,0.724269,0.054208
4,13,0.08,1000,24,0.196358,0.936873,0.676977,0.334132,0.350038,0.721051,0.187624,0.658587,0.730997,0.054307
4,14,0.08,1000,24,0.214591,0.90101,0.730434,0.35276,0.34902,0.83322,0.211154,0.657955,0.73872,0.053349
4,15,0.08,1000,24,0.215999,0.901311,0.728328,0.340902,0.347843,0.845322,0.189724,0.659521,0.709297,0.054305
4,16,0.08,1000,24,0.202172,0.934864,0.710477,0.336482,0.357082,0.904463,0.20954,0.658578,0.728114,0.053993
4,17,0.08,1000,24,0.189338,0.89219,0.697819,0.338762,0.351907,0.861691,0.20696,0.658319,0.729654,0.054772
4,18,0.08,1000,24,0.18908,0.945598,0.707716,0.343174,0.354592,0.774542,0.196587,0.654328,0.73625,0.053867
4,19,0.08,1000,24,0.203263,0.960112,0.743287,0.354887,0.340065,0.811418,0.201092,0.657011,0.719199,0.056607
4,20,0.08,1000,24,0.184033,0.860146,0.716762,0.332652,0.345302,0.807906,0.176316,0.658375,0.735681,0.053279
5,1,0.08,1000,24,0.191753,0.902159,0.711065,0.347106,0.369489,0.833448,0.19236,0.655767,0.751523,0.045994
5,2,0.08,1000,24,0.171209,0.884373,0.710438,0.327909,0.357666,0.748081,0.160506,0.659728,0.756187,0.045113
5,3,0.08,1000,24,0.161536,0.871554,0.730315,0.359178,0.357888,0.830757,0.165785,0.658186,0.751505,0.046201
5,4,0.08,1000,24,0.189994,0.907659,0.742675,0.351613,0.363691,0.813954,0.188648,0.656044,0.758246,0.045385
5,5,0.08,1000,24,0.165633,0.934123,0.681302,0.328058,0.370047,0.854795,0.161678,0.659159,0.76476,0.045202
5,6,0.08,1000,24,0.210052,0.910392,0.71684,0.343991,0.371641,0.871843,0.200975,0.656099,0.752361,0.046023
5,7,0.08,1000,24,0.199321,0.898692,0.682708,0.324028,0.367986,0.775019,0.214837,0.66068,0.745517,0.04829
5,8,0.08,1000,24,0.195649,0.851141,0.689071,0.329082,0.375614,0.795418,0.18953,0.657838,0.758385,0.046612
5,9,0.08,1000,24,0.193122,0.920287,0.701343,0.328021,0.366468,0.855773,0.18263,0.659615,0.751343,0.047244
5,10,0.08,1000,24,0.176373,0.898273,0.685551,0.339972,0.358057,0.799466,0.169648,0.657572,0.754448,0.046888
5,11,0.08,1000,24,0.196312,0.915515,0.696516,0.345728,0.37356,0.827668,0.200331,0.658038,0.746613,0.045783
5,12,0.08,1000,24,0.203495,0.901842,0.68328,0.330644,0.359039,0.76334,0.207176,0.657098,0.734092,0.04647
5,13,0.08,1000,24,0.208611,0.918895,0.728941,0.343206,0.373296,0.882612,0.202829,0.654776,0.755926,0.045519
5,14,0.08,1000,24,0.17921,0.913437,0.723368,0.342644,0.357157,0.841092,0.175671,0.659666,0.768533,0.045537
5,15,0.08,1000,24,0.197123,0.922759,0.687943,0.339603,0.369087,0.872415,0.190066,0.659895,0.742723,0.046514
5,16,0.08,1000,24,0.170269,0.840745,0.687506,0.332872,0.367113,0.909141,0.158527,0.658774,0.762851,0.045556
5,17,0.08,1000,24,0.192091,0.901664,0.707634,0.35275,0.369572,0.834763,0.204294,0.657863,0.753021,0.045946
5,18,0.08,1000,24,0.170716,0.941511,0.700657,0.351569,0.364552,0.848274,0.178137,0.658442,0.75282,0.045994
5,19,0.08,1000,24,0.189425,0.917175,0.681072,0.336833,0.367487,0.802976,0.177169,0.656923,0.75281,0.047565
5,20,0.08,1000,24,0.181435,0.892423,0.703736,0.339067,0.365353,0.870425,0.18333,0.656911,0.755548,0.046086
6,1,0.08,1000,24,0.173607,0.894474,0.647698,0.335762,0.374225,0.796317,0.179878,0.658149,0.770712,0.040273
6,2,0.08,1000,24,0.193896,0.901881,0.70174,0.354372,0.392561,0.825712,0.196525,0.65723,0.752393,0.039885
6,3,0.08,1000,24,0.199898,0.959281,0.714434,0.331177,0.383533,0.87427,0.197176,0.657718,0.782938,0.040593
6,4,0.08,1000,24,0.192121,0.947561,0.710017,0.344153,0.386308,0.786165,0.175719,0.658853,0.775408,0.040189
6,5,0.08,1000,24,0.18085,0.856452,0.71015,0.341615,0.373646,0.782572,0.189947,0.657323,0.773777,0.040937
6,6,0.08,1000,24,0.192253,0.907861,0.693593,0.330587,0.372416,0.785871,0.198874,0.658881,0.768375,0.041057
6,7,0.08,1000,24,0.17276,0.867142,0.667281,0.344105,0.379014,0.802219,0.167684,0.657799,0.775249,0.041538
6,8,0.08,1000,24,0.194737,0.846592,0.681952,0.332089,0.394709,0.808677,0.204534,0.659232,0.767898,0.041073
6,9,0.08,1000,24,0.191092,0.931026,0.703625,0.335867,0.381376,0.899127,0.182975,0.658894,0.756405,0.040739
6,10,0.08,1000,24,0.221308,0.891111,0.693515,0.331358,0.383333,0.84377,0.207156,0.659382,0.762326,0.041955
6,11,0.08,1000,24,0.181799,0.936218,0.706767,0.335406,0.382455,0.798054,0.16283,0.65503,0.757511,0.040322
6,12,0.08,1000,24,0.174368,0.878555,0.701705,0.341,0.382123,0.844235,0.169634,0.657538,0.755869,0.041341
6,13,0.08,1000,24,0.205273,0.923264,0.708798,0.331966,0.388349,0.893553,0.204075,0.658221,0.773978,0.041471
6,14,0.08,1000,24,0.178483,0.877352,0.685772,0.339386,0.375451,0.856191,0.170349,0.658716,0.792957,0.040063
6,15,0.08,1000,24,0.181546,0.918722,0.683856,0.349164,0.377229,0.767059,0.175954,0.656636,0.777368,0.040423
6,16,0.08,1000,24,0.213765,0.897578,0.706625,0.330237,0.388098,0.832202,0.210145,0.658664,0.756545,0.040346
6,17,0.08,1000,24,0.185972,0.943917,0.706657,0.326324,0.381724,0.926581,0.190494,0.657437,0.770805,0.039815
6,18,0.08,1000,24,0.152874,0.914257,0.70135,0.338107,0.373959,0.834868,0.156714,0.657737,0.759229,0.040242
6,19,0.08,1000,24,0.190859,0.949337,0.70513,0.348198,0.384108,0.904244,0.18416,0.659156,0.763549,0.041738
6,20,0.08,1000,24,0.17298,0.942605,0.72594,0.351845,0.374802,0.813907,0.170645,0.656848,0.769522,0.040558
7,1,0.08,1000,24,0.206761,0.858272,0.693234,0.324882,0.398243,0.830267,0.204855,0.659264,0.789331,0.037456
7,2,0.08,1000,24,0.192398,0.92004,0.669424,0.320596,0.396084,0.875017,0.181964,0.660537,0.785699,0.036412
7,3,0.08,1000,24,0.17838,0.826396,0.6618,0.333873,0.379531,0.816989,0.176381,0.657051,0.794062,0.037251
7,4,0.08,1000,24,0.205055,0.942939,0.724548,0.341339,0.398328,0.887656,0.192019,0.657744,0.778807,0.036279
7,5,0.08,1000,24,0.18057,0.867232,0.666803,0.339114,0.384081,0.888451,0.184358,0.657499,0.775089,0.037424
7,6,0.08,1000,24,0.195147,0.929191,0.719258,0.33698,0.398932,0.877081,0.196818,0.658156,0.77524,0.037249
7,7,0.08,1000,24,0.205373,0.862501,0.713891,0.343468,0.399164,0.796534,0.19928,0.658987,0.797195,0.036721
7,8,0.08,1000,24,0.171841,0.914122,0.652981,0.334384,0.394832,0.97628,0.163774,0.656356,0.79296,0.03643
7,9,0.08,1000,24,0.18131,0.890975,0.736649,0.358703,0.387,0.864909,0.176476,0.659145,0.774463,0.036131
7,10,0.08,1000,24,0.154725,0.912038,0.695567,0.354659,0.382567,0.80148,0.147403,0.65804,0.794019,0.037764
7,11,0.08,1000,24,0.190214,0.956109,0.712214,0.341449,0.396284,0.895339,0.191251,0.654945,0.779963,0.036466
7,12,0.08,1000,24,0.185395,0.926247,0.679481,0.326618,0.390803,0.785566,0.17086,0.658111,0.775262,0.03692
7,13,0.08,1000,24,0.205658,0.970173,0.733789,0.339935,0.39026,0.871261,0.208725,0.658228,0.787553,0.037265
7,14,0.08,1000,24,0.187748,0.85783,0.68889,0.335798,0.395153,0.960048,0.176961,0.65679,0.797284,0.035597
7,15,0.08,1000,24,0.218474,0.925826,0.723559,0.32942,0.386608,0.864876,0.21781,0.660216,0.781531,0.038984
7,16,0.08,1000,24,0.18426,0.897385,0.675485,0.343664,0.389494,0.812267,0.180686,0.658936,0.788993,0.036653
7,17,0.08,1000,24,0.170034,0.850432,0.720963,0.344067,0.387615,0.811124,0.174656,0.658854,0.792983,0.037405
7,18,0.08,1000,24,0.194963,0.899221,0.69757,0.335899,0.387599,0.930004,0.196611,0.657184,0.792331,0.035648
7,19,0.08,1000,24,0.201795,0.950835,0.736091,0.336654,0.394064,0.803729,0.200669,0.65803,0.784143,0.038117
7,20,0.08,1000,24,0.174788,0.928766,0.72341,0.347717,0.385451,0.808362,0.16292,0.658133,0.792463,0.036907
8,1,0.08,1000,24,0.203895,0.925837,0.742985,0.349754,0.409141,0.86259,0.211414,0.659236,0.796696,0.033657
8,2,0.08,1000,24,0.197848,0.917041,0.728856,0.34648,0.395923,0.846867,0.188699,0.659323,0.804022,0.032829
8,3,0.08,1000,24,0.206062,0.880293,0.703368,0.339809,0.406002,0.857446,0.202501,0.657183,0.809819,0.034556
8,4,0.08,1000,24,0.20128,0.921486,0.708094,0.32554,0.393697,0.853535,0.208756,0.658662,0.803874,0.03492
8,5,0.08,1000,24,0.184517,0.929467,0.685995,0.328686,0.401437,0.837303,0.18726,0.659045,0.800513,0.033586
8,6,0.08,1000,24,0.196757,0.843343,0.691846,0.332742,0.397896,0.805515,0.195235,0.660432,0.794169,0.033989
8,7,0.08,1000,24,0.160439,0.886148,0.683613,0.343901,0.394195,0.819003,0.151017,0.660562,0.802545,0.03445
8,8,0.08,1000,24,0.164625,0.87305,0.695135,0.348201,0.391033,0.916514,0.159484,0.658949,0.8085,0.03356
8,9,0.08,1000,24,0.168855,0.878216,0.699938,0.344665,0.389963,0.835412,0.166614,0.659182,0.800268,0.033647
8,10,0.08,1000,24,0.169136,0.902179,0.671809,0.337307,0.382401,0.832641,0.163482,0.661349,0.800605,0.03431
8,11,0.08,1000,24,0.191659,0.928426,0.694214,0.341387,0.400129,0.89027,0.190741,0.658259,0.799773,0.034065
8,12,0.08,1000,24,0.190869,0.952169,0.738161,0.344966,0.412101,0.877578,0.178984,0.659413,0.806993,0.033505
8,13,0.08,1000,24,0.190083,0.91186,0.701398,0.340982,0.405691,0.907345,0.187754,0.657285,0.796506,0.033872
8,14,0.08,1000,24,0.181158,0.895647,0.694693,0.34615,0.395313,0.81189,0.173166,0.658249,0.813994,0.032674
8,15,0.08,1000,24,0.21579,0.863717,0.683637,0.331367,0.401311,0.885735,0.217146,0.657801,0.804795,0.034694
8,16,0.08,1000,24,0.189402,0.912531,0.691637,0.338302,0.388559,0.823522,0.18405,0.660233,0.808229,0.032547
8,17,0.08,1000,24,0.175694,0.922385,0.69331,0.34354,0.402831,0.926604,0.178161,0.657828,0.805676,0.034535
8,18,0.08,1000,24,0.191248,0.863347,0.727782,0.357357,0.404767,0.762732,0.181694,0.6566,0.810715,0.032508
8,19,0.08,1000,24,0.220862,0.951347,0.698478,0.332402,0.399051,0.896172,0.213592,0.659033,0.808798,0.034943
8,20,0.08,1000,24,0.187585,0.926593,0.681398,0.318796,0.390436,0.863199,0.187344,0.660944,0.801939,0.034294
9,1,0.08,1000,24,0.159893,0.968882,0.677565,0.345065,0.398149,0.883735,0.157563,0.658384,0.818223,0.031232
9,2,0.08,1000,24,0.157808,0.932161,0.710041,0.347589,0.40623,0.846904,0.161072,0.655639,0.822391,0.030811
9,3,0.08,1000,24,0.175095,0.96076,0.697753,0.339769,0.402738,0.873901,0.175753,0.659949,0.810933,0.03149
9,4,0.08,1000,24,0.184074,0.912063,0.688882,0.333168,0.407411,0.945018,0.187991,0.659561,0.807519,0.031525
9,5,0.08,1000,24,0.154703,0.945023,0.675229,0.348169,0.396822,0.849488,0.142585,0.658268,0.81394,0.031086
9,6,0.08,1000,24,0.205392,0.909748,0.694667,0.32638,0.398924,0.806009,0.193301,0.659103,0.805947,0.031886
9,7,0.08,1000,24,0.183659,0.852252,0.686719,0.339286,0.406804,0.849116,0.170418,0.657671,0.815888,0.03187
9,8,0.08,1000,24,0.178187,0.832622,0.699842,0.348225,0.394801,0.87353,0.176267,0.654487,0.826651,0.031407
9,9,0.08,1000,24,0.172547,0.894209,0.71283,0.353665,0.397387,0.859108,0.173173,0.658128,0.818325,0.030749
9,10,0.08,1000,24,0.152122,0.965674,0.670163,0.341144,0.394717,0.803545,0.141614,0.658715,0.821869,0.032258
9,11,0.08,1000,24,0.205203,0.91087,0.74985,0.344356,0.41224,0.817407,0.196428,0.659827,0.800692,0.031028
9,12,0.08,1000,24,0.177811,0.931859,0.674006,0.335374,0.400054,0.827937,0.171763,0.658729,0.809438,0.031445
9,13,0.08,1000,24,0.194097,0.895888,0.727735,0.349776,0.396351,0.881983,0.189758,0.658257,0.814961,0.031923
9,14,0.08,1000,24,0.157644,0.897494,0.681163,0.343291,0.390211,0.884769,0.15076,0.655403,0.824087,0.031502
9,15,0.08,1000,24,0.211597,0.892999,0.695717,0.337501,0.409153,0.831623,0.206077,0.657299,0.800461,0.03318
9,16,0.08,1000,24,0.193144,0.902765,0.680751,0.343341,0.412378,0.934773,0.195975,0.659965,0.816717,0.031064
9,17,0.08,1000,24,0.196409,0.907146,0.708764,0.342996,0.412591,0.904937,0.193913,0.657716,0.820339,0.031919
9,18,0.08,1000,24,0.172228,0.887464,0.706949,0.3397,0.401604,0.852471,0.173155,0.65714,0.822279,0.030439
9,19,0.08,1000,24,0.199615,0.871273,0.705213,0.321873,0.404041,0.845516,0.195249,0.65859,0.806363,0.032954
9,20,0.08,1000,24,0.167148,0.926586,0.688759,0.335187,0.403864,0.816495,0.163331,0.65934,0.823024,0.031182
10,1,0.08,1000,24,0.188507,0.8588,0.692565,0.339168,0.406036,0.810256,0.192778,0.657856,0.835159,0.029906
10,2,0.08,1000,24,0.16959,0.910717,0.712976,0.34339,0.410319,0.846423,0.173058,0.660048,0.831792,0.028748
10,3,0.08,1000,24,0.196908,0.943325,0.714931,0.33327,0.405004,0.83371,0.200169,0.657916,0.830251,0.029741
10,4,0.08,1000,24,0.193852,0.931739,0.712923,0.34255,0.409747,0.821531,0.188655,0.656983,0.825081,0.030621
10,5,0.08,1000,24,0.182883,0.898223,0.709458,0.350083,0.410166,0.87132,0.183225,0.658736,0.825158,0.02996
10,6,0.08,1000,24,0.176436,0.927112,0.698741,0.35808,0.406193,0.892903,0.165784,0.656566,0.814759,0.029774
10,7,0.08,1000,24,0.193083,0.897729,0.695615,0.335176,0.419218,0.810991,0.192804,0.656874,0.831044,0.029675
10,8,0.08,1000,24,0.177723,0.905932,0.706926,0.342134,0.4047,0.898617,0.167603,0.66003,0.834385,0.028938
10,9,0.08,1000,24,0.187717,0.845429,0.694779,0.32757,0.40208,0.758687,0.189631,0.660923,0.828446,0.029532
10,10,0.08,1000,24,0.190108,0.863283,0.715359,0.345216,0.398041,0.792027,0.172005,0.658704,0.823618,0.03063
10,11,0.08,1000,24,0.177637,0.908326,0.68684,0.327352,0.411489,0.793444,0.175583,0.65818,0.830165,0.028878
10,12,0.08,1000,24,0.200068,0.916055,0.705191,0.347611,0.407241,0.849624,0.190148,0.654616,0.828775,0.029618
10,13,0.08,1000,24,0.191042,0.875674,0.712731,0.350224,0.412197,0.853697,0.186408,0.657923,0.840063,0.030323
10,14,0.08,1000,24,0.180079,0.935675,0.69218,0.329153,0.396013,0.794743,0.178924,0.656888,0.840181,0.029571
10,15,0.08,1000,24,0.209521,0.914909,0.703741,0.334068,0.409265,0.859997,0.206986,0.658448,0.8234,0.030074
10,16,0.08,1000,24,0.187009,0.900763,0.712134,0.343878,0.417651,0.900015,0.178716,0.659942,0.826753,0.028542
10,17,0.08,1000,24,0.169644,0.812242,0.653106,0.330103,0.405787,0.864055,0.166495,0.658753,0.830772,0.029172
10,18,0.08,1000,24,0.175462,0.905464,0.709475,0.345517,0.412715,0.871874,0.175129,0.658437,0.826982,0.028578
10,19,0.08,1000,24,0.182699,0.912108,0.713382,0.342269,0.415212,0.890399,0.167495,0.658299,0.815578,0.030792
10,20,0.08,1000,24,0.165753,0.875307,0.691357,0.348441,0.398638,0.779854,0.160544,0.658013,0.836354,0.029906
11,1,0.08,1000,24,0.164651,0.944553,0.650753,0.327665,0.401896,0.843676,0.155253,0.658673,0.840175,0.027116
11,2,0.08,1000,24,0.176227,0.889797,0.692466,0.333999,0.403424,0.819619,0.180824,0.661207,0.844693,0.027905
11,3,0.08,1000,24,0.181826,0.936009,0.710891,0.349773,0.402317,0.835037,0.178753,0.657664,0.829547,0.02862
11,4,0.08,1000,24,0.177575,0.932676,0.695836,0.333778,0.410376,0.822346,0.170595,0.658485,0.830972,0.030225
11,5,0.08,1000,24,0.179795,0.936458,0.702972,0.34376,0.405305,0.837659,0.168942,0.656445,0.836597,0.02866
11,6,0.08,1000,24,0.193051,0.892461,0.679177,0.328218,0.410252,0.905572,0.187717,0.660059,0.833078,0.028196
11,7,0.08,1000,24,0.183647,0.911247,0.697339,0.335209,0.411851,0.836053,0.177896,0.654978,0.833034,0.027963
11,8,0.08,1000,24,0.185651,0.924671,0.706768,0.339871,0.405775,0.886072,0.187453,0.658827,0.839117,0.028375
11,9,0.08,1000,24,0.150432,0.9043,0.697737,0.33952,0.403547,0.846786,0.14511,0.659305,0.837899,0.02801
11,10,0.08,1000,24,0.173239,0.902046,0.661984,0.336493,0.393018,0.842446,0.154611,0.65855,0.842317,0.029159
11,11,0.08,1000,24,0.180585,0.906123,0.689976,0.3501,0.406898,0.829248,0.175896,0.656882,0.838589,0.028324
11,12,0.08,1000,24,0.167866,0.892179,0.724926,0.359475,0.409621,0.9033,0.165871,0.658698,0.843992,0.028563
11,13,0.08,1000,24,0.196328,0.932683,0.684212,0.329072,0.413457,0.886166,0.192007,0.659311,0.834767,0.029213
11,14,0.08,1000,24,0.23289,0.906428,0.728183,0.336522,0.398083,0.793687,0.224551,0.657466,0.830823,0.028379
11,15,0.08,1000,24,0.178412,0.91932,0.686299,0.337394,0.413276,0.839415,0.175507,0.658886,0.843632,0.028661
11,16,0.08,1000,24,0.170422,0.90964,0.672144,0.341605,0.403532,0.88586,0.161792,0.660448,0.848701,0.027205
11,17,0.08,1000,24,0.186529,0.887398,0.701446,0.335152,0.414301,0.88877,0.178009,0.658143,0.837996,0.028392
11,18,0.08,1000,24,0.182135,0.902571,0.680904,0.337868,0.402821,0.895134,0.183859,0.65575,0.840899,0.027769
11,19,0.08,1000,24,0.198772,0.924747,0.718078,0.340805,0.410579,0.841248,0.195761,0.658821,0.835753,0.029138
11,20,0.08,1000,24,0.180328,0.935827,0.684954,0.322164,0.404817,0.786298,0.183652,0.658869,0.84835,0.028291
12,1,0.08,1000,24,0.211429,0.874898,0.694925,0.329279,0.410524,0.843631,0.205836,0.657399,0.837155,0.026301
12,2,0.08,1000,24,0.183661,0.890971,0.702619,0.346902,0.419918,0.86569,0.188159,0.659826,0.842575,0.026132
12,3,0.08,1000,24,0.190255,0.910558,0.707058,0.344317,0.405321,0.902377,0.193422,0.659341,0.84318,0.02773
12,4,0.08,1000,24,0.182353,0.8863,0.731088,0.334891,0.420753,0.821173,0.187499,0.658328,0.845302,0.027957
12,5,0.08,1000,24,0.151853,0.953865,0.668642,0.335931,0.408654,0.885563,0.15116,0.658405,0.85022,0.027368
12,6,0.08,1000,24,0.196761,0.909985,0.700082,0.343304,0.409718,0.895113,0.19535,0.660752,0.833587,0.026844
12,7,0.08,1000,24,0.184776,0.966165,0.702918,0.344341,0.408186,0.772877,0.178856,0.656889,0.845056,0.026563
12,8,0.08,1000,24,0.168805,0.852248,0.70223,0.347015,0.413916,0.793019,0.166497,0.657996,0.840175,0.027676
12,9,0.08,1000,24,0.198941,0.962222,0.696725,0.351702,0.418796,0.866483,0.194989,0.657848,0.84107,0.027179
12,10,0.08,1000,24,0.172084,0.870854,0.697882,0.338411,0.396299,0.822385,0.165197,0.659384,0.850345,0.028506
12,11,0.08,1000,24,0.166537,0.921504,0.680766,0.332073,0.4145,0.824973,0.164743,0.655496,0.852214,0.026281
12,12,0.08,1000,24,0.177248,0.920436,0.700675,0.343052,0.406218,0.824188,0.182154,0.656963,0.855919,0.027206
12,13,0.08,1000,24,0.189876,0.895258,0.683019,0.319783,0.411895,0.835043,0.19239,0.657977,0.851878,0.028185
12,14,0.08,1000,24,0.181636,0.930858,0.679937,0.332675,0.410132,0.8418,0.176582,0.660298,0.844675,0.027696
12,15,0.08,1000,24,0.181386,0.910143,0.675888,0.332748,0.423093,0.844971,0.175305,0.658753,0.84829,0.026455
12,16,0.08,1000,24,0.198608,0.892972,0.713891,0.339522,0.411182,0.884756,0.192212,0.659892,0.848802,0.026886
12,17,0.08,1000,24,0.147492,0.888166,0.683465,0.343827,0.410703,0.865467,0.158293,0.659381,0.846784,0.027861
12,18,0.08,1000,24,0.183428,0.884632,0.712127,0.340105,0.409441,0.876531,0.181606,0.658401,0.852812,0.026624
12,19,0.08,1000,24,0.215299,0.905269,0.702335,0.333477,0.410033,0.820497,0.209927,0.657689,0.845117,0.027799
12,20,0.08,1000,24,0.189476,0.936332,0.724778,0.348069,0.407952,0.945214,0.189982,0.65873,0.845627,0.027272
3,1,0.12,1000,24,0.199764,0.937553,0.709394,0.346228,0.308582,0.736302,0.204047,0.655679,0.622476,0.093706
3,2,0.12,1000,24,0.195851,0.916434,0.695191,0.329287,0.307852,0.746616,0.175311,0.661481,0.627156,0.092926
3,3,0.12,1000,24,0.188025,0.887914,0.698813,0.33957,0.314153,0.735204,0.199988,0.659112,0.640987,0.094394
3,4,0.12,1000,24,0.184674,0.868913,0.701818,0.336632,0.316305,0.854906,0.188104,0.656798,0.634408,0.094263
3,5,0.12,1000,24,0.173447,0.949074,0.712174,0.344307,0.313227,0.815969,0.164926,0.657534,0.643232,0.091463
3,6,0.12,1000,24,0.186041,0.868717,0.69801,0.331996,0.304712,0.752959,0.198808,0.6606,0.646956,0.092813
3,7,0.12,1000,24,0.200977,0.883664,0.704607,0.337698,0.320333,0.841513,0.184456,0.657302,0.620506,0.095237
3,8,0.12,1000,24,0.190777,0.920889,0.700565,0.335732,0.314337,0.775458,0.191534,0.658516,0.642937,0.0948
3,9,0.12,1000,24,0.191397,0.920509,0.711387,0.353112,0.310854,0.769247,0.176856,0.660089,0.628435,0.093291
3,10,0.12,1000,24,0.179235,0.868326,0.682969,0.348149,0.311457,0.890503,0.173665,0.657361,0.631686,0.094246
3,11,0.12,1000,24,0.1839,0.897807,0.699388,0.342347,0.314033,0.840903,0.202058,0.657945,0.639043,0.094833
3,12,0.12,1000,24,0.20201,0.945918,0.701466,0.335418,0.325396,0.754625,0.191797,0.657363,0.631496,0.094419
3,13,0.12,1000,24,0.186266,0.887582,0.700834,0.339751,0.312077,0.852224,0.165296,0.65651,0.64561,0.091393
3,14,0.12,1000,24,0.210453,0.91223,0.733318,0.33651,0.318108,0.86771,0.199669,0.657745,0.649769,0.092002
3,15,0.12,1000,24,0.210674,0.88401,0.739067,0.332581,0.300793,0.755278,0.196592,0.659314,0.6529,0.09417
3,16,0.12,1000,24,0.176586,0.895189,0.704522,0.337781,0.316257,0.823955,0.177877,0.657842,0.635134,0.094866
3,17,0.12,1000,24,0.184968,0.889965,0.683236,0.333849,0.311259,0.862511,0.187842,0.660038,0.662715,0.091976
3,18,0.12,1000,24,0.165044,0.928753,0.694815,0.353601,0.301202,0.756967,0.148303,0.657893,0.650971,0.090885
3,19,0.12,1000,24,0.19288,0.876098,0.699049,0.330265,0.321327,0.735726,0.185754,0.658575,0.640663,0.093273
3,20,0.12,1000,24,0.169026,0.964178,0.677224,0.325322,0.307402,0.761815,0.168622,0.65849,0.641689,0.095104
4,1,0.12,1000,24,0.167433,0.910793,0.69814,0.340153,0.337567,0.783057,0.174787,0.658831,0.654099,0.072358
4,2,0.12,1000,24,0.191294,0.883731,0.672106,0.323656,0.351936,0.853769,0.191475,0.658396,0.651138,0.07455
4,3,0.12,1000,24,0.174772,0.889614,0.677022,0.332945,0.338317,0.831246,0.182715,0.657716,0.666962,0.073407
4,4,0.12,1000,24,0.180618,0.958888,0.682008,0.335058,0.349269,0.787841,0.156542,0.658855,0.665755,0.071988
4,5,0.12,1000,24,0.171895,0.912867,0.669308,0.335885,0.344231,0.789691,0.186412,0.655965,0.666183,0.073818
4,6,0.12,1000,24,0.173293,0.81935,0.686122,0.343653,0.350498,0.745613,0.169952,0.658524,0.659486,0.073362
4,7,0.12,1000,24,0.175486,0.901064,0.684165,0.332803,0.344385,0.884953,0.17757,0.656257,0.658894,0.074671
4,8,0.12,1000,24,0.204482,0.920913,0.661312,0.320057,0.348751,0.867573,0.196778,0.657921,0.63838,0.074261
4,9,0.12,1000,24,0.189462,0.926925,0.725287,0.327849,0.33572,0.798913,0.177252,0.662423,0.642878,0.073604
4,10,0.12,1000,24,0.175551,0.89354,0.698788,0.346496,0.332617,0.915513,0.172263,0.659704,0.640269,0.074448
4,11,0.12,1000,24,0.169095,0.895029,0.64535,0.331246,0.35241,0.821244,0.161838,0.658167,0.663136,0.072739
4,12,0.12,1000,24,0.20873,0.93001,0.705774,0.332461,0.350306,0.762612,0.195738,0.656426,0.650362,0.073475
4,13,0.12,1000,24,0.199189,0.879782,0.695286,0.336376,0.349508,0.704473,0.190644,0.658228,0.661868,0.073296
4,14,0.12,1000,24,0.211178,0.911015,0.738443,0.351579,0.34799,0.833624,0.207729,0.657974,0.675131,0.072163
4,15,0.12,1000,24,0.220103,0.947133,0.730956,0.343706,0.347582,0.735248,0.19343,0.659289,0.63307,0.074316
4,16,0.12,1000,24,0.20948,0.902207,0.709609,0.332454,0.359118,0.879916,0.214968,0.659027,0.65195,0.073072
4,17,0.12,1000,24,0.191863,0.898927,0.705719,0.334741,0.350435,0.893059,0.209725,0.65841,0.661044,0.07406
4,18,0.12,1000,24,0.19199,0.962584,0.722256,0.341441,0.354684,0.809458,0.198019,0.655279,0.667903,0.072705
4,19,0.12,1000,24,0.198486,0.976074,0.750981,0.353325,0.33862,0.868046,0.19321,0.656399,0.642846,0.076548
4,20,0.12,1000,24,0.181457,0.877443,0.68419,0.334457,0.344878,0.787274,0.173168,0.658582,0.662562,0.071763
5,1,0.12,1000,24,0.190525,0.914766,0.698138,0.343753,0.370171,0.834475,0.188966,0.656009,0.6706,0.060879
5,2,0.12,1000,24,0.172093,0.89472,0.682984,0.328696,0.355074,0.750287,0.160106,0.660026,0.681401,0.059934
5,3,0.12,1000,24,0.164231,0.879231,0.711519,0.353367,0.358776,0.853063,0.168149,0.658073,0.668793,0.061642
5,4,0.12,1000,24,0.190926,0.934532,0.743127,0.346285,0.363916,0.819511,0.190052,0.657554,0.680923,0.060381
5,5,0.12,1000,24,0.176203,0.928644,0.69001,0.326344,0.371307,0.840504,0.171008,0.660216,0.687682,0.06
5,6,0.12,1000,24,0.203245,0.91627,0.725808,0.347907,0.370132,0.853448,0.193011,0.655515,0.680281,0.061521
5,7,0.12,1000,24,0.197223,0.861202,0.69494,0.329203,0.366403,0.753928,0.210093,0.660139,0.66788,0.064332
5,8,0.12,1000,24,0.203034,0.849454,0.684497,0.321698,0.378623,0.847691,0.197293,0.657645,0.680283,0.062314
5,9,0.12,1000,24,0.195496,0.920728,0.709567,0.329891,0.367707,0.861336,0.181383,0.659618,0.670013,0.063189
5,10,0.12,1000,24,0.181856,0.950063,0.678762,0.339079,0.359589,0.80721,0.17543,0.658569,0.671638,0.062139
5,11,0.12,1000,24,0.197492,0.946981,0.701637,0.341818,0.371493,0.794322,0.199745,0.657721,0.66836,0.060998
5,12,0.12,1000,24,0.20667,0.889697,0.685757,0.33336,0.355748,0.757743,0.213389,0.657279,0.651737,0.062204
5,13,0.12,1000,24,0.212161,0.892562,0.728486,0.341061,0.374987,0.908892,0.205051,0.655268,0.680953,0.060362
5,14,0.12,1000,24,0.179973,0.916147,0.686547,0.337354,0.35762,0.822587,0.176825,0.659075,0.692974,0.060503
5,15,0.12,1000,24,0.201453,0.918047,0.679039,0.336734,0.370174,0.823683,0.19055,0.6599,0.660574,0.062187
5,16,0.12,1000,24,0.172298,0.885368,0.700255,0.336053,0.367133,0.871171,0.160879,0.658639,0.692041,0.060617
5,17,0.12,1000,24,0.194581,0.882519,0.696462,0.351162,0.370154,0.827878,0.20816,0.657467,0.676047,0.061
5,18,0.12,1000,24,0.172074,0.952342,0.718486,0.356664,0.361077,0.910392,0.183049,0.658206,0.675017,0.061451
5,19,0.12,1000,24,0.187693,0.944779,0.687193,0.338501,0.369843,0.789756,0.179299,0.656519,0.671237,0.063674
5,20,0.12,1000,24,0.181309,0.889382,0.710603,0.338522,0.363517,0.841081,0.181188,0.656829,0.679384,0.061154
6,1,0.12,1000,24,0.170568,0.893404,0.673981,0.33853,0.373201,0.827644,0.177411,0.657792,0.685277,0.052715
6,2,0.12,1000,24,0.197382,0.894176,0.709996,0.35577,0.389785,0.787033,0.197245,0.657625,0.665723,0.052481
6,3,0.12,1000,24,0.205577,0.968917,0.711485,0.331843,0.386681,0.879454,0.202973,0.657445,0.701758,0.052934
6,4,0.12,1000,24,0.190434,0.951189,0.715957,0.347751,0.385348,0.808217,0.174939,0.658235,0.694932,0.05262
6,5,0.12,1000,24,0.179114,0.911761,0.719049,0.341377,0.371969,0.843971,0.18965,0.658604,0.696197,0.053942
6,6,0.12,1000,24,0.184235,0.90188,0.680207,0.334008,0.367712,0.807023,0.188153,0.659081,0.689403,0.053703
6,7,0.12,1000,24,0.168398,0.882272,0.673256,0.343028,0.375008,0.773479,0.164254,0.657366,0.701255,0.054577
6,8,0.12,1000,24,0.196531,0.833653,0.66702,0.333496,0.394349,0.80696,0.203734,0.659941,0.686202,0.053516
6,9,0.12,1000,24,0.195671,0.915414,0.690688,0.333655,0.380552,0.812795,0.18514,0.659007,0.67157,0.053665
6,10,0.12,1000,24,0.226301,0.891305,0.700986,0.329073,0.381047,0.831917,0.207492,0.659338,0.667383,0.055333
6,11,0.12,1000,24,0.184234,0.971373,0.70532,0.334688,0.381779,0.869378,0.167416,0.654111,0.680784,0.053051
6,12,0.12,1000,24,0.170175,0.894083,0.710024,0.34838,0.381205,0.808435,0.166502,0.657086,0.672575,0.0547
6,13,0.12,1000,24,0.204736,0.908911,0.713338,0.329301,0.387477,0.831595,0.204386,0.658703,0.696157,0.05445
6,14,0.12,1000,24,0.176778,0.895494,0.693046,0.337918,0.376074,0.831463,0.169765,0.658097,0.719558,0.052002
6,15,0.12,1000,24,0.184549,0.887513,0.691648,0.346796,0.377527,0.791737,0.174688,0.656697,0.694253,0.05292
6,16,0.12,1000,24,0.213158,0.917515,0.682502,0.324912,0.384718,0.826389,0.209869,0.659922,0.675782,0.05338
6,17,0.12,1000,24,0.185536,0.938079,0.698076,0.329294,0.377159,0.879909,0.190201,0.657328,0.694146,0.052137
6,18,0.12,1000,24,0.153695,0.897763,0.721087,0.341665,0.370302,0.799591,0.155774,0.655911,0.674573,0.052879
6,19,0.12,1000,24,0.193761,0.917188,0.720157,0.348835,0.380808,0.832456,0.184463,0.658761,0.673823,0.055025
6,20,0.12,1000,24,0.169627,0.915836,0.726245,0.35775,0.372792,0.783799,0.166266,0.656871,0.684608,0.053191
7,1,0.12,1000,24,0.201301,0.863419,0.688559,0.323462,0.399673,0.850287,0.197137,0.659067,0.707608,0.04828
7,2,0.12,1000,24,0.19373,0.903601,0.67667,0.320719,0.395343,0.856373,0.181872,0.660715,0.699921,0.047108
7,3,0.12,1000,24,0.181001,0.811624,0.680332,0.330068,0.3778,0.77875,0.179911,0.657527,0.716625,0.048278
7,4,0.12,1000,24,0.203155,0.913243,0.727056,0.333669,0.393293,0.845669,0.187151,0.658788,0.695123,0.046974
7,5,0.12,1000,24,0.177356,0.954755,0.66214,0.340902,0.380464,0.8543,0.184027,0.656975,0.690303,0.048461
7,6,0.12,1000,24,0.194107,0.869111,0.710067,0.332129,0.394499,0.829632,0.193863,0.658763,0.694146,0.048544
7,7,0.12,1000,24,0.205846,0.887832,0.740107,0.342931,0.401085,0.847076,0.197569,0.659569,0.714608,0.047391
7,8,0.12,1000,24,0.171752,0.910951,0.667238,0.330702,0.395096,0.903814,0.162152,0.656068,0.712234,0.046904
7,9,0.12,1000,24,0.182078,0.930068,0.718935,0.360371,0.385693,0.939957,0.174298,0.659214,0.684325,0.046864
7,10,0.12,1000,24,0.160583,0.921664,0.677436,0.357433,0.383482,0.830872,0.150757,0.658011,0.710953,0.048887
7,11,0.12,1000,24,0.186926,0.969708,0.713894,0.338219,0.392875,0.927396,0.189172,0.655857,0.698118,0.046823
7,12,0.12,1000,24,0.189863,0.923624,0.686647,0.329248,0.387942,0.839448,0.175942,0.657697,0.686396,0.047968
7,13,0.12,1000,24,0.201657,0.904034,0.738153,0.343592,0.390428,0.853612,0.202298,0.657702,0.701919,0.048192
7,14,0.12,1000,24,0.177261,0.890738,0.694154,0.346731,0.395108,0.913976,0.165477,0.655584,0.71632,0.046052
7,15,0.12,1000,24,0.216892,0.908354,0.704043,0.326987,0.386248,0.842562,0.214821,0.660253,0.694554,0.050386
7,16,0.12,1000,24,0.194122,0.920572,0.697754,0.342341,0.388869,0.800533,0.188437,0.658916,0.705531,0.047138
7,17,0.12,1000,24,0.166591,0.875225,0.698761,0.342772,0.384878,0.815753,0.170953,0.657192,0.715916,0.048067
7,18,0.12,1000,24,0.1992,0.939132,0.686215,0.330453,0.384572,0.916705,0.202989,0.65885,0.714473,0.046078
7,19,0.12,1000,24,0.20639,0.941233,0.719833,0.334313,0.394502,0.862214,0.20208,0.658239,0.697466,0.049384
7,20,0.12,1000,24,0.180226,0.948595,0.710744,0.345389,0.383861,0.801677,0.168776,0.658864,0.713541,0.047629
8,1,0.12,1000,24,0.200711,0.922302,0.7282,0.344735,0.406425,0.871157,0.206063,0.659559,0.709376,0.042751
8,2,0.12,1000,24,0.199452,0.920253,0.725822,0.338457,0.393776,0.845483,0.1897,0.659783,0.722275,0.041768
8,3,0.12,1000,24,0.202524,0.902617,0.717503,0.340004,0.404011,0.847816,0.197054,0.657353,0.726781,0.04395
8,4,0.12,1000,24,0.198025,0.928517,0.700291,0.32888,0.393251,0.900281,0.20496,0.658905,0.718879,0.044697
8,5,0.12,1000,24,0.187257,0.924179,0.692956,0.325882,0.401014,0.832558,0.187978,0.659464,0.715794,0.043063
8,6,0.12,1000,24,0.190107,0.855719,0.701336,0.330909,0.395529,0.793675,0.185331,0.66036,0.710867,0.043943
8,7,0.12,1000,24,0.159405,0.847466,0.682535,0.34584,0.388597,0.775663,0.150661,0.660779,0.721671,0.044061
8,8,0.12,1000,24,0.156761,0.919181,0.699385,0.350803,0.387473,0.933303,0.148852,0.658989,0.728265,0.042572
8,9,0.12,1000,24,0.174539,0.829044,0.70965,0.34762,0.386399,0.816834,0.168887,0.659202,0.712099,0.042894
8,10,0.12,1000,24,0.176071,0.874209,0.694223,0.341653,0.379878,0.8674,0.167104,0.660808,0.712174,0.043673
8,11,0.12,1000,24,0.196898,0.897221,0.706382,0.338161,0.400656,0.875483,0.193928,0.658403,0.712594,0.043726
8,12,0.12,1000,24,0.190694,0.907449,0.737235,0.345244,0.407657,0.880113,0.177759,0.659895,0.726752,0.043053
8,13,0.12,1000,24,0.186176,0.926025,0.704512,0.343733,0.404214,0.913806,0.183953,0.657924,0.711709,0.043291
8,14,0.12,1000,24,0.184886,0.930455,0.707063,0.341732,0.394546,0.79795,0.176992,0.658126,0.731723,0.041572
8,15,0.12,1000,24,0.221156,0.915865,0.681424,0.336105,0.403565,0.815406,0.22255,0.657655,0.714559,0.044882
8,16,0.12,1000,24,0.182186,0.951936,0.691663,0.338245,0.38702,0.777117,0.17736,0.660109,0.725855,0.041543
8,17,0.12,1000,24,0.17063,0.90844,0.693528,0.342038,0.404075,0.892919,0.173168,0.656749,0.723496,0.044145
8,18,0.12,1000,24,0.192731,0.858258,0.730222,0.357044,0.403181,0.791103,0.185595,0.656433,0.728886,0.04137
8,19,0.12,1000,24,0.225375,0.896677,0.690153,0.330086,0.402411,0.861591,0.219166,0.658214,0.718885,0.044781
8,20,0.12,1000,24,0.180249,0.911365,0.68571,0.324173,0.387481,0.875365,0.182526,0.660737,0.715357,0.043737
9,1,0.12,1000,24,0.160215,0.881819,0.677227,0.347955,0.394707,0.878826,0.153938,0.657233,0.735052,0.039428
9,2,0.12,1000,24,0.161261,0.936535,0.699787,0.344099,0.405996,0.832381,0.163733,0.655498,0.737586,0.03889
9,3,0.12,1000,24,0.171794,0.911792,0.697048,0.337125,0.400341,0.851485,0.16977,0.659101,0.72826,0.039907
9,4,0.12,1000,24,0.182595,0.946213,0.698907,0.336793,0.404805,0.951726,0.18279,0.659597,0.719545,0.040085
9,5,0.12,1000,24,0.150649,0.901026,0.686412,0.356672,0.395807,0.787442,0.138032,0.657514,0.730219,0.039352
9,6,0.12,1000,24,0.204192,0.930116,0.709403,0.333136,0.395375,0.785717,0.190996,0.658707,0.716157,0.040684
9,7,0.12,1000,24,0.185955,0.851601,0.682857,0.34388,0.40347,0.824876,0.172087,0.65774,0.736798,0.040523
9,8,0.12,1000,24,0.184515,0.850995,0.690654,0.343418,0.391384,0.867059,0.183713,0.655424,0.746592,0.039553
9,9,0.12,1000,24,0.170286,0.892272,0.717895,0.353363,0.392993,0.85421,0.171489,0.657713,0.735306,0.038602
9,10,0.12,1000,24,0.15703,0.975055,0.694433,0.341767,0.390076,0.813417,0.141523,0.659704,0.735867,0.04062
9,11,0.12,1000,24,0.202841,0.884686,0.704489,0.339554,0.410847,0.87243,0.195265,0.660644,0.70755,0.039499
9,12,0.12,1000,24,0.180358,0.840064,0.679771,0.334981,0.396429,0.831372,0.171541,0.658553,0.726723,0.039992
9,13,0.12,1000,24,0.188753,0.887906,0.710722,0.349005,0.391928,0.872304,0.182342,0.657946,0.734305,0.040438
9,14,0.12,1000,24,0.161832,0.890194,0.698437,0.339611,0.391007,0.868766,0.153226,0.655804,0.743922,0.03977
9,15,0.12,1000,24,0.212719,0.924459,0.698036,0.333835,0.407565,0.791323,0.204178,0.657242,0.714662,0.042426
9,16,0.12,1000,24,0.197449,0.920104,0.684908,0.340842,0.412719,0.797069,0.199635,0.661102,0.731443,0.038862
9,17,0.12,1000,24,0.20141,0.873452,0.71782,0.344023,0.412898,0.866325,0.19873,0.657507,0.739929,0.040397
9,18,0.12,1000,24,0.177206,0.873108,0.701439,0.34415,0.398169,0.880069,0.177425,0.657572,0.741375,0.038359
9,19,0.12,1000,24,0.205417,0.895369,0.705545,0.322185,0.404482,0.799188,0.203386,0.657715,0.714507,0.042219
9,20,0.12,1000,24,0.168418,0.917034,0.690821,0.337768,0.401965,0.807423,0.162877,0.659274,0.739674,0.038853
10,1,0.12,1000,24,0.190433,0.853417,0.677881,0.336625,0.405531,0.815667,0.195564,0.657819,0.752883,0.037417
10,2,0.12,1000,24,0.176953,0.888504,0.660947,0.33363,0.40913,0.863183,0.179157,0.660659,0.748278,0.035891
10,3,0.12,1000,24,0.191263,0.879764,0.69672,0.333738,0.401389,0.850493,0.194437,0.657971,0.749579,0.037288
10,4,0.12,1000,24,0.189612,0.874363,0.723513,0.352281,0.409433,0.798459,0.18291,0.657737,0.735907,0.038917
10,5,0.12,1000,24,0.17946,0.930478,0.720162,0.34724,0.407543,0.866019,0.179411,0.659035,0.740512,0.03786
10,6,0.12,1000,24,0.183633,0.893286,0.700635,0.352388,0.402684,0.906512,0.170496,0.657903,0.728114,0.03795
10,7,0.12,1000,24,0.199646,0.858823,0.720046,0.337749,0.42025,0.83926,0.195541,0.656737,0.745916,0.037074
10,8,0.12,1000,24,0.181703,0.894114,0.711504,0.346745,0.402524,0.862462,0.16985,0.660579,0.751731,0.03586
10,9,0.12,1000,24,0.186574,0.865493,0.686396,0.332945,0.399943,0.821752,0.186338,0.66082,0.742327,0.036688
10,10,0.12,1000,24,0.195014,0.904142,0.713746,0.3398,0.396277,0.821306,0.172748,0.658196,0.733624,0.038841
10,11,0.12,1000,24,0.175121,0.94967,0.696325,0.329006,0.409565,0.793828,0.170537,0.658812,0.752192,0.036333
10,12,0.12,1000,24,0.204123,0.859462,0.703357,0.344529,0.407181,0.891147,0.194532,0.655226,0.738717,0.037409
10,13,0.12,1000,24,0.197792,0.875423,0.709293,0.350342,0.412034,0.787918,0.191626,0.658347,0.756981,0.037989
10,14,0.12,1000,24,0.18241,0.937899,0.720069,0.3268,0.394887,0.884284,0.180793,0.656378,0.761353,0.036815
10,15,0.12,1000,24,0.20134,0.9088,0.709685,0.338702,0.408363,0.839718,0.200303,0.658496,0.736886,0.037705
10,16,0.12,1000,24,0.191817,0.890861,0.709617,0.341693,0.417915,0.842735,0.181407,0.659501,0.739527,0.035921
10,17,0.12,1000,24,0.164342,0.871211,0.645141,0.331199,0.404287,0.839827,0.160278,0.658904,0.751722,0.036238
10,18,0.12,1000,24,0.179949,0.913721,0.70778,0.34146,0.412871,0.878099,0.180635,0.658309,0.741019,0.035716
10,19,0.12,1000,24,0.191721,0.908825,0.721251,0.339064,0.416826,0.842545,0.173398,0.658894,0.723405,0.039087
10,20,0.12,1000,24,0.15833,0.889142,0.693409,0.350886,0.395251,0.840901,0.151557,0.658912,0.755657,0.03714
11,1,0.12,1000,24,0.164583,0.943975,0.669788,0.327111,0.398897,0.820724,0.155001,0.657362,0.75912,0.03369
11,2,0.12,1000,24,0.171105,0.934722,0.690407,0.335829,0.402639,0.791864,0.174976,0.660572,0.76303,0.034652
11,3,0.12,1000,24,0.180263,0.921581,0.701365,0.342183,0.397891,0.795649,0.176461,0.656822,0.744786,0.035953
11,4,0.12,1000,24,0.175681,0.934114,0.674965,0.339859,0.409289,0.827661,0.167644,0.658027,0.739867,0.038771
11,5,0.12,1000,24,0.179863,0.91672,0.713867,0.345692,0.40547,0.826907,0.166949,0.657674,0.754478,0.035865
11,6,0.12,1000,24,0.19003,0.895255,0.662841,0.326377,0.40979,0.900501,0.178485,0.660094,0.75023,0.035247
11,7,0.12,1000,24,0.183858,0.957437,0.704049,0.330401,0.405425,0.881766,0.176273,0.655832,0.748695,0.034569
11,8,0.12,1000,24,0.181737,0.925543,0.696479,0.347803,0.402441,0.831062,0.182367,0.659213,0.75469,0.035108
11,9,0.12,1000,24,0.150069,0.912568,0.70909,0.340797,0.398103,0.860252,0.144168,0.660457,0.755836,0.034672
11,10,0.12,1000,24,0.182497,0.927654,0.691318,0.341591,0.39177,0.853923,0.159127,0.658062,0.755872,0.036222
11,11,0.12,1000,24,0.178435,0.888613,0.707924,0.34892,0.404978,0.839873,0.170781,0.656713,0.755868,0.035318
11,12,0.12,1000,24,0.172827,0.912292,0.720716,0.356115,0.411308,0.89275,0.16973,0.658097,0.758095,0.035552
11,13,0.12,1000,24,0.197117,0.95629,0.683356,0.332463,0.411414,0.874932,0.192306,0.658787,0.744442,0.03656
11,14,0.12,1000,24,0.239096,0.915529,0.741255,0.335919,0.393431,0.835261,0.227865,0.6572,0.740796,0.035556
11,15,0.12,1000,24,0.179365,0.934905,0.678751,0.338992,0.41342,0.878786,0.172392,0.658208,0.760409,0.035746
11,16,0.12,1000,24,0.170898,0.878611,0.67042,0.343372,0.402999,0.821049,0.162309,0.660532,0.77027,0.033443
11,17,0.12,1000,24,0.189485,0.895749,0.696574,0.335711,0.412417,0.936637,0.181944,0.660362,0.75588,0.03528
11,18,0.12,1000,24,0.177313,0.901354,0.691308,0.339673,0.401334,0.861098,0.178524,0.656156,0.756686,0.034736
11,19,0.12,1000,24,0.206106,0.936362,0.744603,0.340498,0.410933,0.838169,0.20161,0.659235,0.750637,0.036357
11,20,0.12,1000,24,0.176233,0.933047,0.656896,0.319639,0.402606,0.763289,0.177759,0.659182,0.769754,0.034802
12,1,0.12,1000,24,0.210259,0.859573,0.70574,0.329396,0.408956,0.775883,0.204713,0.657557,0.750384,0.032423
12,2,0.12,1000,24,0.192037,0.976461,0.702896,0.347708,0.418243,0.862775,0.192512,0.661019,0.758977,0.032109
12,3,0.12,1000,24,0.179525,0.886273,0.695337,0.352142,0.400615,0.909074,0.182051,0.659427,0.759453,0.034648
12,4,0.12,1000,24,0.182049,0.896571,0.725474,0.338079,0.41878,0.847962,0.18607,0.65839,0.760331,0.034883
12,5,0.12,1000,24,0.150111,0.922119,0.665522,0.340361,0.409369,0.859557,0.147116,0.658893,0.770714,0.033845
12,6,0.12,1000,24,0.193734,0.926544,0.699605,0.334738,0.403048,0.860712,0.189617,0.660972,0.74632,0.033215
12,7,0.12,1000,24,0.194177,0.956232,0.695314,0.338704,0.407498,0.794856,0.187174,0.658171,0.761375,0.032886
12,8,0.12,1000,24,0.169657,0.903221,0.677221,0.349033,0.409043,0.789544,0.166051,0.65653,0.755268,0.034522
12,9,0.12,1000,24,0.195062,0.969366,0.734558,0.356599,0.416534,0.842421,0.189893,0.658404,0.756081,0.033362
12,10,0.12,1000,24,0.174397,0.896812,0.677742,0.341624,0.392181,0.848028,0.160908,0.660311,0.764074,0.035281
12,11,0.12,1000,24,0.168779,0.926773,0.686281,0.337345,0.414287,0.881456,0.165759,0.655598,0.768839,0.032193
12,12,0.12,1000,24,0.177348,0.937498,0.714463,0.340451,0.403958,0.84409,0.181273,0.657091,0.774681,0.033542
12,13,0.12,1000,24,0.20203,0.888882,0.675973,0.313229,0.411991,0.828874,0.204937,0.658242,0.767346,0.035201
12,14,0.12,1000,24,0.183913,0.886133,0.68208,0.332885,0.406969,0.886856,0.178145,0.659601,0.762725,0.034497
12,15,0.12,1000,24,0.174754,0.927582,0.667497,0.332047,0.42312,0.877436,0.169626,0.657878,0.76872,0.032461
12,16,0.12,1000,24,0.19828,0.938031,0.699848,0.341706,0.411759,0.922721,0.188724,0.659877,0.765925,0.032978
12,17,0.12,1000,24,0.134529,0.926755,0.699282,0.348901,0.405131,0.821409,0.144661,0.659687,0.769122,0.034654
12,18,0.12,1000,24,0.182963,0.941012,0.707197,0.344692,0.406487,0.843468,0.180125,0.658563,0.772909,0.032909
12,19,0.12,1000,24,0.220843,0.931964,0.712483,0.327843,0.410208,0.774518,0.21489,0.657795,0.761718,0.034472
12,20,0.12,1000,24,0.188867,0.981577,0.721209,0.341224,0.404573,0.916049,0.187659,0.65918,0.759292,0.033213
3,1,0.2,1000,24,0.199285,0.899447,0.715862,0.350306,0.308181,0.748239,0.201145,0.655561,0.572913,0.147308
3,2,0.2,1000,24,0.196802,0.891561,0.691692,0.330265,0.307415,0.729959,0.178443,0.662506,0.585694,0.146949
3,3,0.2,1000,24,0.189588,0.888996,0.6957,0.338482,0.311633,0.821165,0.199317,0.658717,0.598141,0.148374
3,4,0.2,1000,24,0.181001,0.911186,0.688831,0.337169,0.318926,0.876518,0.187986,0.656498,0.586927,0.1488
3,5,0.2,1000,24,0.169642,0.952161,0.707312,0.343215,0.312768,0.864188,0.162547,0.657224,0.601122,0.144239
3,6,0.2,1000,24,0.191731,0.879529,0.705025,0.330697,0.305805,0.776656,0.202243,0.660656,0.599012,0.146213
3,7,0.2,1000,24,0.1989,0.862525,0.725131,0.337991,0.318181,0.820522,0.182624,0.657821,0.571569,0.150661
3,8,0.2,1000,24,0.190709,0.897976,0.690607,0.331359,0.316187,0.792536,0.191175,0.659477,0.593908,0.149449
3,9,0.2,1000,24,0.195324,0.916343,0.728424,0.35335,0.311215,0.77339,0.179192,0.659162,0.578711,0.147408
3,10,0.2,1000,24,0.171966,0.883142,0.681828,0.35272,0.311511,0.857246,0.167817,0.656536,0.582927,0.147908
3,11,0.2,1000,24,0.185593,0.874676,0.704362,0.342563,0.316225,0.717049,0.204076,0.658205,0.59397,0.149769
3,12,0.2,1000,24,0.201603,0.947253,0.701864,0.332267,0.326322,0.786428,0.187955,0.657267,0.585596,0.148625
3,13,0.2,1000,24,0.178354,0.881868,0.695811,0.341529,0.310143,0.858254,0.157626,0.656748,0.604617,0.144333
3,14,0.2,1000,24,0.209063,0.921271,0.702404,0.337707,0.318392,0.842087,0.196373,0.657637,0.602959,0.14452
3,15,0.2,1000,24,0.208938,0.87081,0.728612,0.328808,0.301412,0.779773,0.196075,0.658531,0.608492,0.148182
3,16,0.2,1000,24,0.179751,0.895904,0.71728,0.338153,0.315654,0.843457,0.181126,0.65743,0.591918,0.149116
3,17,0.2,1000,24,0.187262,0.913907,0.682177,0.335759,0.312887,0.809559,0.187424,0.658923,0.620932,0.14469
3,18,0.2,1000,24,0.172302,0.940867,0.700716,0.352545,0.302031,0.780405,0.15363,0.65817,0.601312,0.143026
3,19,0.2,1000,24,0.190438,0.900192,0.688106,0.329142,0.322369,0.777362,0.184319,0.65836,0.596371,0.146406
3,20,0.2,1000,24,0.172375,0.948731,0.681663,0.325335,0.307817,0.768807,0.173874,0.658758,0.598148,0.150779
4,1,0.2,1000,24,0.167106,0.897292,0.690858,0.336071,0.336509,0.794566,0.173275,0.658455,0.60438,0.113037
4,2,0.2,1000,24,0.192672,0.895822,0.681631,0.323568,0.350619,0.814663,0.194763,0.65808,0.595083,0.116322
4,3,0.2,1000,24,0.173476,0.889261,0.676033,0.333842,0.338234,0.842549,0.183659,0.657634,0.608983,0.114393
4,4,0.2,1000,24,0.182376,0.929858,0.688787,0.334518,0.346187,0.777193,0.161899,0.658082,0.60964,0.112164
4,5,0.2,1000,24,0.174869,0.914368,0.696645,0.340914,0.343332,0.802282,0.189336,0.656172,0.612499,0.114759
4,6,0.2,1000,24,0.167619,0.796796,0.680982,0.344375,0.349564,0.78839,0.168277,0.658669,0.608538,0.114845
4,7,0.2,1000,24,0.171459,0.926968,0.688404,0.335294,0.342996,0.85796,0.173183,0.65652,0.604382,0.116171
4,8,0.2,1000,24,0.213372,0.881299,0.678091,0.314061,0.34931,0.813843,0.201603,0.658177,0.578451,0.116223
4,9,0.2,1000,24,0.191489,0.895676,0.698012,0.3299,0.337255,0.807988,0.1802,0.662716,0.579109,0.114889
4,10,0.2,1000,24,0.178615,0.890074,0.708224,0.344199,0.330597,0.906984,0.176265,0.66005,0.575683,0.11631
4,11,0.2,1000,24,0.16422,0.89155,0.65219,0.333265,0.352746,0.775757,0.155874,0.659089,0.611129,0.113331
4,12,0.2,1000,24,0.208394,0.938918,0.693039,0.332185,0.351743,0.816833,0.196321,0.656769,0.593637,0.114837
4,13,0.2,1000,24,0.201716,0.905899,0.69646,0.338522,0.349344,0.760912,0.193291,0.658098,0.606952,0.113939
4,14,0.2,1000,24,0.207841,0.899804,0.708118,0.34991,0.346459,0.805209,0.20392,0.657381,0.629511,0.112545
4,15,0.2,1000,24,0.218499,0.945946,0.727609,0.348879,0.346626,0.853181,0.193857,0.658996,0.57682,0.116958
4,16,0.2,1000,24,0.215392,0.900748,0.729032,0.32995,0.359596,0.831304,0.218483,0.659104,0.591083,0.113948
4,17,0.2,1000,24,0.191851,0.896594,0.716881,0.333135,0.349386,0.896294,0.208292,0.65858,0.611426,0.115238
4,18,0.2,1000,24,0.193834,0.918165,0.730699,0.341886,0.354357,0.819114,0.197989,0.656156,0.614393,0.113068
4,19,0.2,1000,24,0.195647,0.973669,0.745051,0.348962,0.337183,0.888983,0.187864,0.65651,0.584622,0.119154
4,20,0.2,1000,24,0.178232,0.915124,0.696433,0.338869,0.343877,0.785699,0.170269,0.658651,0.605148,0.11149
5,1,0.2,1000,24,0.1869,0.909948,0.697147,0.339637,0.369849,0.907476,0.183255,0.656703,0.603594,0.093373
5,2,0.2,1000,24,0.172919,0.902784,0.676547,0.330528,0.353571,0.823407,0.160641,0.660124,0.620852,0.092274
5,3,0.2,1000,24,0.170046,0.856473,0.693975,0.345332,0.359551,0.896616,0.174245,0.658705,0.600451,0.095299
5,4,0.2,1000,24,0.189702,0.95206,0.713519,0.342197,0.364198,0.832434,0.189234,0.658571,0.617865,0.093012
5,5,0.2,1000,24,0.187194,0.908306,0.701742,0.330593,0.372868,0.839822,0.180132,0.660815,0.621736,0.092205
5,6,0.2,1000,24,0.195975,0.927336,0.734864,0.352692,0.369256,0.834455,0.185534,0.655602,0.622294,0.095314
5,7,0.2,1000,24,0.192924,0.882962,0.690235,0.336017,0.364408,0.767419,0.204081,0.659553,0.606964,0.099117
5,8,0.2,1000,24,0.209839,0.919501,0.67748,0.318797,0.380776,0.888342,0.204894,0.657309,0.614549,0.096368
5,9,0.2,1000,24,0.195195,0.907128,0.701801,0.336093,0.368949,0.818815,0.177534,0.659671,0.599312,0.097628
5,10,0.2,1000,24,0.185515,0.976018,0.68545,0.342383,0.360241,0.847977,0.17857,0.65912,0.60199,0.095458
5,11,0.2,1000,24,0.200079,0.931287,0.726203,0.338127,0.369963,0.78101,0.20031,0.657666,0.603203,0.094146
5,12,0.2,1000,24,0.207474,0.862136,0.708492,0.3394,0.353667,0.823251,0.216425,0.658319,0.586703,0.096373
5,13,0.2,1000,24,0.213179,0.885443,0.742464,0.339251,0.375742,0.880064,0.205237,0.656191,0.624189,0.092753
5,14,0.2,1000,24,0.180178,0.873998,0.673663,0.330903,0.358886,0.797687,0.178107,0.657948,0.627973,0.093221
5,15,0.2,1000,24,0.204816,0.879143,0.668497,0.333027,0.37027,0.812196,0.190247,0.65969,0.595559,0.096316
5,16,0.2,1000,24,0.174611,0.874802,0.682304,0.338367,0.367624,0.855052,0.164643,0.65797,0.631526,0.093548
5,17,0.2,1000,24,0.195999,0.911086,0.699845,0.34729,0.369815,0.825343,0.210576,0.656827,0.613594,0.093968
5,18,0.2,1000,24,0.173738,0.955497,0.732172,0.358981,0.357937,0.921082,0.187886,0.658034,0.610924,0.095056
5,19,0.2,1000,24,0.186512,0.938183,0.693404,0.338465,0.372193,0.847623,0.181572,0.656573,0.600975,0.09857
5,20,0.2,1000,24,0.180938,0.869257,0.730423,0.339349,0.360523,0.829318,0.179597,0.656949,0.615901,0.094039
6,1,0.2,1000,24,0.17388,0.888673,0.686071,0.338165,0.373202,0.858913,0.180631,0.658003,0.60612,0.080396
6,2,0.2,1000,24,0.197884,0.894965,0.704932,0.35403,0.38648,0.805195,0.193865,0.65774,0.593202,0.080476
6,3,0.2,1000,24,0.209919,0.959027,0.710801,0.331463,0.389165,0.864436,0.208131,0.658074,0.629794,0.080166
6,4,0.2,1000,24,0.188815,0.93267,0.733689,0.349454,0.383226,0.785412,0.174063,0.657835,0.624163,0.080114
6,5,0.2,1000,24,0.177295,0.92582,0.712405,0.337986,0.370702,0.86712,0.188372,0.660006,0.629782,0.082482
6,6,0.2,1000,24,0.176875,0.896715,0.707997,0.338469,0.364722,0.793864,0.178217,0.658793,0.619741,0.081695
6,7,0.2,1000,24,0.164359,0.894532,0.678513,0.341384,0.371264,0.774363,0.160979,0.657025,0.637881,0.083251
6,8,0.2,1000,24,0.195929,0.884304,0.697293,0.332325,0.392679,0.780382,0.199462,0.659965,0.618474,0.08103
6,9,0.2,1000,24,0.198701,0.922937,0.702668,0.332715,0.378808,0.78883,0.186749,0.658998,0.599868,0.082224
6,10,0.2,1000,24,0.224751,0.887484,0.684911,0.325137,0.376805,0.896206,0.201809,0.65932,0.579946,0.084646
6,11,0.2,1000,24,0.186967,0.972522,0.719146,0.332924,0.382341,0.924374,0.17545,0.654456,0.614754,0.081187
6,12,0.2,1000,24,0.165282,0.891749,0.722554,0.358047,0.380734,0.830853,0.162162,0.656588,0.601898,0.083949
6,13,0.2,1000,24,0.204781,0.888645,0.707892,0.327054,0.386434,0.81737,0.204586,0.659482,0.628823,0.082876
6,14,0.2,1000,24,0.176112,0.941611,0.692629,0.340152,0.377019,0.860307,0.170612,0.657748,0.652606,0.078736
6,15,0.2,1000,24,0.186797,0.915417,0.705852,0.345905,0.376767,0.793119,0.173563,0.657041,0.62222,0.080592
6,16,0.2,1000,24,0.208643,0.946063,0.6934,0.319476,0.381865,0.786711,0.204638,0.660863,0.607483,0.082058
6,17,0.2,1000,24,0.186016,0.913756,0.688434,0.330965,0.374254,0.785767,0.190507,0.658341,0.629851,0.079641
6,18,0.2,1000,24,0.15335,0.913899,0.70956,0.3503,0.366443,0.772983,0.155022,0.654465,0.604852,0.080908
6,19,0.2,1000,24,0.198346,0.912465,0.716887,0.352293,0.378395,0.816703,0.18782,0.658374,0.591218,0.084254
6,20,0.2,1000,24,0.167908,0.8926,0.725045,0.361397,0.371724,0.815455,0.163543,0.65728,0.609272,0.081112
7,1,0.2,1000,24,0.195621,0.891858,0.676653,0.319723,0.400181,0.820201,0.190536,0.658745,0.631577,0.072485
7,2,0.2,1000,24,0.192039,0.919416,0.684983,0.326591,0.394204,0.832849,0.177541,0.660379,0.621422,0.07116
7,3,0.2,1000,24,0.183827,0.889038,0.67538,0.326403,0.375789,0.773646,0.182995,0.658296,0.646267,0.072835
7,4,0.2,1000,24,0.197774,0.915811,0.70745,0.3283,0.38635,0.842778,0.181086,0.659512,0.619545,0.070932
7,5,0.2,1000,24,0.169598,0.908475,0.674087,0.346374,0.377838,0.855132,0.177849,0.656314,0.613023,0.073039
7,6,0.2,1000,24,0.191599,0.868224,0.697794,0.33004,0.390156,0.897892,0.188679,0.659412,0.621652,0.073615
7,7,0.2,1000,24,0.200515,0.903127,0.752696,0.343071,0.401726,0.881141,0.189829,0.660016,0.636854,0.071269
7,8,0.2,1000,24,0.175967,0.872863,0.658558,0.325408,0.394468,0.868675,0.166034,0.655808,0.636997,0.070579
7,9,0.2,1000,24,0.180449,0.955423,0.726237,0.359073,0.383089,0.889531,0.169362,0.659137,0.606357,0.070954
7,10,0.2,1000,24,0.164956,0.951421,0.675338,0.355531,0.38412,0.815478,0.15268,0.657544,0.631503,0.073784
7,11,0.2,1000,24,0.186044,0.962562,0.715595,0.33887,0.38909,0.870737,0.188612,0.656642,0.62524,0.070315
7,12,0.2,1000,24,0.193869,0.909079,0.699954,0.331277,0.385227,0.876177,0.182472,0.657653,0.605542,0.072791
7,13,0.2,1000,24,0.194384,0.911517,0.69718,0.343587,0.391094,0.801542,0.192895,0.658173,0.622607,0.072598
7,14,0.2,1000,24,0.166434,0.935608,0.695653,0.354777,0.393337,0.804367,0.153632,0.654784,0.646796,0.069684
7,15,0.2,1000,24,0.210627,0.89126,0.703841,0.322798,0.386445,0.780418,0.206874,0.659976,0.611353,0.075609
7,16,0.2,1000,24,0.203236,0.986617,0.708741,0.340928,0.388621,0.81576,0.196379,0.658776,0.624858,0.07079
7,17,0.2,1000,24,0.164191,0.898058,0.702157,0.3437,0.38294,0.804896,0.168509,0.656148,0.645478,0.071908
7,18,0.2,1000,24,0.198626,0.894961,0.672737,0.323583,0.380223,0.814474,0.204133,0.65986,0.649264,0.06958
7,19,0.2,1000,24,0.208118,0.91026,0.70838,0.333351,0.394649,0.89127,0.200826,0.659119,0.613497,0.074426
7,20,0.2,1000,24,0.190329,0.956349,0.722009,0.340914,0.382754,0.915407,0.179672,0.65911,0.641573,0.071674
8,1,0.2,1000,24,0.19596,0.899446,0.721185,0.338648,0.401496,0.843149,0.198614,0.659775,0.629873,0.063489
8,2,0.2,1000,24,0.19889,0.903826,0.711122,0.330674,0.390977,0.826902,0.18806,0.659708,0.644047,0.062046
8,3,0.2,1000,24,0.200364,0.903894,0.699822,0.337508,0.401297,0.872637,0.194523,0.656956,0.643067,0.065193
8,4,0.2,1000,24,0.193574,0.946001,0.694602,0.329632,0.393087,0.892221,0.199221,0.659114,0.634346,0.06662
8,5,0.2,1000,24,0.190761,0.919317,0.685181,0.326229,0.400313,0.852169,0.189215,0.659771,0.63665,0.064498
8,6,0.2,1000,24,0.183132,0.861017,0.68536,0.326468,0.393784,0.810505,0.175294,0.659672,0.628963,0.066305
8,7,0.2,1000,24,0.162537,0.870479,0.699074,0.343184,0.38355,0.800438,0.153409,0.659806,0.64406,0.06577
8,8,0.2,1000,24,0.149813,0.895002,0.690493,0.353622,0.383849,0.876313,0.141071,0.658375,0.654624,0.063251
8,9,0.2,1000,24,0.180875,0.870352,0.705613,0.344363,0.383169,0.812093,0.171732,0.659119,0.629544,0.063946
8,10,0.2,1000,24,0.18477,0.910245,0.693002,0.347404,0.377914,0.828653,0.171624,0.658963,0.626808,0.064875
8,11,0.2,1000,24,0.200369,0.845802,0.714659,0.335643,0.401342,0.826983,0.196307,0.658991,0.629031,0.065583
8,12,0.2,1000,24,0.192055,0.892291,0.725849,0.34123,0.401478,0.867781,0.178947,0.660018,0.651669,0.064631
8,13,0.2,1000,24,0.181385,0.924968,0.706911,0.345359,0.402965,0.852762,0.179148,0.65858,0.634574,0.064554
8,14,0.2,1000,24,0.188698,0.882946,0.680076,0.33529,0.393616,0.855642,0.181834,0.657359,0.650121,0.062049
8,15,0.2,1000,24,0.221389,0.925242,0.704914,0.34142,0.405171,0.859949,0.221133,0.658024,0.625108,0.06769
8,16,0.2,1000,24,0.174998,0.972846,0.671553,0.334038,0.386244,0.714386,0.169184,0.659838,0.644913,0.062068
8,17,0.2,1000,24,0.168158,0.887934,0.684664,0.341638,0.404022,0.859467,0.171327,0.656625,0.647058,0.065851
8,18,0.2,1000,24,0.192788,0.877252,0.725203,0.355406,0.400726,0.759598,0.188637,0.65663,0.648051,0.061665
8,19,0.2,1000,24,0.227206,0.941271,0.691533,0.327784,0.407153,0.835586,0.22216,0.657742,0.625403,0.067015
8,20,0.2,1000,24,0.17393,0.862552,0.69816,0.331764,0.385569,0.92203,0.177617,0.660253,0.634283,0.065174
9,1,0.2,1000,24,0.162433,0.872947,0.675535,0.34954,0.391214,0.892237,0.151976,0.657467,0.654768,0.058323
9,2,0.2,1000,24,0.166139,0.924335,0.69014,0.343822,0.405637,0.885087,0.165959,0.656058,0.649675,0.057467
9,3,0.2,1000,24,0.168501,0.917184,0.684536,0.339001,0.397722,0.883063,0.163033,0.65886,0.6453,0.059121
9,4,0.2,1000,24,0.179136,0.969322,0.727076,0.341691,0.401073,0.858418,0.176667,0.658932,0.636341,0.059795
9,5,0.2,1000,24,0.14898,0.901261,0.670112,0.36334,0.395395,0.837011,0.136284,0.657285,0.649234,0.058399
9,6,0.2,1000,24,0.198726,0.884198,0.724774,0.341461,0.392215,0.833575,0.185959,0.658238,0.629131,0.060685
9,7,0.2,1000,24,0.187585,0.86746,0.678826,0.347543,0.399834,0.872512,0.175418,0.658749,0.657379,0.060319
9,8,0.2,1000,24,0.190922,0.878086,0.684258,0.337332,0.388566,0.844693,0.190927,0.656097,0.66441,0.058186
9,9,0.2,1000,24,0.168516,0.908999,0.697966,0.348894,0.388488,0.841326,0.168953,0.656622,0.651519,0.056643
9,10,0.2,1000,24,0.16371,0.921718,0.71093,0.346317,0.384194,0.836989,0.143277,0.66004,0.646999,0.059763
9,11,0.2,1000,24,0.201632,0.909184,0.699863,0.336099,0.407287,0.862451,0.19713,0.661289,0.618562,0.058883
9,12,0.2,1000,24,0.18346,0.868285,0.672229,0.335242,0.39387,0.899497,0.172956,0.658637,0.645483,0.059479
9,13,0.2,1000,24,0.182534,0.932761,0.714399,0.344055,0.389154,0.793046,0.174758,0.657235,0.656139,0.059847
9,14,0.2,1000,24,0.167186,0.918519,0.668982,0.336756,0.393229,0.865026,0.155509,0.656356,0.661695,0.058603
9,15,0.2,1000,24,0.212202,0.910214,0.70198,0.332107,0.405673,0.805034,0.199688,0.657652,0.633526,0.063197
9,16,0.2,1000,24,0.202536,0.9009,0.691928,0.33704,0.411501,0.786346,0.20268,0.661247,0.643048,0.056843
9,17,0.2,1000,24,0.204636,0.88457,0.710938,0.340139,0.412911,0.853886,0.203206,0.65773,0.660992,0.059759
9,18,0.2,1000,24,0.183749,0.87095,0.718298,0.349079,0.39407,0.909572,0.183557,0.657295,0.663321,0.056582
9,19,0.2,1000,24,0.209609,0.905887,0.7166,0.328984,0.404498,0.841758,0.210728,0.656831,0.619865,0.063146
9,20,0.2,1000,24,0.172373,0.895314,0.666441,0.339294,0.400606,0.800509,0.164482,0.658755,0.653554,0.056719
10,1,0.2,1000,24,0.189824,0.923655,0.693318,0.335879,0.405278,0.887703,0.194672,0.657493,0.668052,0.054821
10,2,0.2,1000,24,0.187824,0.889585,0.669946,0.324263,0.408244,0.837845,0.188737,0.659954,0.661032,0.052582
10,3,0.2,1000,24,0.182879,0.903018,0.681935,0.335998,0.397596,0.846692,0.186213,0.657741,0.664003,0.054678
10,4,0.2,1000,24,0.18185,0.883342,0.71512,0.357399,0.40747,0.895814,0.174219,0.658431,0.643734,0.057841
10,5,0.2,1000,24,0.172787,0.880698,0.719541,0.341978,0.403604,0.800869,0.171462,0.659393,0.654985,0.0559
10,6,0.2,1000,24,0.194579,0.88065,0.689836,0.342965,0.3993,0.856241,0.178895,0.658282,0.640238,0.056793
10,7,0.2,1000,24,0.201484,0.928352,0.70233,0.341745,0.420226,0.87708,0.193032,0.656778,0.656476,0.054236
10,8,0.2,1000,24,0.183004,0.861591,0.696936,0.353358,0.400416,0.864381,0.16963,0.659687,0.664088,0.052127
10,9,0.2,1000,24,0.184564,0.923322,0.699828,0.344157,0.398862,0.873297,0.183618,0.659642,0.649385,0.053301
10,10,0.2,1000,24,0.199614,0.932252,0.702919,0.335005,0.394953,0.910282,0.174019,0.658087,0.632321,0.05749
10,11,0.2,1000,24,0.175294,0.961884,0.695977,0.332845,0.407376,0.852936,0.16884,0.659658,0.668541,0.053689
10,12,0.2,1000,24,0.204893,0.905423,0.698493,0.345404,0.408118,0.879764,0.195595,0.655609,0.639669,0.055213
10,13,0.2,1000,24,0.200455,0.87347,0.714287,0.345924,0.41196,0.856016,0.193939,0.659012,0.664147,0.055637
10,14,0.2,1000,24,0.182016,0.907796,0.711528,0.323899,0.395319,0.880478,0.178285,0.656889,0.675724,0.053645
10,15,0.2,1000,24,0.191467,0.941553,0.70777,0.343222,0.407881,0.828375,0.192203,0.658629,0.64861,0.055168
10,16,0.2,1000,24,0.194649,0.86233,0.708733,0.343275,0.416403,0.847335,0.183166,0.659323,0.644594,0.053144
10,17,0.2,1000,24,0.160108,0.883105,0.642838,0.333006,0.403273,0.863459,0.155548,0.659199,0.671252,0.052704
10,18,0.2,1000,24,0.180372,0.876537,0.69238,0.337783,0.411949,0.868872,0.181773,0.658111,0.650502,0.05244
10,19,0.2,1000,24,0.198479,0.913313,0.714802,0.340945,0.416992,0.870977,0.179403,0.659963,0.627066,0.058012
10,20,0.2,1000,24,0.152226,0.950707,0.691339,0.355077,0.393028,0.825695,0.142585,0.659909,0.668804,0.053972
11,1,0.2,1000,24,0.165457,0.924331,0.679126,0.329742,0.39715,0.835783,0.154928,0.656597,0.670459,0.049255
11,2,0.2,1000,24,0.168685,0.91134,0.681079,0.337017,0.402485,0.825876,0.170431,0.660159,0.673825,0.050333
11,3,0.2,1000,24,0.176055,0.929885,0.687184,0.333638,0.393987,0.814577,0.172467,0.655975,0.654537,0.052848
11,4,0.2,1000,24,0.177897,0.91653,0.680573,0.344867,0.408325,0.773706,0.169799,0.657645,0.639819,0.058062
11,5,0.2,1000,24,0.18176,0.880307,0.723042,0.346669,0.406464,0.772906,0.167249,0.65836,0.664508,0.052459
11,6,0.2,1000,24,0.18707,0.967451,0.667167,0.328586,0.409995,0.887502,0.169061,0.659071,0.659858,0.051782
11,7,0.2,1000,24,0.179963,0.921125,0.710998,0.330193,0.39731,0.832895,0.171378,0.656564,0.659531,0.050114
11,8,0.2,1000,24,0.17915,0.922961,0.706844,0.350912,0.398289,0.833193,0.178857,0.659724,0.665457,0.05095
11,9,0.2,1000,24,0.154583,0.944006,0.722843,0.339229,0.393089,0.907852,0.148875,0.660767,0.663548,0.050114
11,10,0.2,1000,24,0.193117,0.92922,0.721463,0.343349,0.391729,0.901897,0.166028,0.657101,0.655441,0.052594
11,11,0.2,1000,24,0.181035,0.8944,0.713632,0.346885,0.404494,0.812566,0.169869,0.656825,0.663039,0.051622
11,12,0.2,1000,24,0.17737,0.867787,0.723012,0.349251,0.412622,0.847932,0.173325,0.657605,0.66138,0.051862
11,13,0.2,1000,24,0.196648,0.963,0.675519,0.334535,0.409193,0.837442,0.190752,0.658257,0.646914,0.053445
11,14,0.2,1000,24,0.241962,0.89428,0.739658,0.328371,0.390342,0.819848,0.227786,0.657453,0.640831,0.052111
11,15,0.2,1000,24,0.1845,0.894175,0.695952,0.337966,0.413605,0.804688,0.174925,0.657958,0.668241,0.052244
11,16,0.2,1000,24,0.17172,0.951883,0.675152,0.344502,0.404282,0.833278,0.16321,0.659629,0.681804,0.048145
11,17,0.2,1000,24,0.18588,0.87821,0.678373,0.337822,0.408884,0.947687,0.179411,0.661998,0.670859,0.051354
11,18,0.2,1000,24,0.174925,0.876164,0.707182,0.342499,0.400982,0.829794,0.174749,0.657122,0.664062,0.050917
11,19,0.2,1000,24,0.215346,0.955994,0.764493,0.3393,0.411181,0.87703,0.210492,0.659137,0.656095,0.053012
11,20,0.2,1000,24,0.170128,0.86456,0.664721,0.327696,0.401019,0.775188,0.169001,0.658502,0.681049,0.05006
12,1,0.2,1000,24,0.205357,0.851819,0.698153,0.333752,0.407172,0.801089,0.201101,0.657638,0.654425,0.046867
12,2,0.2,1000,24,0.19994,0.898256,0.732867,0.346546,0.415656,0.837057,0.19471,0.66125,0.66492,0.046378
12,3,0.2,1000,24,0.167065,0.869932,0.683887,0.364934,0.395585,0.913376,0.168595,0.658371,0.666839,0.050809
12,4,0.2,1000,24,0.177639,0.91035,0.686973,0.344315,0.416381,0.84064,0.179512,0.65756,0.661745,0.050925
12,5,0.2,1000,24,0.151817,0.892779,0.681822,0.349347,0.410974,0.839777,0.145516,0.659412,0.682349,0.049058
12,6,0.2,1000,24,0.188523,0.898593,0.664864,0.327517,0.396283,0.849961,0.182197,0.659463,0.651707,0.048194
12,7,0.2,1000,24,0.201473,0.958172,0.713629,0.333183,0.408026,0.824849,0.193143,0.659686,0.663936,0.047797
12,8,0.2,1000,24,0.170878,0.918826,0.687851,0.348233,0.404163,0.854559,0.165328,0.655844,0.660548,0.05041
12,9,0.2,1000,24,0.185674,0.957646,0.74999,0.362945,0.412891,0.806004,0.179242,0.658674,0.659811,0.047857
12,10,0.2,1000,24,0.181612,0.890116,0.675938,0.340623,0.388455,0.857229,0.161625,0.660689,0.663411,0.05087
12,11,0.2,1000,24,0.176514,0.918694,0.710496,0.337181,0.413146,0.911546,0.172163,0.657146,0.672719,0.046306
12,12,0.2,1000,24,0.177536,0.906851,0.687208,0.338028,0.403709,0.87184,0.179498,0.657537,0.675807,0.048437
12,13,0.2,1000,24,0.212025,0.868751,0.685686,0.313755,0.412064,0.880291,0.214581,0.658332,0.668976,0.051326
12,14,0.2,1000,24,0.185374,0.878593,0.694536,0.332745,0.40395,0.899429,0.178765,0.658487,0.670609,0.050151
12,15,0.2,1000,24,0.167863,0.921611,0.66835,0.338126,0.422071,0.897493,0.162973,0.657111,0.681517,0.04678
12,16,0.2,1000,24,0.198725,0.953122,0.69714,0.344639,0.412848,0.907804,0.186769,0.659006,0.666575,0.047377
12,17,0.2,1000,24,0.127393,0.944276,0.668062,0.35197,0.399661,0.794158,0.13566,0.658653,0.684679,0.050416
12,18,0.2,1000,24,0.181044,0.922972,0.697185,0.34899,0.404271,0.859676,0.176837,0.658508,0.680708,0.047668
12,19,0.2,1000,24,0.220657,0.857781,0.700608,0.326411,0.410234,0.77441,0.215872,0.658236,0.665924,0.049948
12,20,0.2,1000,24,0.18638,0.950077,0.706361,0.334591,0.40175,0.826436,0.184751,0.658431,0.664903,0.047394
3,1,0.3,1000,24,0.197679,0.912813,0.727322,0.350918,0.307574,0.745598,0.1983,0.655431,0.555315,0.21436
3,2,0.3,1000,24,0.196899,0.881166,0.691044,0.331254,0.306905,0.699999,0.180276,0.662528,0.572294,0.214465
3,3,0.3,1000,24,0.189284,0.899787,0.701059,0.33877,0.309783,0.870178,0.197746,0.658399,0.582011,0.215953
3,4,0.3,1000,24,0.17834,0.924867,0.690545,0.337358,0.319705,0.875247,0.187028,0.65635,0.569952,0.216929
3,5,0.3,1000,24,0.16592,0.944975,0.712324,0.343931,0.311917,0.870982,0.159904,0.656868,0.58676,0.21033
3,6,0.3,1000,24,0.195262,0.919285,0.717439,0.328785,0.306122,0.765611,0.20466,0.660297,0.580667,0.213176
3,7,0.3,1000,24,0.196697,0.85986,0.720945,0.338275,0.3161,0.792899,0.180407,0.657806,0.555758,0.219786
3,8,0.3,1000,24,0.190379,0.916557,0.688438,0.330449,0.316237,0.793564,0.190595,0.659768,0.576289,0.217615
3,9,0.3,1000,24,0.195988,0.925618,0.722784,0.353108,0.310842,0.771771,0.179122,0.658578,0.560045,0.215095
3,10,0.3,1000,24,0.166959,0.890588,0.680053,0.35421,0.311071,0.810825,0.163954,0.656245,0.565458,0.215039
3,11,0.3,1000,24,0.186189,0.866227,0.708703,0.342993,0.317036,0.714027,0.204227,0.658039,0.577687,0.218203
3,12,0.3,1000,24,0.200584,0.946267,0.69341,0.33169,0.325667,0.788591,0.185622,0.657236,0.569568,0.216365
3,13,0.3,1000,24,0.173091,0.886769,0.694055,0.342969,0.308883,0.867548,0.152777,0.65671,0.590025,0.210608
3,14,0.3,1000,24,0.206265,0.914381,0.713687,0.339147,0.318082,0.85754,0.192493,0.657484,0.584896,0.210365
3,15,0.3,1000,24,0.207201,0.890639,0.727796,0.32801,0.301372,0.780457,0.194948,0.658117,0.59191,0.215697
3,16,0.3,1000,24,0.181478,0.886294,0.726099,0.338076,0.31475,0.823779,0.182802,0.657127,0.576232,0.216906
3,17,0.3,1000,24,0.187978,0.913144,0.694672,0.336022,0.313587,0.818912,0.187144,0.658244,0.604819,0.210607
3,18,0.3,1000,24,0.176045,0.950662,0.706648,0.352263,0.302248,0.793987,0.157235,0.657982,0.581125,0.208404
3,19,0.3,1000,24,0.18869,0.913567,0.690349,0.329529,0.322457,0.777599,0.18358,0.658128,0.580283,0.212952
3,20,0.3,1000,24,0.173229,0.933237,0.677502,0.326326,0.307627,0.763776,0.175394,0.658585,0.583529,0.220154
4,1,0.3,1000,24,0.166992,0.883428,0.688234,0.333878,0.335436,0.792886,0.17171,0.658187,0.586699,0.164636
4,2,0.3,1000,24,0.191695,0.896426,0.680292,0.324832,0.349573,0.841826,0.195006,0.65764,0.573289,0.169168
4,3,0.3,1000,24,0.173065,0.883324,0.671089,0.333423,0.33785,0.804241,0.183996,0.65758,0.585631,0.166301
4,4,0.3,1000,24,0.182884,0.88594,0.700852,0.334731,0.344143,0.76963,0.164875,0.657656,0.586963,0.163193
4,5,0.3,1000,24,0.176531,0.938246,0.692093,0.343067,0.342493,0.799581,0.190316,0.656605,0.591322,0.166596
4,6,0.3,1000,24,0.164779,0.794766,0.682987,0.344306,0.348366,0.799339,0.167172,0.658585,0.588766,0.167351
4,7,0.3,1000,24,0.168766,0.928834,0.694287,0.337113,0.341899,0.816693,0.170085,0.65673,0.583402,0.16863
4,8,0.3,1000,24,0.216843,0.862759,0.671169,0.312572,0.349081,0.824489,0.203469,0.658181,0.554915,0.169316
4,9,0.3,1000,24,0.191937,0.887628,0.702634,0.331243,0.337821,0.798564,0.181144,0.662342,0.55443,0.167187
4,10,0.3,1000,24,0.180201,0.878124,0.701171,0.343388,0.329266,0.862092,0.178576,0.659956,0.550429,0.169315
4,11,0.3,1000,24,0.160701,0.867784,0.660784,0.334809,0.352535,0.846342,0.152209,0.659534,0.591209,0.164859
4,12,0.3,1000,24,0.206875,0.940927,0.696124,0.331508,0.351728,0.842874,0.195413,0.657218,0.572537,0.16723
4,13,0.3,1000,24,0.202119,0.883632,0.701764,0.339322,0.348834,0.819788,0.193854,0.658037,0.585815,0.165432
4,14,0.3,1000,24,0.205283,0.883121,0.712604,0.347442,0.34515,0.775776,0.20115,0.656961,0.613295,0.163739
4,15,0.3,1000,24,0.215446,0.929565,0.724889,0.351981,0.345513,0.896622,0.192498,0.658679,0.556968,0.170733
4,16,0.3,1000,24,0.216501,0.923965,0.730216,0.328818,0.35884,0.825219,0.218409,0.659102,0.566955,0.165681
4,17,0.3,1000,24,0.189787,0.878964,0.722889,0.334084,0.348517,0.887115,0.204893,0.658548,0.594553,0.167285
4,18,0.3,1000,24,0.193531,0.936424,0.719807,0.342423,0.353471,0.824132,0.196817,0.656594,0.593912,0.164189
4,19,0.3,1000,24,0.193856,0.963938,0.73173,0.34589,0.336198,0.883454,0.185053,0.656763,0.563196,0.173117
4,20,0.3,1000,24,0.175595,0.920285,0.706573,0.340684,0.342618,0.775712,0.167846,0.658681,0.584035,0.161917
5,1,0.3,1000,24,0.183628,0.900869,0.698473,0.337029,0.368993,0.897165,0.179052,0.656933,0.577626,0.135032
5,2,0.3,1000,24,0.172898,0.906124,0.671688,0.333433,0.352862,0.846178,0.160394,0.65984,0.596129,0.133768
5,3,0.3,1000,24,0.172684,0.871418,0.70325,0.342017,0.35971,0.892006,0.177493,0.659123,0.573161,0.138382
5,4,0.3,1000,24,0.187398,0.95786,0.708833,0.341502,0.364103,0.834742,0.186994,0.658698,0.593077,0.134788
5,5,0.3,1000,24,0.192219,0.903576,0.697434,0.334557,0.373513,0.828552,0.184188,0.660941,0.593511,0.133432
5,6,0.3,1000,24,0.191421,0.918323,0.727438,0.354906,0.368665,0.818001,0.181498,0.656115,0.599143,0.138598
5,7,0.3,1000,24,0.190005,0.896475,0.694945,0.337899,0.363062,0.802891,0.200446,0.659278,0.583633,0.143628
5,8,0.3,1000,24,0.212255,0.933085,0.686111,0.319376,0.381105,0.890724,0.207807,0.657097,0.587467,0.139843
5,9,0.3,1000,24,0.194009,0.925851,0.701258,0.340373,0.369317,0.834254,0.174411,0.659508,0.569273,0.141551
5,10,0.3,1000,24,0.185468,0.967914,0.689062,0.346837,0.359866,0.859176,0.177662,0.659132,0.573958,0.138226
5,11,0.3,1000,24,0.201306,0.90185,0.719116,0.337677,0.368858,0.794269,0.200466,0.657535,0.576503,0.136572
5,12,0.3,1000,24,0.206949,0.849402,0.726873,0.342041,0.352904,0.847437,0.216975,0.658785,0.562805,0.140039
5,13,0.3,1000,24,0.21176,0.937265,0.748154,0.338456,0.375394,0.855101,0.203255,0.656691,0.604206,0.134255
5,14,0.3,1000,24,0.179848,0.895175,0.683123,0.329608,0.359622,0.823675,0.17864,0.657176,0.600668,0.135202
5,15,0.3,1000,24,0.205346,0.88818,0.66849,0.331878,0.369543,0.874057,0.188895,0.659439,0.57115,0.139928
5,16,0.3,1000,24,0.175658,0.861975,0.69254,0.338953,0.367659,0.85152,0.166715,0.657531,0.6052,0.135775
5,17,0.3,1000,24,0.194987,0.909785,0.710138,0.343648,0.368731,0.856302,0.209976,0.656784,0.590232,0.136315
5,18,0.3,1000,24,0.174313,0.948451,0.724986,0.358042,0.356082,0.875105,0.189858,0.657866,0.586189,0.138057
5,19,0.3,1000,24,0.18569,0.921471,0.700288,0.338086,0.37317,0.884734,0.182111,0.656586,0.572157,0.14318
5,20,0.3,1000,24,0.18008,0.888226,0.71784,0.337973,0.358314,0.852209,0.178317,0.657144,0.590066,0.136192
6,1,0.3,1000,24,0.176813,0.884183,0.685279,0.335952,0.373373,0.809709,0.183137,0.658269,0.572177,0.116263
6,2,0.3,1000,24,0.196637,0.923133,0.694587,0.352032,0.384123,0.843394,0.190903,0.657775,0.564163,0.116771
6,3,0.3,1000,24,0.211882,0.941191,0.71032,0.329157,0.389747,0.853604,0.210698,0.658305,0.600053,0.115404
6,4,0.3,1000,24,0.188647,0.914978,0.737715,0.349012,0.381542,0.841771,0.174208,0.657932,0.593596,0.115676
6,5,0.3,1000,24,0.176002,0.906835,0.710376,0.335261,0.370093,0.83441,0.187052,0.660497,0.602037,0.119297
6,6,0.3,1000,24,0.173179,0.905058,0.702299,0.340232,0.363345,0.788967,0.173294,0.658676,0.59016,0.11792
6,7,0.3,1000,24,0.162029,0.897075,0.663941,0.340659,0.369173,0.787865,0.159263,0.656801,0.61146,0.120246
6,8,0.3,1000,24,0.193819,0.878963,0.690848,0.331205,0.391107,0.806694,0.195362,0.659664,0.592209,0.116665
6,9,0.3,1000,24,0.198934,0.944201,0.711841,0.334278,0.377246,0.779682,0.186987,0.658947,0.57236,0.119174
6,10,0.3,1000,24,0.220114,0.912763,0.685347,0.323294,0.373764,0.8999,0.196125,0.659164,0.545087,0.122384
6,11,0.3,1000,24,0.188752,0.948522,0.717091,0.333611,0.382766,0.936463,0.181037,0.655014,0.586199,0.117528
6,12,0.3,1000,24,0.163481,0.884562,0.715758,0.361536,0.380296,0.864401,0.160785,0.656719,0.572548,0.121585
6,13,0.3,1000,24,0.204371,0.879499,0.695328,0.325764,0.385796,0.798232,0.204185,0.659859,0.599596,0.119472
6,14,0.3,1000,24,0.175478,0.951274,0.695951,0.343,0.377185,0.863963,0.170822,0.657647,0.622231,0.113503
6,15,0.3,1000,24,0.186778,0.919823,0.699907,0.346256,0.375842,0.818511,0.172683,0.657092,0.593248,0.116404
6,16,0.3,1000,24,0.204265,0.953055,0.685946,0.31727,0.380344,0.799458,0.199719,0.661153,0.579192,0.119025
6,17,0.3,1000,24,0.186761,0.886954,0.697556,0.331687,0.373187,0.770806,0.190873,0.658969,0.603413,0.115316
6,18,0.3,1000,24,0.152177,0.938287,0.708118,0.35428,0.36406,0.812766,0.154405,0.653982,0.578696,0.117188
6,19,0.3,1000,24,0.200678,0.935299,0.711159,0.353307,0.377399,0.840644,0.190286,0.658083,0.554017,0.121947
6,20,0.3,1000,24,0.168245,0.884382,0.712424,0.360814,0.371327,0.80147,0.163314,0.657701,0.578682,0.11723
7,1,0.3,1000,24,0.192334,0.912373,0.676578,0.318735,0.399568,0.835399,0.187757,0.658357,0.597241,0.104059
7,2,0.3,1000,24,0.18929,0.925983,0.699924,0.331652,0.393498,0.809807,0.173774,0.660005,0.586285,0.102575
7,3,0.3,1000,24,0.182518,0.927465,0.676073,0.328227,0.37412,0.764686,0.181567,0.658477,0.615393,0.104801
7,4,0.3,1000,24,0.19228,0.906246,0.68837,0.326261,0.382075,0.810188,0.176501,0.660015,0.587671,0.102189
7,5,0.3,1000,24,0.164522,0.859672,0.693795,0.348748,0.376723,0.826978,0.173155,0.6562,0.579713,0.105018
7,6,0.3,1000,24,0.191452,0.87573,0.695448,0.329668,0.387901,0.923965,0.187081,0.659946,0.590174,0.106166
7,7,0.3,1000,24,0.196229,0.906238,0.740217,0.343964,0.400995,0.843841,0.183992,0.659967,0.603203,0.102428
7,8,0.3,1000,24,0.179406,0.883029,0.678608,0.323008,0.393494,0.906433,0.16996,0.655589,0.604137,0.101575
7,9,0.3,1000,24,0.17907,0.956458,0.711714,0.356853,0.38102,0.831601,0.166075,0.659089,0.57599,0.102399
7,10,0.3,1000,24,0.167039,0.941732,0.689427,0.352348,0.383689,0.813975,0.153813,0.657229,0.596305,0.106246
7,11,0.3,1000,24,0.185522,0.951285,0.694315,0.339246,0.386695,0.839786,0.187644,0.656514,0.594615,0.101183
7,12,0.3,1000,24,0.194542,0.89583,0.700579,0.33269,0.38369,0.835967,0.185327,0.657873,0.57068,0.105184
7,13,0.3,1000,24,0.18952,0.879051,0.68694,0.341528,0.391431,0.777206,0.187315,0.658849,0.588622,0.104407
7,14,0.3,1000,24,0.161839,0.918131,0.712069,0.356515,0.391641,0.807096,0.148989,0.65481,0.61932,0.100606
7,15,0.3,1000,24,0.204276,0.910641,0.699664,0.322317,0.386408,0.813915,0.199637,0.659761,0.573103,0.108362
7,16,0.3,1000,24,0.206709,0.981068,0.696339,0.340772,0.388375,0.809108,0.199235,0.658766,0.588388,0.101769
7,17,0.3,1000,24,0.163096,0.914754,0.695662,0.345483,0.38202,0.774174,0.167189,0.656194,0.614653,0.103034
7,18,0.3,1000,24,0.196465,0.91311,0.674199,0.319715,0.3775,0.808364,0.202514,0.659942,0.623992,0.100329
7,19,0.3,1000,24,0.207181,0.872234,0.696958,0.333354,0.394568,0.896736,0.199018,0.659548,0.574147,0.106997
7,20,0.3,1000,24,0.196949,0.943742,0.732558,0.33666,0.382017,0.927168,0.18668,0.658907,0.609036,0.10305
8,1,0.3,1000,24,0.192796,0.935221,0.71361,0.336935,0.398293,0.841832,0.19399,0.659688,0.596048,0.090845
8,2,0.3,1000,24,0.196827,0.923612,0.703488,0.325258,0.389071,0.797027,0.185991,0.659524,0.607805,0.088731
8,3,0.3,1000,24,0.199465,0.906434,0.701587,0.336098,0.399318,0.895178,0.193853,0.656459,0.605842,0.093094
8,4,0.3,1000,24,0.191143,0.943349,0.695365,0.328268,0.392875,0.859007,0.196394,0.658973,0.594789,0.095314
8,5,0.3,1000,24,0.192109,0.920292,0.695777,0.327887,0.399763,0.862299,0.189408,0.659459,0.601971,0.092667
8,6,0.3,1000,24,0.178417,0.861719,0.687594,0.325347,0.392791,0.858173,0.169366,0.659134,0.590836,0.09553
8,7,0.3,1000,24,0.164598,0.892333,0.687295,0.341287,0.38119,0.776973,0.154896,0.658815,0.608007,0.094304
8,8,0.3,1000,24,0.147289,0.898217,0.676866,0.355609,0.381639,0.916282,0.139239,0.657755,0.624186,0.0906
8,9,0.3,1000,24,0.183912,0.905574,0.701328,0.340924,0.381785,0.770613,0.173579,0.658791,0.594202,0.091711
8,10,0.3,1000,24,0.190319,0.928598,0.716602,0.346815,0.377113,0.784265,0.17535,0.657836,0.586952,0.092768
8,11,0.3,1000,24,0.200941,0.896875,0.700821,0.336023,0.401646,0.805953,0.196818,0.659146,0.591734,0.094236
8,12,0.3,1000,24,0.19291,0.914186,0.713981,0.339402,0.397634,0.811749,0.18102,0.659674,0.618101,0.092929
8,13,0.3,1000,24,0.178731,0.923009,0.706596,0.347235,0.402527,0.817749,0.17675,0.658787,0.601243,0.09248
8,14,0.3,1000,24,0.190575,0.857455,0.678112,0.333208,0.393051,0.854282,0.184588,0.656734,0.61283,0.089193
8,15,0.3,1000,24,0.220161,0.928667,0.71527,0.342745,0.405185,0.860405,0.218344,0.658641,0.586574,0.097456
8,16,0.3,1000,24,0.17164,0.954482,0.677899,0.332227,0.386215,0.784379,0.16429,0.659938,0.606534,0.089118
8,17,0.3,1000,24,0.166504,0.873812,0.672924,0.341963,0.402871,0.849447,0.170126,0.656811,0.614914,0.094367
8,18,0.3,1000,24,0.191226,0.891512,0.723524,0.353545,0.398872,0.789676,0.188714,0.656878,0.612482,0.088467
8,19,0.3,1000,24,0.225229,0.941027,0.691029,0.328031,0.409869,0.861348,0.220604,0.657561,0.58077,0.096208
8,20,0.3,1000,24,0.172426,0.864789,0.697774,0.335573,0.385216,0.878095,0.1762,0.659887,0.599342,0.093397
9,1,0.3,1000,24,0.163947,0.878516,0.690378,0.350907,0.389488,0.867892,0.152086,0.657838,0.618979,0.083427
9,2,0.3,1000,24,0.168237,0.907794,0.700611,0.342023,0.405076,0.890751,0.165437,0.657091,0.606633,0.082113
9,3,0.3,1000,24,0.166772,0.898657,0.684692,0.340324,0.395894,0.873133,0.159186,0.658853,0.606471,0.084523
9,4,0.3,1000,24,0.176331,0.971991,0.727498,0.343801,0.398706,0.829726,0.173038,0.658551,0.60033,0.085898
9,5,0.3,1000,24,0.149557,0.914903,0.675209,0.364458,0.395258,0.858206,0.137222,0.657226,0.613743,0.083698
9,6,0.3,1000,24,0.194015,0.922831,0.733061,0.345971,0.391027,0.845302,0.182013,0.657823,0.591084,0.087036
9,7,0.3,1000,24,0.187841,0.854558,0.684138,0.347056,0.397649,0.883915,0.17791,0.65946,0.619971,0.086497
9,8,0.3,1000,24,0.193621,0.877735,0.686889,0.333943,0.38722,0.862861,0.193385,0.656393,0.62453,0.082851
9,9,0.3,1000,24,0.166525,0.912062,0.694765,0.344224,0.386224,0.831055,0.166143,0.656327,0.614269,0.080612
9,10,0.3,1000,24,0.167355,0.923023,0.733845,0.346911,0.380599,0.846708,0.144545,0.659586,0.60447,0.085155
9,11,0.3,1000,24,0.201809,0.923696,0.698186,0.334493,0.404303,0.84031,0.199342,0.661407,0.581431,0.084488
9,12,0.3,1000,24,0.186217,0.878994,0.693651,0.336403,0.392902,0.913409,0.175681,0.658172,0.60781,0.08522
9,13,0.3,1000,24,0.180955,0.94869,0.715094,0.343809,0.388354,0.813411,0.172117,0.656902,0.620014,0.085507
9,14,0.3,1000,24,0.168859,0.91481,0.666245,0.334691,0.394387,0.847537,0.155619,0.656752,0.622938,0.08349
9,15,0.3,1000,24,0.210361,0.894045,0.699068,0.333176,0.404568,0.788831,0.195699,0.65746,0.597125,0.090411
9,16,0.3,1000,24,0.205034,0.917502,0.69688,0.333941,0.409991,0.775173,0.203401,0.660888,0.600429,0.080775
9,17,0.3,1000,24,0.205119,0.913192,0.694961,0.336995,0.412518,0.847907,0.204624,0.657838,0.624842,0.085344
9,18,0.3,1000,24,0.18581,0.874459,0.71467,0.352007,0.391423,0.937912,0.185515,0.657089,0.627905,0.080771
9,19,0.3,1000,24,0.210201,0.924733,0.72583,0.335783,0.40418,0.824305,0.213417,0.656096,0.574995,0.090651
9,20,0.3,1000,24,0.17419,0.92901,0.657113,0.338305,0.399897,0.800451,0.165323,0.658568,0.611681,0.080612
10,1,0.3,1000,24,0.188341,0.941003,0.717746,0.339348,0.405181,0.886848,0.192275,0.657073,0.627636,0.078057
10,2,0.3,1000,24,0.195265,0.882222,0.678392,0.32041,0.408109,0.871168,0.195276,0.659311,0.617955,0.074934
10,3,0.3,1000,24,0.178806,0.895622,0.669541,0.338811,0.395551,0.817519,0.181931,0.657359,0.622759,0.077808
10,4,0.3,1000,24,0.177394,0.854854,0.727247,0.356348,0.405647,0.889398,0.169166,0.658245,0.601382,0.082868
10,5,0.3,1000,24,0.16752,0.909663,0.691205,0.339147,0.401124,0.807734,0.165057,0.65963,0.615656,0.07978
10,6,0.3,1000,24,0.200509,0.879497,0.686805,0.339069,0.397624,0.841988,0.183567,0.658232,0.59808,0.081758
10,7,0.3,1000,24,0.200246,0.937211,0.712144,0.34417,0.419029,0.869033,0.189678,0.656404,0.615331,0.077166
10,8,0.3,1000,24,0.183953,0.853558,0.705661,0.35405,0.39939,0.859772,0.169931,0.658809,0.620972,0.074013
10,9,0.3,1000,24,0.185123,0.948794,0.699087,0.346297,0.39869,0.860494,0.184329,0.659387,0.602856,0.075538
10,10,0.3,1000,24,0.202164,0.928659,0.721426,0.332305,0.393969,0.936248,0.175589,0.658311,0.581343,0.082111
10,11,0.3,1000,24,0.176432,0.959283,0.702029,0.335345,0.405936,0.849636,0.169457,0.65969,0.626905,0.076874
10,12,0.3,1000,24,0.203628,0.923168,0.701546,0.348113,0.408883,0.895401,0.194845,0.655621,0.591999,0.078784
10,13,0.3,1000,24,0.199101,0.858854,0.704332,0.341256,0.411361,0.862745,0.193864,0.659097,0.616952,0.079127
10,14,0.3,1000,24,0.179524,0.873053,0.70452,0.324764,0.396205,0.822814,0.17446,0.657475,0.631756,0.076185
10,15,0.3,1000,24,0.185169,0.873208,0.706183,0.345159,0.40782,0.808883,0.186986,0.658599,0.608165,0.078327
10,16,0.3,1000,24,0.194074,0.889684,0.696974,0.344251,0.414299,0.888318,0.182721,0.659058,0.598246,0.076174
10,17,0.3,1000,24,0.158244,0.869777,0.652457,0.333146,0.402788,0.878059,0.15344,0.659106,0.633682,0.074747
10,18,0.3,1000,24,0.179356,0.834998,0.7099,0.336207,0.410918,0.86195,0.181227,0.657988,0.607962,0.074876
10,19,0.3,1000,24,0.199318,0.908071,0.732234,0.343191,0.416022,0.838901,0.181096,0.660196,0.580406,0.083038
10,20,0.3,1000,24,0.149116,0.962513,0.66116,0.356589,0.392448,0.794302,0.13795,0.66032,0.625778,0.076514
11,1,0.3,1000,24,0.165915,0.90504,0.703352,0.333518,0.396808,0.821843,0.154978,0.656445,0.625243,0.070255
11,2,0.3,1000,24,0.169676,0.864885,0.69173,0.333515,0.402791,0.81279,0.169503,0.660024,0.629539,0.071318
11,3,0.3,1000,24,0.172501,0.936724,0.677631,0.33135,0.392182,0.832541,0.169205,0.656101,0.611053,0.075345
11,4,0.3,1000,24,0.18172,0.898557,0.672589,0.34517,0.408071,0.767449,0.174396,0.657591,0.59067,0.083451
11,5,0.3,1000,24,0.183297,0.891912,0.708432,0.344873,0.406953,0.786251,0.168136,0.658575,0.621975,0.074583
11,6,0.3,1000,24,0.18754,0.944526,0.657472,0.329181,0.410293,0.901418,0.16639,0.658248,0.614496,0.07396
11,7,0.3,1000,24,0.175927,0.880079,0.697531,0.334607,0.392847,0.829684,0.167766,0.65676,0.61681,0.071063
11,8,0.3,1000,24,0.178338,0.91334,0.690114,0.349703,0.395896,0.837275,0.177829,0.659703,0.621064,0.072302
11,9,0.3,1000,24,0.158204,0.952814,0.724604,0.337215,0.390683,0.882665,0.153541,0.660084,0.616596,0.070793
11,10,0.3,1000,24,0.197967,0.9602,0.720093,0.342663,0.391892,0.883063,0.169851,0.656841,0.602639,0.074514
11,11,0.3,1000,24,0.184271,0.911881,0.712264,0.347527,0.404849,0.826432,0.171703,0.656599,0.614219,0.073484
11,12,0.3,1000,24,0.179625,0.881115,0.721676,0.343193,0.412897,0.841296,0.17547,0.657686,0.613705,0.073721
11,13,0.3,1000,24,0.195897,0.93637,0.698161,0.336917,0.408042,0.863781,0.189036,0.658127,0.597517,0.075936
11,14,0.3,1000,24,0.241612,0.878156,0.729125,0.325295,0.389981,0.796761,0.226048,0.657942,0.589227,0.074183
11,15,0.3,1000,24,0.189102,0.904186,0.695685,0.335089,0.413844,0.791206,0.179223,0.65809,0.620945,0.07435
11,16,0.3,1000,24,0.172426,0.956144,0.68856,0.345168,0.405665,0.877555,0.163796,0.658599,0.634528,0.067979
11,17,0.3,1000,24,0.179792,0.886704,0.691834,0.340808,0.405996,0.932212,0.173743,0.662073,0.632398,0.072934
11,18,0.3,1000,24,0.174546,0.894631,0.708367,0.346444,0.401326,0.822162,0.173126,0.657352,0.616177,0.072523
11,19,0.3,1000,24,0.219059,0.936504,0.755343,0.339742,0.411205,0.857674,0.214354,0.659172,0.607594,0.075228
11,20,0.3,1000,24,0.167367,0.885138,0.655725,0.335916,0.400461,0.814874,0.164527,0.657624,0.634965,0.070601
12,1,0.3,1000,24,0.200265,0.89987,0.711623,0.334926,0.405908,0.815295,0.197515,0.657669,0.606845,0.066345
12,2,0.3,1000,24,0.200951,0.920031,0.736909,0.346414,0.41383,0.808969,0.192055,0.661198,0.617095,0.065767
12,3,0.3,1000,24,0.161366,0.892819,0.675957,0.369092,0.393233,0.852686,0.161809,0.657804,0.620132,0.072508
12,4,0.3,1000,24,0.174351,0.913787,0.694373,0.347595,0.414734,0.817994,0.174945,0.657022,0.609578,0.072376
12,5,0.3,1000,24,0.154205,0.847691,0.685717,0.353671,0.412187,0.822381,0.146476,0.659804,0.639092,0.069522
12,6,0.3,1000,24,0.183928,0.877376,0.663654,0.328102,0.393059,0.862561,0.176813,0.658289,0.604796,0.06839
12,7,0.3,1000,24,0.204581,0.910312,0.716613,0.332724,0.408602,0.857773,0.195582,0.660278,0.61421,0.067913
12,8,0.3,1000,24,0.171059,0.912834,0.686126,0.348532,0.401706,0.878646,0.163861,0.655845,0.611909,0.071667
12,9,0.3,1000,24,0.179494,0.939625,0.716851,0.366708,0.410258,0.795691,0.172708,0.658898,0.608964,0.067418
12,10,0.3,1000,24,0.186793,0.9017,0.665502,0.33712,0.387077,0.798901,0.163912,0.660503,0.610201,0.071699
12,11,0.3,1000,24,0.181615,0.899032,0.713369,0.333667,0.411911,0.855717,0.176338,0.658574,0.62307,0.065509
12,12,0.3,1000,24,0.178152,0.931486,0.684509,0.335829,0.404426,0.885464,0.178884,0.657984,0.620806,0.068521
12,13,0.3,1000,24,0.213479,0.857801,0.691277,0.320092,0.411701,0.886152,0.215258,0.658478,0.617336,0.072818
12,14,0.3,1000,24,0.185603,0.894164,0.70579,0.336092,0.402341,0.879814,0.178422,0.657746,0.623343,0.071016
12,15,0.3,1000,24,0.165882,0.905512,0.684666,0.344342,0.420413,0.861686,0.160762,0.656568,0.63794,0.066243
12,16,0.3,1000,24,0.197939,0.969974,0.716085,0.347493,0.413225,0.868939,0.185338,0.658347,0.61267,0.066852
12,17,0.3,1000,24,0.128832,0.952258,0.670035,0.353226,0.397275,0.823683,0.135367,0.657211,0.640426,0.071575
12,18,0.3,1000,24,0.178458,0.906974,0.705436,0.353335,0.403474,0.844286,0.173483,0.658253,0.63185,0.067558
12,19,0.3,1000,24,0.217043,0.827586,0.695477,0.328147,0.410163,0.834088,0.213934,0.658537,0.616767,0.070683
12,20,0.3,1000,24,0.183513,0.921132,0.700228,0.334645,0.40092,0.831103,0.181878,0.657545,0.617633,0.06672
