topology,seed,noise,tick,size,gol,mean_self,max_self,p95_self,std_self,mean_phi,max_phi,mean_R,mean_T,mean_E,mean_err,morans_i,entropy,phi_entropy,clusters_05,clusters_07
von_neumann,1,0.04,500,96,False,0.189609,0.970726,0.704348,0.340511,0.302696,0.852006,0.14071,0.657718,0.870962,0.043429,0.008742,3.7792,3.4814,1118,435
von_neumann,1,0.04,1000,96,False,0.187654,0.973532,0.705649,0.344097,0.303937,0.894307,0.144605,0.659072,0.870474,0.043092,0.006441,3.7981,3.43,1115,439
von_neumann,2,0.04,500,96,False,0.186184,0.953813,0.709147,0.342458,0.303478,0.863333,0.137684,0.658428,0.869955,0.043695,-0.010166,3.793,3.4761,1130,450
von_neumann,2,0.04,1000,96,False,0.188308,0.973188,0.704561,0.342199,0.303674,0.872902,0.139903,0.658577,0.868401,0.043358,0.001767,3.7899,3.4641,1130,439
von_neumann,3,0.04,500,96,False,0.184037,0.967174,0.698246,0.338903,0.303768,0.920076,0.131719,0.65901,0.869573,0.043609,0.016399,3.7739,3.3848,1089,409
von_neumann,3,0.04,1000,96,False,0.188847,0.960412,0.71023,0.342096,0.305699,0.868892,0.147566,0.658861,0.87148,0.043111,-0.002414,3.7861,3.4822,1091,451
von_neumann,4,0.04,500,96,False,0.185782,0.970461,0.70584,0.339964,0.304025,0.926782,0.139478,0.658509,0.871566,0.043343,-0.005394,3.7845,3.379,1136,440
von_neumann,4,0.04,1000,96,False,0.18528,0.964139,0.704541,0.343449,0.303397,0.857888,0.139529,0.658368,0.870509,0.043111,0.001435,3.7983,3.4716,1124,443
von_neumann,5,0.04,500,96,False,0.183796,0.954831,0.703351,0.341099,0.304378,0.885852,0.138525,0.657769,0.871845,0.043422,-0.000284,3.7889,3.4316,1099,422
von_neumann,5,0.04,1000,96,False,0.181955,0.953031,0.7022,0.338044,0.305198,0.909634,0.137445,0.659209,0.870874,0.043331,-0.004079,3.7772,3.3818,1126,425
von_neumann,6,0.04,500,96,False,0.18878,0.947249,0.701421,0.337989,0.3052,0.914391,0.138121,0.658686,0.868476,0.043334,0.005582,3.7743,3.3886,1085,429
von_neumann,6,0.04,1000,96,False,0.181461,0.963811,0.704238,0.342573,0.305408,0.92189,0.136433,0.65827,0.870676,0.043304,0.006262,3.7918,3.3922,1095,430
von_neumann,7,0.04,500,96,False,0.188892,0.9438,0.706644,0.335902,0.305613,0.854525,0.142105,0.658947,0.868025,0.04374,0.010329,3.7676,3.5039,1107,422
von_neumann,7,0.04,1000,96,False,0.186581,0.952558,0.703695,0.340794,0.303814,0.887992,0.141831,0.658834,0.871005,0.042947,0.021491,3.7851,3.4195,1076,433
von_neumann,8,0.04,500,96,False,0.182074,0.940379,0.703053,0.339958,0.304711,0.896647,0.133336,0.659001,0.870102,0.043261,0.00812,3.7825,3.4221,1085,422
von_neumann,8,0.04,1000,96,False,0.182193,0.950152,0.699213,0.335558,0.303352,0.84399,0.134245,0.65913,0.871761,0.043337,-0.004073,3.7661,3.4921,1104,416
von_neumann,9,0.04,500,96,False,0.187405,0.967822,0.705304,0.34175,0.305333,0.883801,0.139809,0.658459,0.872629,0.043245,0.002068,3.787,3.4384,1145,444
von_neumann,9,0.04,1000,96,False,0.183803,0.956416,0.702491,0.33983,0.30364,0.862691,0.137336,0.658504,0.866955,0.043488,-0.008989,3.7821,3.4906,1075,409
von_neumann,10,0.04,500,96,False,0.183267,0.981314,0.699265,0.340456,0.302515,0.951099,0.137904,0.658096,0.868067,0.044062,-0.0011,3.7825,3.3367,1087,408
von_neumann,10,0.04,1000,96,False,0.184448,0.96311,0.700078,0.33926,0.304522,0.906348,0.139813,0.657873,0.873816,0.043298,-0.002622,3.7802,3.3923,1118,410
von_neumann,11,0.04,500,96,False,0.190731,0.958988,0.709987,0.34373,0.304208,0.843661,0.144893,0.658263,0.868946,0.043699,0.001295,3.7953,3.4986,1108,450
von_neumann,11,0.04,1000,96,False,0.18183,0.982799,0.696607,0.343278,0.304508,0.847736,0.13612,0.658798,0.8733,0.043121,-0.00239,3.7931,3.4969,1119,399
von_neumann,12,0.04,500,96,False,0.182043,0.981853,0.695827,0.335888,0.30468,0.867343,0.137462,0.65871,0.868908,0.043619,0.00557,3.7665,3.4586,1103,400
von_neumann,12,0.04,1000,96,False,0.182896,0.972682,0.697098,0.340503,0.304446,0.888479,0.13892,0.658043,0.869697,0.043667,0.001459,3.7826,3.4286,1098,413
von_neumann,13,0.04,500,96,False,0.189592,0.952784,0.699581,0.338634,0.303,0.850497,0.136677,0.658943,0.869822,0.043477,-0.012329,3.7749,3.4847,1124,412
von_neumann,13,0.04,1000,96,False,0.187801,0.961968,0.710234,0.34066,0.305868,0.877007,0.13949,0.658187,0.869531,0.043165,-0.005527,3.7855,3.4544,1070,457
von_neumann,14,0.04,500,96,False,0.193611,0.970941,0.708475,0.340905,0.30736,0.867167,0.14172,0.658623,0.87022,0.043613,0.000508,3.7825,3.4986,1136,446
von_neumann,14,0.04,1000,96,False,0.18678,0.989672,0.701384,0.340316,0.303315,0.896554,0.141145,0.658643,0.870442,0.043412,0.002888,3.7827,3.4221,1112,416
von_neumann,15,0.04,500,96,False,0.193735,0.945979,0.706156,0.339987,0.305949,0.927098,0.145874,0.658705,0.86769,0.04346,1e-05,3.7816,3.381,1129,430
von_neumann,15,0.04,1000,96,False,0.193547,0.965973,0.710308,0.341991,0.305657,0.879012,0.149708,0.658256,0.868211,0.043761,-0.005127,3.7861,3.4516,1137,460
von_neumann,16,0.04,500,96,False,0.185425,0.950898,0.696186,0.34095,0.305804,0.893309,0.137062,0.658476,0.868562,0.043769,0.003871,3.7768,3.4386,1088,395
von_neumann,16,0.04,1000,96,False,0.189418,0.967742,0.709557,0.340948,0.303247,0.937183,0.146602,0.659462,0.869503,0.043156,-0.002764,3.7816,3.3507,1138,448
von_neumann,17,0.04,500,96,False,0.189078,0.960326,0.706082,0.341125,0.305388,0.879096,0.137831,0.658578,0.869925,0.043568,0.005647,3.7854,3.4583,1104,452
von_neumann,17,0.04,1000,96,False,0.181758,0.934798,0.698419,0.343811,0.303497,0.850743,0.135084,0.657969,0.870222,0.043624,-0.002138,3.7933,3.472,1119,405
von_neumann,18,0.04,500,96,False,0.187057,0.952697,0.700408,0.340705,0.303271,0.89165,0.140318,0.658764,0.870447,0.043494,0.005385,3.7836,3.4258,1125,424
von_neumann,18,0.04,1000,96,False,0.181456,0.94859,0.687329,0.338794,0.303663,0.887754,0.135014,0.659338,0.871231,0.043182,-0.010393,3.7698,3.4333,1102,374
von_neumann,19,0.04,500,96,False,0.18936,0.962232,0.705234,0.34265,0.305883,0.916558,0.140186,0.658378,0.869877,0.04347,0.004498,3.7885,3.393,1122,430
von_neumann,19,0.04,1000,96,False,0.190359,0.943435,0.70561,0.341416,0.305378,0.905743,0.147212,0.658238,0.870827,0.043207,-9.6e-05,3.7852,3.4061,1122,436
von_neumann,20,0.04,500,96,False,0.187973,0.974269,0.698483,0.337337,0.306238,0.898769,0.141236,0.659011,0.869987,0.043389,-0.008964,3.7724,3.4318,1115,417
von_neumann,20,0.04,1000,96,False,0.189508,0.959413,0.693988,0.337851,0.304535,0.914088,0.142731,0.658575,0.870953,0.042973,0.006536,3.7689,3.3963,1087,379
moore,1,0.04,500,96,False,0.193104,0.969714,0.708387,0.339657,0.360332,0.908737,0.154834,0.658958,0.922698,0.030194,0.005888,3.7786,3.4144,666,388
moore,1,0.04,1000,96,False,0.188824,0.945767,0.701356,0.340906,0.361496,0.921987,0.151282,0.659626,0.923333,0.029652,0.011018,3.7847,3.4305,669,366
moore,2,0.04,500,96,False,0.189018,0.972607,0.706767,0.341395,0.359355,0.879354,0.149566,0.658747,0.922113,0.030334,-0.003025,3.7858,3.4884,667,396
moore,2,0.04,1000,96,False,0.191267,0.966433,0.70597,0.342784,0.361173,0.873725,0.150083,0.658884,0.92288,0.030052,0.0095,3.7906,3.5066,652,360
moore,3,0.04,500,96,False,0.187834,0.981247,0.704883,0.342168,0.361385,0.883254,0.146992,0.659206,0.922008,0.030277,0.009235,3.7839,3.4876,643,392
moore,3,0.04,1000,96,False,0.188584,0.973688,0.701881,0.340572,0.362297,0.924578,0.151859,0.65932,0.923005,0.029909,0.004588,3.7805,3.4187,646,378
moore,4,0.04,500,96,False,0.189965,0.961395,0.69709,0.338025,0.360594,0.885934,0.151761,0.659568,0.923848,0.029981,-0.001969,3.771,3.4802,663,371
moore,4,0.04,1000,96,False,0.186284,0.958362,0.711132,0.343956,0.360819,0.939156,0.148074,0.658803,0.922517,0.02989,0.00339,3.7988,3.4047,656,406
moore,5,0.04,500,96,False,0.183579,0.98444,0.703866,0.340659,0.360399,0.903534,0.148071,0.658801,0.924152,0.0304,0.00159,3.7857,3.4279,674,386
moore,5,0.04,1000,96,False,0.181439,0.970952,0.70047,0.33991,0.362605,0.92156,0.143033,0.659066,0.922951,0.029972,-0.00719,3.783,3.4061,710,364
moore,6,0.04,500,96,False,0.193649,0.957988,0.7085,0.33937,0.361915,0.960917,0.154501,0.658913,0.922254,0.030365,0.006795,3.781,3.3428,659,400
moore,6,0.04,1000,96,False,0.186325,0.972662,0.698202,0.33945,0.363651,0.890376,0.14945,0.659122,0.922164,0.030052,0.001255,3.7797,3.4845,665,365
moore,7,0.04,500,96,False,0.190634,0.949651,0.70862,0.337957,0.362093,0.903872,0.152316,0.659207,0.922599,0.030411,0.006343,3.778,3.4488,694,393
moore,7,0.04,1000,96,False,0.184502,0.957073,0.702483,0.341196,0.359996,0.876878,0.147304,0.65863,0.923818,0.029712,0.012398,3.7854,3.4649,655,380
moore,8,0.04,500,96,False,0.187714,0.959254,0.703521,0.340815,0.361803,0.971955,0.149699,0.659556,0.922571,0.030136,0.000851,3.7842,3.3449,693,388
moore,8,0.04,1000,96,False,0.184438,0.933432,0.698821,0.336209,0.360557,0.879851,0.14606,0.660154,0.924141,0.030085,-0.001813,3.767,3.4799,707,369
moore,9,0.04,500,96,False,0.19507,0.962293,0.70638,0.3403,0.361193,0.893362,0.158719,0.659082,0.923995,0.030324,0.000388,3.7798,3.4461,662,392
moore,9,0.04,1000,96,False,0.189688,0.96875,0.699748,0.33856,0.36094,0.861893,0.152447,0.658719,0.920671,0.029997,0.001906,3.7754,3.518,680,363
moore,10,0.04,500,96,False,0.187491,0.945024,0.707017,0.341529,0.361245,0.936212,0.150207,0.658024,0.920879,0.030545,3e-05,3.7871,3.4004,660,407
moore,10,0.04,1000,96,False,0.189374,0.947702,0.705896,0.337896,0.361618,0.93791,0.154691,0.659056,0.924833,0.029912,-0.000189,3.7755,3.382,663,398
moore,11,0.04,500,96,False,0.194515,0.983648,0.71147,0.341333,0.361011,0.889445,0.15534,0.659905,0.922108,0.030243,0.002621,3.7866,3.4551,655,398
moore,11,0.04,1000,96,False,0.187108,0.940952,0.702447,0.341353,0.361191,0.921594,0.14993,0.659375,0.924972,0.029907,0.002755,3.7832,3.4119,647,394
moore,12,0.04,500,96,False,0.184426,0.964504,0.693189,0.338316,0.360323,0.862874,0.149989,0.659211,0.922441,0.03042,0.009143,3.7748,3.4949,644,345
moore,12,0.04,1000,96,False,0.188673,0.959521,0.700719,0.339956,0.362928,0.886371,0.152372,0.658724,0.922621,0.030104,0.003911,3.782,3.4767,669,386
moore,13,0.04,500,96,False,0.1915,0.951053,0.700662,0.33783,0.360698,0.893965,0.148525,0.658987,0.922834,0.030378,-0.008172,3.7709,3.4545,657,385
moore,13,0.04,1000,96,False,0.191615,0.962068,0.709964,0.340832,0.362294,0.937287,0.152308,0.65886,0.923133,0.029998,0.010424,3.7839,3.3778,627,393
moore,14,0.04,500,96,False,0.197851,0.958633,0.709347,0.339171,0.363788,0.936188,0.156061,0.658956,0.922543,0.030384,0.009315,3.7752,3.4159,670,401
moore,14,0.04,1000,96,False,0.190963,0.950776,0.701316,0.339283,0.360083,0.948781,0.151543,0.659391,0.92404,0.03,0.003784,3.7756,3.3648,634,390
moore,15,0.04,500,96,False,0.194649,0.962153,0.715653,0.341096,0.363064,0.934074,0.155915,0.658916,0.92138,0.030338,0.007564,3.787,3.4018,638,422
moore,15,0.04,1000,96,False,0.195081,0.956575,0.711098,0.342357,0.364648,0.892251,0.156578,0.658774,0.92175,0.030157,0.006677,3.7871,3.4564,651,407
moore,16,0.04,500,96,False,0.189445,0.951926,0.701561,0.341715,0.36333,0.896564,0.14729,0.65914,0.922359,0.030227,0.001494,3.7829,3.4719,648,374
moore,16,0.04,1000,96,False,0.187812,0.967033,0.707308,0.342337,0.359092,0.910037,0.152631,0.659247,0.922452,0.029875,0.004078,3.7902,3.4225,672,376
moore,17,0.04,500,96,False,0.190928,0.959593,0.708321,0.339925,0.361164,0.929066,0.151074,0.659168,0.922624,0.0303,-0.001373,3.7802,3.3867,711,396
moore,17,0.04,1000,96,False,0.185167,0.954445,0.702973,0.344055,0.361189,0.894574,0.146279,0.658502,0.923035,0.030214,0.004261,3.7917,3.4515,666,380
moore,18,0.04,500,96,False,0.187402,0.958331,0.702936,0.34255,0.360614,0.859497,0.146943,0.659062,0.922894,0.030072,-0.000238,3.7879,3.5136,646,392
moore,18,0.04,1000,96,False,0.184911,0.982559,0.696455,0.335464,0.360815,0.941743,0.1443,0.659948,0.92327,0.02988,-0.00388,3.7639,3.3855,685,345
moore,19,0.04,500,96,False,0.192293,0.970178,0.703823,0.340797,0.363123,0.89125,0.152642,0.658987,0.92251,0.030216,-0.005029,3.7822,3.4738,655,391
moore,19,0.04,1000,96,False,0.19574,0.950898,0.70449,0.337032,0.361345,0.897974,0.159905,0.658714,0.923004,0.030026,0.006383,3.7652,3.451,654,390
moore,20,0.04,500,96,False,0.187436,0.950547,0.70266,0.338093,0.363053,0.937302,0.147995,0.659636,0.922367,0.030064,0.000203,3.7759,3.4052,673,373
moore,20,0.04,1000,96,False,0.192752,0.952194,0.701586,0.339293,0.360045,0.906842,0.154782,0.659605,0.92222,0.029914,0.003543,3.7731,3.4192,663,367
hex,1,0.04,500,96,False,0.193619,0.991956,0.703004,0.338972,0.340807,0.910177,0.14662,0.658567,0.903086,0.034032,0.007147,3.7757,3.4144,890,413
hex,1,0.04,1000,96,False,0.193136,0.963973,0.706821,0.341288,0.341529,0.909564,0.147816,0.659942,0.903574,0.033544,0.008733,3.7831,3.4451,909,411
hex,2,0.04,500,96,False,0.190304,0.993498,0.712243,0.343748,0.340251,0.943325,0.140428,0.659285,0.902228,0.034216,-0.001366,3.7933,3.382,924,422
hex,2,0.04,1000,96,False,0.193349,0.966151,0.709001,0.342431,0.341487,0.876826,0.14399,0.658928,0.902473,0.033841,0.014978,3.7925,3.5005,895,424
hex,3,0.04,500,96,False,0.186981,0.958941,0.701287,0.342808,0.341149,0.893143,0.137058,0.659327,0.902264,0.03413,0.011592,3.7908,3.461,860,391
hex,3,0.04,1000,96,False,0.191238,0.964611,0.705432,0.340678,0.343596,0.905978,0.147667,0.659359,0.902781,0.033799,0.007628,3.7776,3.4474,843,413
hex,4,0.04,500,96,False,0.190075,0.974377,0.701414,0.338742,0.340921,0.864445,0.145123,0.659565,0.903709,0.033821,0.001743,3.7735,3.5,884,396
hex,4,0.04,1000,96,False,0.186093,0.964805,0.704692,0.344414,0.340611,0.881706,0.139643,0.658966,0.90335,0.033711,0.003947,3.7974,3.4765,840,403
hex,5,0.04,500,96,False,0.184846,0.960891,0.705075,0.340666,0.34079,0.95653,0.140443,0.658677,0.904442,0.03422,0.006357,3.7845,3.3383,904,410
hex,5,0.04,1000,96,False,0.185359,0.959216,0.703055,0.338274,0.343328,0.882239,0.139889,0.659387,0.90348,0.033884,-0.004517,3.7821,3.4616,884,405
hex,6,0.04,500,96,False,0.193358,0.971628,0.709504,0.336472,0.342438,0.868184,0.144687,0.659286,0.90212,0.034117,0.005998,3.771,3.485,865,434
hex,6,0.04,1000,96,False,0.187848,0.958904,0.70319,0.339586,0.343959,0.895206,0.143745,0.658772,0.902701,0.033932,0.00688,3.7804,3.4706,895,408
hex,7,0.04,500,96,False,0.194105,0.950427,0.702702,0.33649,0.343301,0.871362,0.146735,0.659244,0.901781,0.034212,0.006963,3.7654,3.4929,876,390
hex,7,0.04,1000,96,False,0.187424,0.961068,0.704097,0.340571,0.340224,0.849437,0.143784,0.659165,0.904214,0.033625,0.017669,3.7839,3.499,890,401
hex,8,0.04,500,96,False,0.189033,0.953267,0.706516,0.340251,0.341973,0.905124,0.14236,0.659836,0.902276,0.033969,0.006884,3.7818,3.4396,855,411
hex,8,0.04,1000,96,False,0.186613,0.95518,0.695807,0.335303,0.341204,0.923578,0.139052,0.65992,0.905084,0.033904,0.003448,3.7626,3.4004,914,387
hex,9,0.04,500,96,False,0.194803,0.967982,0.710622,0.339629,0.341595,0.863253,0.149246,0.659606,0.903667,0.034076,0.000157,3.7774,3.492,898,438
hex,9,0.04,1000,96,False,0.190251,0.965163,0.702702,0.33574,0.341153,0.866945,0.1444,0.659025,0.900549,0.033871,-3.1e-05,3.7643,3.5022,873,396
hex,10,0.04,500,96,False,0.186958,0.93248,0.703766,0.342079,0.340661,0.900708,0.14165,0.6583,0.90147,0.034429,-0.001876,3.7891,3.4478,910,405
hex,10,0.04,1000,96,False,0.187303,0.952574,0.70158,0.339943,0.341798,0.871909,0.14339,0.658902,0.905919,0.033723,0.004642,3.7818,3.4685,893,403
hex,11,0.04,500,96,False,0.196366,0.988591,0.710625,0.341342,0.341987,0.874343,0.150186,0.659616,0.902098,0.034123,-0.005321,3.7821,3.4767,871,421
hex,11,0.04,1000,96,False,0.188605,0.966306,0.705078,0.340981,0.340965,0.920315,0.142973,0.65962,0.905878,0.033726,0.00398,3.7819,3.4033,876,399
hex,12,0.04,500,96,False,0.186677,0.956132,0.697677,0.335581,0.341713,0.860014,0.143176,0.659557,0.902821,0.034219,0.016173,3.7641,3.5016,869,387
hex,12,0.04,1000,96,False,0.187723,0.92948,0.703244,0.340819,0.343403,0.914563,0.14315,0.659011,0.903058,0.033963,-9e-05,3.7846,3.4359,868,402
hex,13,0.04,500,96,False,0.193784,0.962591,0.707021,0.338365,0.340061,0.914509,0.143424,0.658989,0.903108,0.034193,-0.009705,3.7753,3.408,893,431
hex,13,0.04,1000,96,False,0.192779,0.960468,0.710506,0.342062,0.342846,0.967025,0.145338,0.658412,0.902632,0.033845,0.005115,3.7873,3.3309,882,416
hex,14,0.04,500,96,False,0.197814,0.950346,0.713789,0.33925,0.343799,0.904153,0.147027,0.659018,0.902936,0.034158,0.006673,3.7819,3.457,879,435
hex,14,0.04,1000,96,False,0.192798,0.968202,0.701805,0.337137,0.341728,0.937537,0.144941,0.659536,0.903968,0.033948,0.003941,3.7674,3.3781,883,404
hex,15,0.04,500,96,False,0.196462,0.948168,0.713407,0.33928,0.343191,0.931404,0.147453,0.659301,0.900662,0.034075,0.006052,3.7749,3.3965,892,435
hex,15,0.04,1000,96,False,0.195742,0.973523,0.708332,0.340849,0.344348,0.846096,0.149547,0.659135,0.901918,0.033987,0.004657,3.7828,3.5415,877,424
hex,16,0.04,500,96,False,0.192557,0.953953,0.701294,0.339406,0.343285,0.901529,0.142132,0.65943,0.902069,0.034058,0.003905,3.7745,3.4469,885,396
hex,16,0.04,1000,96,False,0.189381,0.955179,0.709358,0.342221,0.339658,0.942839,0.145664,0.659321,0.902517,0.033719,0.008314,3.7901,3.3695,840,409
hex,17,0.04,500,96,False,0.191736,0.970346,0.71345,0.34055,0.342416,0.873022,0.143029,0.659532,0.902873,0.034146,0.001795,3.7856,3.4826,895,444
hex,17,0.04,1000,96,False,0.186579,0.93361,0.705806,0.343282,0.340837,0.886224,0.139972,0.658626,0.903424,0.034076,0.005042,3.7904,3.4539,897,417
hex,18,0.04,500,96,False,0.189601,0.959543,0.7001,0.340179,0.340471,0.922319,0.141978,0.659409,0.902817,0.033982,0.003305,3.7785,3.4112,874,397
hex,18,0.04,1000,96,False,0.185073,0.943666,0.69911,0.336199,0.340787,0.874375,0.13762,0.66024,0.90343,0.033753,-0.000548,3.7667,3.4811,879,391
hex,19,0.04,500,96,False,0.194148,0.957458,0.703614,0.339328,0.343845,0.94331,0.146517,0.659179,0.902536,0.034085,-0.001437,3.775,3.3864,902,409
hex,19,0.04,1000,96,False,0.19549,0.961575,0.704599,0.33789,0.342756,0.929748,0.151271,0.658695,0.903076,0.033876,0.005542,3.7702,3.4014,859,411
hex,20,0.04,500,96,False,0.190851,0.984854,0.70769,0.338286,0.344043,0.914624,0.143693,0.659847,0.902771,0.033976,-0.003314,3.777,3.4336,867,410
hex,20,0.04,1000,96,False,0.19218,0.930827,0.695538,0.339914,0.340605,0.900806,0.145801,0.659094,0.902843,0.03377,0.006005,3.7733,3.4271,860,387
random,1,0.04,500,96,False,0.18163,0.941873,0.693962,0.340114,0.347909,0.937593,0.178963,0.657404,0.870577,0.038464,0.007767,3.7798,3.4595,1085,382
random,1,0.04,1000,96,False,0.18505,0.96788,0.698344,0.338896,0.35011,0.904802,0.183747,0.658412,0.869483,0.037984,0.006773,3.7764,3.5198,1066,425
random,2,0.04,500,96,False,0.182845,0.982074,0.707137,0.339247,0.347238,0.919256,0.181792,0.658102,0.871994,0.038407,0.007991,3.7802,3.4983,1082,434
random,2,0.04,1000,96,False,0.183082,0.924477,0.702557,0.341563,0.346373,0.86795,0.180802,0.658438,0.872541,0.037937,0.012463,3.786,3.5586,1081,420
random,3,0.04,500,96,False,0.180378,0.951813,0.696461,0.342263,0.347792,0.929326,0.178734,0.657336,0.869232,0.03858,0.001606,3.7912,3.4869,1103,404
random,3,0.04,1000,96,False,0.187361,0.967118,0.701536,0.340922,0.350501,0.85867,0.183793,0.658419,0.87113,0.038067,0.004685,3.7876,3.6041,1085,407
random,4,0.04,500,96,False,0.188244,0.978556,0.701811,0.341652,0.348685,0.869029,0.186897,0.65799,0.870936,0.038379,-0.010656,3.7819,3.5796,1152,433
random,4,0.04,1000,96,False,0.183352,0.945966,0.701789,0.340603,0.348213,0.929066,0.183032,0.658174,0.869828,0.038,-0.001404,3.7859,3.4917,1095,429
random,5,0.04,500,96,False,0.186484,0.951836,0.703415,0.342859,0.348519,0.925483,0.186723,0.658067,0.869841,0.038429,-8.3e-05,3.7907,3.4854,1088,429
random,5,0.04,1000,96,False,0.182216,0.940212,0.692039,0.333865,0.346932,0.898865,0.184273,0.658445,0.87118,0.038257,-0.004991,3.7587,3.5181,1072,394
random,6,0.04,500,96,False,0.182141,0.955024,0.702115,0.342044,0.350013,0.848427,0.182662,0.658975,0.869641,0.038349,0.002013,3.7902,3.601,1109,417
random,6,0.04,1000,96,False,0.189269,0.962728,0.704163,0.340594,0.347204,0.885621,0.187543,0.658022,0.869452,0.037917,-0.000931,3.7836,3.5304,1119,424
random,7,0.04,500,96,False,0.184959,0.955771,0.692976,0.336152,0.349338,0.938265,0.18039,0.659002,0.86996,0.03827,0.010439,3.7643,3.4643,1049,395
random,7,0.04,1000,96,False,0.182518,0.964173,0.693762,0.337074,0.348344,0.905447,0.178986,0.658164,0.869504,0.038077,0.005087,3.7698,3.5238,1057,399
random,8,0.04,500,96,False,0.185019,0.955631,0.699684,0.340881,0.349699,0.913168,0.188247,0.658141,0.872052,0.038457,-0.009336,3.7839,3.4885,1166,407
random,8,0.04,1000,96,False,0.180377,0.961818,0.69473,0.337944,0.345139,0.958922,0.180902,0.658099,0.873052,0.038037,-0.008802,3.7764,3.4101,1065,390
random,9,0.04,500,96,False,0.184599,0.963996,0.695199,0.33772,0.346683,0.922616,0.179752,0.658696,0.87063,0.038407,0.000198,3.7697,3.4794,1076,393
random,9,0.04,1000,96,False,0.187557,0.992203,0.703887,0.340627,0.347141,0.869743,0.184624,0.658707,0.871003,0.038355,0.005284,3.7786,3.577,1102,420
random,10,0.04,500,96,False,0.181381,0.968608,0.705565,0.342832,0.348674,0.901746,0.178836,0.658139,0.869976,0.038361,0.002838,3.7954,3.5254,1054,437
random,10,0.04,1000,96,False,0.185195,0.961079,0.702067,0.337234,0.348916,0.929099,0.184071,0.658749,0.87299,0.038142,0.003723,3.7742,3.4817,1064,418
random,11,0.04,500,96,False,0.183827,0.939055,0.697041,0.341996,0.346881,0.908781,0.18272,0.658897,0.870378,0.03845,0.004036,3.7834,3.5187,1087,388
random,11,0.04,1000,96,False,0.183582,0.98005,0.696468,0.338261,0.34828,0.884892,0.182737,0.658299,0.873041,0.03803,0.003501,3.7758,3.5329,1113,407
random,12,0.04,500,96,False,0.192419,0.957062,0.706017,0.338189,0.349497,0.887942,0.191077,0.658274,0.868931,0.038589,-0.002983,3.7706,3.5417,1068,430
random,12,0.04,1000,96,False,0.189037,0.962653,0.710024,0.341535,0.347438,0.949008,0.188977,0.658715,0.869251,0.038299,0.008839,3.7891,3.4432,1151,449
random,13,0.04,500,96,False,0.186607,0.952388,0.704647,0.338297,0.348684,0.914366,0.186831,0.658346,0.870811,0.038493,0.005382,3.7732,3.5087,1111,432
random,13,0.04,1000,96,False,0.184735,0.94805,0.697542,0.33709,0.348828,0.882212,0.185099,0.65782,0.869663,0.038248,-0.005128,3.7715,3.5505,1078,399
random,14,0.04,500,96,False,0.190723,0.952807,0.703219,0.336462,0.3495,0.896752,0.193601,0.658394,0.869055,0.03848,-0.00563,3.7676,3.5274,1141,426
random,14,0.04,1000,96,False,0.186455,0.962579,0.703245,0.338503,0.348449,0.916809,0.184926,0.658026,0.87061,0.038335,-0.004848,3.7761,3.4938,1103,418
random,15,0.04,500,96,False,0.191007,0.952935,0.707555,0.336824,0.350006,0.887217,0.188026,0.658649,0.867931,0.038285,0.009677,3.7721,3.5435,1093,436
random,15,0.04,1000,96,False,0.189639,0.967993,0.706699,0.338185,0.34883,0.896328,0.187029,0.657818,0.869282,0.038044,-0.005558,3.7783,3.5315,1113,444
random,16,0.04,500,96,False,0.181869,0.961347,0.704677,0.343879,0.347191,0.873381,0.181924,0.657656,0.870719,0.038214,0.005682,3.799,3.5528,1128,446
random,16,0.04,1000,96,False,0.187569,0.931597,0.702509,0.338877,0.348615,0.909051,0.18915,0.659005,0.871132,0.038364,-0.01198,3.7738,3.5033,1062,431
random,17,0.04,500,96,False,0.187538,0.940824,0.712329,0.338749,0.348543,0.884964,0.185764,0.658824,0.869712,0.038489,0.002684,3.7823,3.5397,1114,438
random,17,0.04,1000,96,False,0.185064,0.979133,0.699906,0.337762,0.345966,0.909889,0.183127,0.657658,0.870525,0.037928,-0.001091,3.7759,3.4858,1074,407
random,18,0.04,500,96,False,0.17747,0.954746,0.698207,0.342299,0.34735,0.906301,0.17181,0.65865,0.873921,0.038119,0.0082,3.7929,3.5124,1075,410
random,18,0.04,1000,96,False,0.189325,0.985382,0.697756,0.337329,0.347926,0.952508,0.18829,0.658776,0.869706,0.037954,-2.9e-05,3.7726,3.4532,1064,399
random,19,0.04,500,96,False,0.187112,0.94527,0.703593,0.337677,0.350592,0.912285,0.182725,0.658133,0.870425,0.038363,0.005599,3.7734,3.5192,1091,427
random,19,0.04,1000,96,False,0.180289,0.962502,0.697627,0.339366,0.345717,0.902992,0.178424,0.658279,0.871967,0.038053,-0.002545,3.7803,3.5215,1106,402
random,20,0.04,500,96,False,0.185751,0.956338,0.693028,0.335315,0.348124,0.867469,0.184081,0.658863,0.86969,0.038102,-0.007198,3.7592,3.5648,1096,392
random,20,0.04,1000,96,False,0.1933,0.945337,0.704155,0.339314,0.350287,0.948344,0.194114,0.659118,0.867729,0.038329,-0.000309,3.7804,3.4712,1083,426
small_world,1,0.04,500,96,False,0.190981,0.956916,0.705582,0.341567,0.319699,0.882524,0.149076,0.658684,0.86945,0.041611,0.005015,3.7826,3.4785,1131,429
small_world,1,0.04,1000,96,False,0.184775,0.948017,0.705787,0.339776,0.319637,0.889156,0.147696,0.6588,0.870125,0.041182,-0.004963,3.7832,3.4797,1137,437
small_world,2,0.04,500,96,False,0.189061,0.979325,0.694007,0.335535,0.320157,0.870362,0.151186,0.658462,0.86773,0.041832,0.003062,3.7645,3.5082,1088,392
small_world,2,0.04,1000,96,False,0.186624,0.944901,0.708631,0.341489,0.31865,0.876011,0.147457,0.65874,0.868851,0.041225,0.007815,3.785,3.5133,1092,445
small_world,3,0.04,500,96,False,0.188601,0.951524,0.710624,0.341146,0.31974,0.886702,0.149313,0.658734,0.868694,0.04161,-0.005936,3.7842,3.4857,1137,451
small_world,3,0.04,1000,96,False,0.185836,0.951169,0.699448,0.340531,0.320619,0.908719,0.152229,0.658566,0.870034,0.041366,0.004472,3.7824,3.4578,1086,413
small_world,4,0.04,500,96,False,0.186421,0.970342,0.707552,0.336975,0.318603,0.866697,0.145111,0.657646,0.87027,0.041448,-0.01578,3.774,3.5202,1095,440
small_world,4,0.04,1000,96,False,0.185075,0.966095,0.704179,0.343505,0.319313,0.906757,0.147882,0.658258,0.869742,0.041293,0.008092,3.7948,3.4603,1099,415
small_world,5,0.04,500,96,False,0.19095,0.968708,0.706562,0.342675,0.319746,0.901525,0.14832,0.657904,0.870346,0.041648,0.00589,3.7921,3.4722,1100,444
small_world,5,0.04,1000,96,False,0.184389,0.967303,0.703588,0.338517,0.318678,0.869901,0.145668,0.659379,0.872194,0.041447,-0.00091,3.7787,3.4945,1128,418
small_world,6,0.04,500,96,False,0.184512,0.957178,0.704284,0.338287,0.319166,0.905005,0.143617,0.658638,0.86775,0.041515,0.004638,3.775,3.4431,1088,433
small_world,6,0.04,1000,96,False,0.190197,0.966923,0.703378,0.340041,0.320387,0.913697,0.155412,0.658117,0.869803,0.0413,0.0078,3.78,3.4429,1095,428
small_world,7,0.04,500,96,False,0.181042,0.960365,0.706359,0.344584,0.318896,0.918679,0.140479,0.658748,0.869212,0.041583,0.006363,3.7997,3.4393,1094,429
small_world,7,0.04,1000,96,False,0.185505,0.945176,0.709444,0.33991,0.317799,0.919792,0.151573,0.657865,0.873295,0.041276,9e-05,3.7829,3.4225,1106,447
small_world,8,0.04,500,96,False,0.182852,0.945206,0.711853,0.343141,0.320031,0.910731,0.143217,0.65864,0.870599,0.041558,0.011944,3.7968,3.46,1073,464
small_world,8,0.04,1000,96,False,0.18307,0.981052,0.701945,0.338339,0.316251,0.859231,0.145523,0.65825,0.870318,0.041418,0.005941,3.7754,3.5125,1073,423
small_world,9,0.04,500,96,False,0.186194,0.945258,0.704364,0.337609,0.320568,0.910693,0.147377,0.658781,0.870329,0.041527,0.00084,3.7747,3.4462,1094,418
small_world,9,0.04,1000,96,False,0.18327,0.953332,0.697413,0.339821,0.319314,0.879003,0.148912,0.658958,0.868975,0.041339,0.011191,3.7818,3.5084,1072,397
small_world,10,0.04,500,96,False,0.182577,0.951829,0.697086,0.340432,0.31904,0.906151,0.144977,0.659249,0.867492,0.041799,-0.004278,3.7798,3.461,1104,410
small_world,10,0.04,1000,96,False,0.180703,0.967213,0.706847,0.343731,0.318666,0.885796,0.143053,0.658354,0.871567,0.041302,-0.000981,3.796,3.4759,1128,438
small_world,11,0.04,500,96,False,0.186811,0.963834,0.699175,0.339291,0.319346,0.953669,0.147171,0.658644,0.868937,0.041785,0.003209,3.7734,3.3783,1103,411
small_world,11,0.04,1000,96,False,0.183311,0.962116,0.699807,0.340376,0.32143,0.854878,0.145191,0.65923,0.871447,0.041084,-0.013314,3.7851,3.5306,1102,411
small_world,12,0.04,500,96,False,0.182821,0.940172,0.697477,0.340065,0.322678,0.911911,0.143107,0.658049,0.868074,0.041396,0.00526,3.7827,3.464,1069,397
small_world,12,0.04,1000,96,False,0.189015,0.977807,0.702088,0.338644,0.31857,0.875137,0.153221,0.658952,0.870571,0.041564,0.013437,3.7807,3.4964,1106,423
small_world,13,0.04,500,96,False,0.184866,0.936227,0.705559,0.3422,0.320038,0.856904,0.144516,0.657902,0.870787,0.041672,-0.007739,3.7881,3.5297,1085,441
small_world,13,0.04,1000,96,False,0.187698,0.95972,0.702284,0.338081,0.321064,0.871418,0.148531,0.658741,0.870099,0.041484,-0.006228,3.7735,3.5073,1061,417
small_world,14,0.04,500,96,False,0.188755,0.95418,0.695139,0.336564,0.320522,0.841308,0.147488,0.65839,0.868378,0.041971,-0.000596,3.7625,3.5705,1086,403
small_world,14,0.04,1000,96,False,0.189584,0.970628,0.707676,0.336309,0.319061,0.885006,0.146318,0.658621,0.870383,0.041347,0.012233,3.7721,3.491,1075,442
small_world,15,0.04,500,96,False,0.188853,0.965207,0.705183,0.340757,0.321897,0.928163,0.149085,0.658483,0.869878,0.041607,-0.004224,3.784,3.4214,1148,442
small_world,15,0.04,1000,96,False,0.194935,0.961648,0.70412,0.337289,0.321002,0.869465,0.162088,0.658402,0.869882,0.041881,0.000649,3.7677,3.5218,1099,413
small_world,16,0.04,500,96,False,0.18455,0.943301,0.693683,0.339929,0.319646,0.853377,0.149459,0.658337,0.870513,0.041729,-0.010208,3.7806,3.5256,1121,396
small_world,16,0.04,1000,96,False,0.18424,0.944047,0.69454,0.337126,0.318332,0.909024,0.147418,0.658645,0.869533,0.041441,0.002115,3.7701,3.4349,1124,410
small_world,17,0.04,500,96,False,0.191599,0.937413,0.705903,0.341159,0.319169,0.927848,0.155321,0.659076,0.869889,0.041544,0.016034,3.7837,3.416,1113,451
small_world,17,0.04,1000,96,False,0.18167,0.976242,0.700447,0.339468,0.318847,0.892529,0.145373,0.658664,0.869679,0.041687,-0.002613,3.7816,3.4817,1117,421
small_world,18,0.04,500,96,False,0.179696,0.952067,0.693974,0.338098,0.317317,0.912339,0.143595,0.658813,0.870306,0.041755,-0.001624,3.7763,3.4347,1078,407
small_world,18,0.04,1000,96,False,0.187824,0.974127,0.706065,0.336867,0.31863,0.865684,0.150337,0.659169,0.871814,0.041544,0.008391,3.7747,3.5089,1088,451
small_world,19,0.04,500,96,False,0.18584,0.939722,0.711042,0.340144,0.318696,0.866137,0.14312,0.658524,0.871752,0.041422,0.004088,3.7843,3.5176,1138,450
small_world,19,0.04,1000,96,False,0.186285,0.968572,0.709507,0.340178,0.319955,0.875151,0.146894,0.658167,0.872079,0.041259,0.004115,3.7833,3.4965,1112,440
small_world,20,0.04,500,96,False,0.188421,0.954435,0.698387,0.33493,0.321103,0.863726,0.150324,0.659407,0.870477,0.041447,0.003424,3.7603,3.5264,1108,406
small_world,20,0.04,1000,96,False,0.185031,0.954163,0.703224,0.338721,0.319726,0.911708,0.150154,0.658249,0.869413,0.041237,0.002051,3.7777,3.451,1108,429
von_neumann,1,0.08,500,96,False,0.187346,0.951224,0.705671,0.340038,0.259214,0.868974,0.132231,0.657937,0.732008,0.068751,0.009043,3.7798,3.313,1100,433
von_neumann,1,0.08,1000,96,False,0.188653,0.965394,0.708818,0.343369,0.260361,0.838375,0.138765,0.659347,0.730923,0.068482,0.010099,3.7956,3.3763,1131,438
von_neumann,2,0.08,500,96,False,0.186417,0.961375,0.708178,0.342368,0.26141,0.814291,0.131037,0.658189,0.730301,0.069065,-0.00933,3.7903,3.4164,1164,443
von_neumann,2,0.08,1000,96,False,0.19077,0.957209,0.707309,0.339047,0.260275,0.849764,0.136772,0.658655,0.727143,0.069108,-0.003072,3.7807,3.368,1106,448
von_neumann,3,0.08,500,96,False,0.18189,0.958747,0.697765,0.338992,0.260774,0.841619,0.122902,0.658827,0.732028,0.06901,0.016203,3.7783,3.3794,1111,421
von_neumann,3,0.08,1000,96,False,0.189726,0.963897,0.708315,0.34216,0.26334,0.897477,0.144467,0.65935,0.734057,0.068077,-0.006546,3.7871,3.3027,1126,441
von_neumann,4,0.08,500,96,False,0.187547,0.984174,0.70869,0.339169,0.262473,0.843143,0.133597,0.658446,0.732716,0.068663,0.002617,3.7766,3.3879,1128,445
von_neumann,4,0.08,1000,96,False,0.187396,0.948845,0.709932,0.339924,0.260037,0.87406,0.136636,0.658565,0.731194,0.068406,0.001757,3.7847,3.3078,1114,447
von_neumann,5,0.08,500,96,False,0.182892,0.946673,0.703887,0.340633,0.261607,0.849991,0.129865,0.658108,0.732663,0.068707,0.005959,3.7826,3.359,1086,421
von_neumann,5,0.08,1000,96,False,0.183735,0.956195,0.699384,0.339022,0.261729,0.832901,0.132188,0.659241,0.730424,0.068779,-0.00278,3.774,3.3762,1129,413
von_neumann,6,0.08,500,96,False,0.186671,0.948214,0.702934,0.338071,0.262344,0.905625,0.129686,0.658949,0.726393,0.068756,0.011872,3.7764,3.2786,1104,433
von_neumann,6,0.08,1000,96,False,0.181395,0.980019,0.705304,0.343197,0.262619,0.851527,0.128064,0.658207,0.731391,0.068616,0.020553,3.7919,3.3559,1070,436
von_neumann,7,0.08,500,96,False,0.189449,0.947447,0.70027,0.333191,0.262962,0.859722,0.132991,0.658962,0.724665,0.06933,0.0121,3.7536,3.3728,1103,419
von_neumann,7,0.08,1000,96,False,0.1871,0.983281,0.703247,0.341355,0.26036,0.808691,0.134509,0.659147,0.732665,0.068018,0.009256,3.7852,3.4106,1091,429
von_neumann,8,0.08,500,96,False,0.183622,0.940145,0.693222,0.338545,0.261795,0.913606,0.127816,0.658512,0.731397,0.06863,0.006105,3.775,3.2642,1126,409
von_neumann,8,0.08,1000,96,False,0.18648,0.958882,0.699527,0.335895,0.261374,0.864961,0.13112,0.659333,0.731667,0.068822,-0.000547,3.7664,3.3258,1121,412
von_neumann,9,0.08,500,96,False,0.185642,0.961757,0.704447,0.34031,0.262926,0.7983,0.132366,0.65875,0.734237,0.068317,0.006377,3.7843,3.4542,1109,440
von_neumann,9,0.08,1000,96,False,0.181914,0.973592,0.70601,0.34392,0.260502,0.818468,0.130221,0.658669,0.726683,0.069154,-0.010522,3.8001,3.4241,1088,437
von_neumann,10,0.08,500,96,False,0.186363,0.952707,0.703569,0.341888,0.258241,0.833898,0.13253,0.657955,0.727106,0.069912,0.002659,3.7853,3.3724,1117,422
von_neumann,10,0.08,1000,96,False,0.186499,0.974902,0.706621,0.340934,0.261207,0.823943,0.13488,0.657889,0.736335,0.068469,0.003802,3.787,3.3976,1133,442
von_neumann,11,0.08,500,96,False,0.189319,0.956687,0.709286,0.344081,0.261662,0.920009,0.137375,0.658218,0.727315,0.069392,-0.002792,3.7965,3.2512,1121,445
von_neumann,11,0.08,1000,96,False,0.183257,0.959789,0.702645,0.343841,0.261005,0.837333,0.13267,0.6586,0.737152,0.06848,0.002442,3.7953,3.3897,1110,431
von_neumann,12,0.08,500,96,False,0.184414,0.959142,0.694433,0.334651,0.261257,0.930789,0.132553,0.658828,0.727931,0.069211,0.003101,3.7612,3.215,1108,398
von_neumann,12,0.08,1000,96,False,0.180071,0.96762,0.694737,0.339942,0.260467,0.815252,0.12974,0.65849,0.729429,0.069265,-0.004584,3.7788,3.4161,1102,401
von_neumann,13,0.08,500,96,False,0.191878,0.972998,0.706737,0.341111,0.259903,0.833412,0.131443,0.658899,0.729041,0.068986,-0.012207,3.7821,3.3899,1130,438
von_neumann,13,0.08,1000,96,False,0.189807,0.961236,0.708142,0.341787,0.263532,0.840455,0.131721,0.657866,0.727647,0.068285,-0.003721,3.7846,3.3812,1130,452
von_neumann,14,0.08,500,96,False,0.19169,0.981153,0.707365,0.340323,0.264483,0.850064,0.132367,0.658986,0.72927,0.068916,-0.005294,3.7812,3.3878,1163,433
von_neumann,14,0.08,1000,96,False,0.188768,0.96525,0.705834,0.339758,0.261387,0.938737,0.134945,0.658435,0.728451,0.068712,0.012217,3.7802,3.2363,1104,431
von_neumann,15,0.08,500,96,False,0.194122,0.945254,0.709025,0.339331,0.262952,0.886911,0.137638,0.659128,0.724141,0.069102,-0.001319,3.7783,3.3207,1129,447
von_neumann,15,0.08,1000,96,False,0.192578,0.958664,0.707573,0.338651,0.260904,0.817247,0.141626,0.658232,0.725455,0.069363,0.000977,3.7757,3.4172,1107,459
von_neumann,16,0.08,500,96,False,0.187863,0.964765,0.699295,0.338632,0.26348,0.831745,0.130148,0.659201,0.728045,0.069483,-0.003351,3.7751,3.4153,1092,407
von_neumann,16,0.08,1000,96,False,0.191864,0.968142,0.708862,0.340996,0.260885,0.901756,0.141199,0.659289,0.727233,0.068635,0.000887,3.7845,3.278,1117,450
von_neumann,17,0.08,500,96,False,0.191272,0.964384,0.714299,0.339624,0.261872,0.824809,0.134059,0.658652,0.728675,0.068978,0.002801,3.7827,3.4138,1103,472
von_neumann,17,0.08,1000,96,False,0.18129,0.948803,0.699761,0.341051,0.261243,0.856897,0.128692,0.657976,0.730204,0.069005,0.00427,3.7854,3.3428,1113,416
von_neumann,18,0.08,500,96,False,0.184174,0.963482,0.699812,0.338716,0.260751,0.836556,0.131291,0.659002,0.731143,0.069096,0.001393,3.7787,3.3825,1115,409
von_neumann,18,0.08,1000,96,False,0.185509,0.953585,0.702447,0.340051,0.260724,0.878305,0.131406,0.658778,0.732258,0.068545,-0.007455,3.7829,3.3204,1073,429
von_neumann,19,0.08,500,96,False,0.192493,0.96233,0.710266,0.343646,0.264308,0.871706,0.134304,0.658776,0.729645,0.068776,0.001227,3.7939,3.337,1128,435
von_neumann,19,0.08,1000,96,False,0.189156,0.948204,0.705986,0.342087,0.26194,0.867333,0.138632,0.658962,0.73197,0.068396,0.00154,3.7847,3.336,1144,455
von_neumann,20,0.08,500,96,False,0.189438,0.96844,0.706595,0.339149,0.261852,0.869716,0.135801,0.658686,0.729663,0.068845,-0.001751,3.7796,3.3388,1089,435
von_neumann,20,0.08,1000,96,False,0.190536,0.959403,0.705112,0.336881,0.262144,0.867574,0.133903,0.658776,0.731669,0.068147,-0.004767,3.768,3.3395,1085,429
moore,1,0.08,500,96,False,0.196872,0.995516,0.700114,0.34052,0.309459,0.8695,0.133727,0.659806,0.800813,0.04456,0.017396,3.7766,3.3705,673,366
moore,1,0.08,1000,96,False,0.194196,0.945961,0.70698,0.339762,0.311166,0.897328,0.12958,0.660562,0.801416,0.04384,0.02401,3.7819,3.3598,652,397
moore,2,0.08,500,96,False,0.197469,0.952765,0.705456,0.339181,0.309509,0.908948,0.131222,0.660064,0.799268,0.04476,0.007381,3.7748,3.3294,647,386
moore,2,0.08,1000,96,False,0.199816,0.963485,0.717984,0.341781,0.31087,0.872851,0.131637,0.660065,0.799933,0.044561,0.022122,3.7875,3.4061,615,416
moore,3,0.08,500,96,False,0.192099,0.968121,0.704803,0.339125,0.310636,0.897526,0.123875,0.660347,0.799183,0.044636,0.023579,3.7771,3.3526,648,401
moore,3,0.08,1000,96,False,0.194087,0.973512,0.705525,0.337957,0.312357,0.917511,0.132908,0.660595,0.801774,0.043914,0.013143,3.7702,3.3149,625,383
moore,4,0.08,500,96,False,0.199476,0.954605,0.705562,0.336606,0.311345,0.900484,0.134884,0.660818,0.80171,0.044021,0.012643,3.7662,3.3507,615,391
moore,4,0.08,1000,96,False,0.192354,0.952922,0.710799,0.341058,0.309786,0.872398,0.129302,0.660122,0.798864,0.044118,0.005733,3.7854,3.3928,676,407
moore,5,0.08,500,96,False,0.187684,0.959013,0.713171,0.340702,0.309692,0.860403,0.127416,0.660251,0.803356,0.044647,0.01887,3.7843,3.379,652,393
moore,5,0.08,1000,96,False,0.189765,0.963712,0.703059,0.339105,0.312926,0.902067,0.125804,0.660351,0.79835,0.044526,0.006989,3.7759,3.3341,667,384
moore,6,0.08,500,96,False,0.200209,0.955132,0.715938,0.337461,0.311906,0.889878,0.135563,0.660449,0.79825,0.044874,0.012408,3.7713,3.353,656,427
moore,6,0.08,1000,96,False,0.191553,0.967524,0.705563,0.339299,0.313923,0.920719,0.129067,0.660213,0.79939,0.044617,0.01525,3.7799,3.3214,636,389
moore,7,0.08,500,96,False,0.197904,0.953976,0.711175,0.333544,0.312149,0.850665,0.130902,0.660597,0.798953,0.044894,0.022051,3.7603,3.4374,657,393
moore,7,0.08,1000,96,False,0.188081,0.941793,0.715007,0.343295,0.309073,0.902122,0.125286,0.660031,0.804162,0.04384,0.023243,3.7925,3.3172,672,377
moore,8,0.08,500,96,False,0.195557,0.953954,0.712787,0.337851,0.31129,0.885678,0.131059,0.660717,0.800417,0.044548,0.014918,3.7715,3.3613,669,413
moore,8,0.08,1000,96,False,0.191957,0.958997,0.701452,0.334454,0.311529,0.924258,0.127016,0.661374,0.802406,0.044468,0.013179,3.7594,3.3084,650,362
moore,9,0.08,500,96,False,0.19929,0.94151,0.714236,0.338839,0.31137,0.863154,0.137092,0.660424,0.802961,0.044402,0.01628,3.7742,3.387,619,403
moore,9,0.08,1000,96,False,0.194786,0.96216,0.709224,0.337918,0.310494,0.871968,0.133117,0.660138,0.797163,0.044633,0.004151,3.7736,3.3817,636,371
moore,10,0.08,500,96,False,0.196016,0.964671,0.702932,0.340536,0.310747,0.861959,0.132092,0.659153,0.796783,0.045382,0.014945,3.7784,3.4123,645,377
moore,10,0.08,1000,96,False,0.196158,0.981713,0.71179,0.339509,0.310934,0.837752,0.135992,0.660007,0.804196,0.044133,0.017183,3.7762,3.4209,657,393
moore,11,0.08,500,96,False,0.199489,0.958052,0.712843,0.340297,0.310464,0.850028,0.132924,0.66092,0.798878,0.044711,0.009784,3.7803,3.4055,631,406
moore,11,0.08,1000,96,False,0.194734,0.956271,0.708058,0.340133,0.310366,0.854803,0.131283,0.660735,0.806059,0.044236,0.013238,3.7766,3.4064,640,384
moore,12,0.08,500,96,False,0.192434,0.944435,0.695548,0.336163,0.310047,0.83561,0.131692,0.660805,0.800083,0.044838,0.023395,3.7595,3.4219,656,351
moore,12,0.08,1000,96,False,0.193255,0.957709,0.71049,0.340368,0.31222,0.872833,0.132869,0.659923,0.799747,0.044635,0.016559,3.7834,3.3975,647,398
moore,13,0.08,500,96,False,0.201525,0.960332,0.712012,0.337325,0.310918,0.918563,0.130085,0.660156,0.80068,0.044923,0.003274,3.7694,3.304,655,412
moore,13,0.08,1000,96,False,0.202212,0.970406,0.709746,0.338819,0.313961,0.925247,0.134595,0.660335,0.800737,0.044283,0.019903,3.7756,3.2993,599,387
moore,14,0.08,500,96,False,0.203335,0.94643,0.710757,0.339164,0.314095,0.833021,0.135728,0.660243,0.79874,0.04478,0.017322,3.7765,3.4669,647,403
moore,14,0.08,1000,96,False,0.200267,0.961681,0.710931,0.338657,0.31059,0.840902,0.134118,0.660192,0.801316,0.044275,0.016758,3.7742,3.439,620,403
moore,15,0.08,500,96,False,0.202417,0.972919,0.722397,0.34124,0.312691,0.940585,0.135962,0.660342,0.795931,0.044791,0.016319,3.7841,3.2795,610,419
moore,15,0.08,1000,96,False,0.19947,0.946836,0.709595,0.339371,0.312872,0.865849,0.135483,0.660331,0.798722,0.044635,0.019919,3.7729,3.3907,614,389
moore,16,0.08,500,96,False,0.200501,0.948658,0.707742,0.338168,0.313991,0.916726,0.130337,0.660393,0.798574,0.04473,0.009474,3.7703,3.3306,640,376
moore,16,0.08,1000,96,False,0.194384,0.950055,0.707299,0.340397,0.309468,0.858652,0.130485,0.659825,0.798757,0.044237,0.009667,3.7808,3.4009,646,391
moore,17,0.08,500,96,False,0.198275,0.971549,0.7097,0.33764,0.309945,0.858263,0.132609,0.660428,0.800078,0.044813,0.008045,3.7712,3.396,672,423
moore,17,0.08,1000,96,False,0.192,0.949464,0.699074,0.339108,0.311823,0.882113,0.127164,0.659693,0.800366,0.044702,0.012605,3.7734,3.3695,644,371
moore,18,0.08,500,96,False,0.190624,0.95913,0.705023,0.340636,0.311303,0.861432,0.124491,0.660836,0.800302,0.044369,0.011865,3.781,3.41,616,384
moore,18,0.08,1000,96,False,0.192304,0.979173,0.696773,0.336513,0.310711,0.88765,0.124777,0.660807,0.801928,0.044315,0.017502,3.7662,3.3607,664,361
moore,19,0.08,500,96,False,0.199308,0.959078,0.711334,0.342739,0.313748,0.863702,0.131807,0.660476,0.799931,0.044501,0.009324,3.7807,3.3998,646,416
moore,19,0.08,1000,96,False,0.202967,0.949231,0.708108,0.336461,0.310173,0.840739,0.141305,0.659889,0.800808,0.044486,0.013725,3.7636,3.43,636,406
moore,20,0.08,500,96,False,0.191765,0.955115,0.702663,0.339387,0.311941,0.873447,0.125884,0.660842,0.799154,0.044512,0.016452,3.776,3.397,655,385
moore,20,0.08,1000,96,False,0.201323,0.95538,0.710151,0.338567,0.30895,0.842027,0.134683,0.660635,0.798516,0.04436,0.015297,3.7652,3.4113,658,385
hex,1,0.08,500,96,False,0.196943,0.966191,0.705917,0.339797,0.294529,0.822848,0.126314,0.659503,0.769608,0.050711,0.015678,3.7765,3.444,849,417
hex,1,0.08,1000,96,False,0.200017,0.964893,0.71106,0.340363,0.29561,0.852807,0.129813,0.661071,0.770494,0.05008,0.01582,3.7763,3.4107,865,417
hex,2,0.08,500,96,False,0.200221,0.970659,0.70869,0.341441,0.295557,0.90751,0.125175,0.660555,0.768341,0.051002,0.005814,3.7806,3.321,911,425
hex,2,0.08,1000,96,False,0.202371,0.951972,0.71499,0.341557,0.295752,0.885188,0.127984,0.660009,0.767952,0.050662,0.020733,3.7854,3.3729,890,438
hex,3,0.08,500,96,False,0.190684,0.967124,0.695036,0.340529,0.295878,0.867141,0.115575,0.660512,0.769798,0.050873,0.025774,3.7785,3.3899,840,374
hex,3,0.08,1000,96,False,0.196961,0.960445,0.705738,0.339941,0.298506,0.904532,0.130092,0.6606,0.769189,0.050184,0.015096,3.7767,3.3325,849,412
hex,4,0.08,500,96,False,0.198384,0.945314,0.712815,0.336947,0.296528,0.855019,0.127976,0.660654,0.770484,0.050263,0.018445,3.768,3.4018,876,443
hex,4,0.08,1000,96,False,0.192942,0.946383,0.710651,0.341822,0.294716,0.860053,0.123355,0.6603,0.770163,0.050239,0.010947,3.7862,3.3949,845,428
hex,5,0.08,500,96,False,0.190218,0.935558,0.707685,0.341401,0.295274,0.847677,0.120917,0.659777,0.771904,0.05084,0.023309,3.787,3.3955,878,405
hex,5,0.08,1000,96,False,0.19418,0.955105,0.709398,0.339415,0.298238,0.888619,0.124085,0.660576,0.767756,0.050766,0.012589,3.7798,3.3547,883,414
hex,6,0.08,500,96,False,0.198181,0.943239,0.709235,0.336323,0.296824,0.860948,0.124785,0.660906,0.766274,0.050972,0.018955,3.7655,3.3911,878,416
hex,6,0.08,1000,96,False,0.193751,0.957357,0.712721,0.340049,0.298774,0.903615,0.124287,0.659754,0.769349,0.050788,0.026379,3.7789,3.3356,842,433
hex,7,0.08,500,96,False,0.202023,0.938686,0.711105,0.335689,0.298277,0.884496,0.127019,0.660093,0.765478,0.051077,0.020711,3.7598,3.3663,875,419
hex,7,0.08,1000,96,False,0.192052,0.978594,0.71274,0.341057,0.294459,0.920346,0.123284,0.660749,0.772598,0.050072,0.020096,3.7858,3.2747,867,420
hex,8,0.08,500,96,False,0.196314,0.983316,0.705645,0.338249,0.296569,0.839314,0.124585,0.660776,0.768456,0.050752,0.013542,3.7723,3.4314,885,415
hex,8,0.08,1000,96,False,0.195558,0.927429,0.701159,0.334154,0.29733,0.929126,0.122877,0.661093,0.771601,0.050582,0.018419,3.7532,3.2907,831,403
hex,9,0.08,500,96,False,0.199084,0.966309,0.711466,0.339706,0.296739,0.839257,0.129526,0.660783,0.770782,0.050523,0.014513,3.7758,3.4231,877,427
hex,9,0.08,1000,96,False,0.194784,0.96363,0.704098,0.335825,0.295864,0.900269,0.126155,0.66034,0.765683,0.050826,0.004642,3.7653,3.3305,860,386
hex,10,0.08,500,96,False,0.19464,0.972205,0.704526,0.341941,0.294533,0.850415,0.123318,0.659618,0.766791,0.051611,0.008561,3.7833,3.4076,897,409
hex,10,0.08,1000,96,False,0.193263,0.977265,0.708512,0.342198,0.296225,0.870669,0.125144,0.659994,0.774812,0.050194,0.016115,3.7897,3.3549,888,423
hex,11,0.08,500,96,False,0.201072,0.958227,0.715775,0.340227,0.29704,0.845313,0.129798,0.660484,0.766928,0.050993,0.002249,3.7809,3.4072,896,447
hex,11,0.08,1000,96,False,0.196942,0.952598,0.709734,0.340676,0.295364,0.8528,0.126968,0.660664,0.776072,0.05034,0.013328,3.7784,3.3939,880,416
hex,12,0.08,500,96,False,0.195308,0.971563,0.702617,0.33252,0.296701,0.846833,0.127129,0.660909,0.768959,0.050996,0.026103,3.7518,3.4032,853,396
hex,12,0.08,1000,96,False,0.191076,0.93373,0.702754,0.340548,0.297002,0.883099,0.12448,0.660155,0.768505,0.050869,0.008024,3.7826,3.3721,881,417
hex,13,0.08,500,96,False,0.203149,0.975904,0.707614,0.338748,0.294806,0.868287,0.12753,0.660154,0.769614,0.051079,0.004921,3.7722,3.3705,876,432
hex,13,0.08,1000,96,False,0.201938,0.978016,0.710572,0.339275,0.298865,0.903789,0.127367,0.659598,0.768016,0.050441,0.013473,3.7741,3.317,848,422
hex,14,0.08,500,96,False,0.202054,0.971534,0.706288,0.339557,0.298778,0.862273,0.126923,0.660143,0.767943,0.050851,0.014478,3.7759,3.4119,877,405
hex,14,0.08,1000,96,False,0.201433,0.940955,0.709463,0.337222,0.297348,0.855135,0.128063,0.660377,0.768817,0.050596,0.015882,3.7663,3.411,867,411
hex,15,0.08,500,96,False,0.202739,0.956699,0.716969,0.337997,0.297573,0.913289,0.127131,0.660691,0.763615,0.050892,0.01574,3.7724,3.3089,886,449
hex,15,0.08,1000,96,False,0.199436,0.956741,0.709449,0.336954,0.297337,0.867201,0.128528,0.660372,0.767579,0.05083,0.01289,3.7672,3.3903,861,423
hex,16,0.08,500,96,False,0.20283,0.949534,0.705837,0.336006,0.298729,0.884364,0.12545,0.660941,0.766897,0.050955,0.014039,3.7605,3.3699,878,401
hex,16,0.08,1000,96,False,0.197091,0.950785,0.715151,0.341038,0.295084,0.846637,0.126334,0.659874,0.767313,0.05047,0.016838,3.7812,3.414,854,427
hex,17,0.08,500,96,False,0.199099,0.95744,0.712868,0.337138,0.296076,0.869815,0.12553,0.660687,0.768202,0.051013,0.010094,3.7747,3.3683,890,443
hex,17,0.08,1000,96,False,0.19306,0.96015,0.699625,0.33887,0.295944,0.859694,0.122811,0.659792,0.770026,0.050855,0.01612,3.7686,3.3809,882,390
hex,18,0.08,500,96,False,0.192286,0.958277,0.707632,0.340235,0.295715,0.909055,0.120516,0.660918,0.769473,0.050682,0.01451,3.7761,3.3178,868,404
hex,18,0.08,1000,96,False,0.193409,0.947369,0.705552,0.337066,0.295136,0.85939,0.121523,0.660673,0.771089,0.050547,0.013919,3.7669,3.3928,850,400
hex,19,0.08,500,96,False,0.202915,0.954395,0.709519,0.341427,0.299827,0.931734,0.129097,0.660823,0.76817,0.050805,0.013342,3.7814,3.2939,881,444
hex,19,0.08,1000,96,False,0.20033,0.966191,0.712007,0.338944,0.296404,0.865402,0.131682,0.660131,0.769868,0.050642,0.010986,3.7731,3.3877,867,433
hex,20,0.08,500,96,False,0.195384,0.993169,0.706053,0.33764,0.297776,0.901589,0.124359,0.661118,0.768689,0.050823,0.016681,3.7707,3.3374,875,412
hex,20,0.08,1000,96,False,0.197139,0.959179,0.709349,0.339602,0.295159,0.871352,0.123678,0.660043,0.768423,0.050564,0.012789,3.7779,3.3685,869,414
random,1,0.08,500,96,False,0.182846,0.951292,0.701229,0.343009,0.345907,0.859856,0.181422,0.657947,0.729884,0.054103,0.011809,3.7917,3.5749,1103,408
random,1,0.08,1000,96,False,0.185339,0.940801,0.696224,0.33898,0.351692,0.914476,0.184143,0.658022,0.727738,0.053455,0.006406,3.7726,3.503,1067,398
random,2,0.08,500,96,False,0.180691,0.967254,0.700081,0.340142,0.346456,0.88172,0.180092,0.658143,0.733482,0.054061,0.002572,3.7864,3.5398,1096,413
random,2,0.08,1000,96,False,0.183311,0.96637,0.70373,0.343001,0.347816,0.892837,0.180997,0.658773,0.733797,0.053358,0.009169,3.7882,3.536,1078,428
random,3,0.08,500,96,False,0.18104,0.952697,0.700265,0.341495,0.346411,0.911072,0.180014,0.657334,0.729121,0.054535,-0.00244,3.7885,3.5134,1097,407
random,3,0.08,1000,96,False,0.182717,0.972281,0.708439,0.342909,0.348584,0.875601,0.178951,0.658513,0.73095,0.053429,0.006035,3.7976,3.5712,1092,437
random,4,0.08,500,96,False,0.190133,0.982544,0.702064,0.340932,0.350333,0.899634,0.18966,0.658166,0.729805,0.054136,-0.009486,3.7801,3.54,1137,433
random,4,0.08,1000,96,False,0.186834,0.950742,0.703577,0.339009,0.348698,0.903672,0.186613,0.657674,0.728558,0.053569,-0.004569,3.7807,3.5385,1125,443
random,5,0.08,500,96,False,0.185983,0.977293,0.703086,0.339529,0.348656,0.880493,0.185108,0.658289,0.728674,0.054195,3.1e-05,3.7789,3.5535,1096,428
random,5,0.08,1000,96,False,0.181729,0.960399,0.694856,0.333551,0.345251,0.907914,0.183178,0.658269,0.732797,0.053675,-0.00312,3.7596,3.4888,1068,398
random,6,0.08,500,96,False,0.180768,0.961009,0.707424,0.343737,0.348865,0.87729,0.181713,0.658453,0.729826,0.05393,-0.002114,3.7985,3.5614,1122,446
random,6,0.08,1000,96,False,0.188186,0.976117,0.702278,0.3413,0.347699,0.89988,0.186989,0.657836,0.729025,0.05368,-0.003233,3.7863,3.5162,1089,424
random,7,0.08,500,96,False,0.185107,0.969591,0.699997,0.337878,0.349789,0.925505,0.180925,0.65914,0.729202,0.053932,0.008941,3.7743,3.494,1062,422
random,7,0.08,1000,96,False,0.181867,0.971475,0.690194,0.334162,0.346224,0.896532,0.179708,0.658571,0.730856,0.053697,0.002083,3.7629,3.5221,1073,383
random,8,0.08,500,96,False,0.186129,0.962752,0.709045,0.34272,0.35065,0.966699,0.189997,0.657757,0.734601,0.054023,-0.002891,3.7902,3.4099,1118,444
random,8,0.08,1000,96,False,0.179703,0.949309,0.695778,0.339512,0.345206,0.910997,0.180612,0.658126,0.734141,0.053621,-0.004105,3.7783,3.489,1095,399
random,9,0.08,500,96,False,0.182441,0.946193,0.694525,0.338461,0.346425,0.90225,0.177561,0.658411,0.731718,0.054144,0.000814,3.7775,3.5046,1085,398
random,9,0.08,1000,96,False,0.188217,0.990116,0.70122,0.341572,0.34815,0.92549,0.18593,0.658303,0.731825,0.053906,0.003798,3.7835,3.4855,1122,407
random,10,0.08,500,96,False,0.184266,0.960728,0.705539,0.34137,0.349577,0.896259,0.180479,0.65833,0.731604,0.05403,0.005651,3.7864,3.5463,1105,447
random,10,0.08,1000,96,False,0.18299,0.956446,0.699351,0.338304,0.348617,0.919726,0.181346,0.658528,0.736009,0.053594,0.003066,3.7779,3.4902,1038,410
random,11,0.08,500,96,False,0.186275,0.975065,0.700548,0.344246,0.346619,0.896034,0.185267,0.658639,0.729393,0.054127,0.004291,3.7943,3.5378,1056,428
random,11,0.08,1000,96,False,0.183484,0.975743,0.69477,0.336645,0.349329,0.872945,0.18103,0.658583,0.734398,0.053478,-0.003043,3.7701,3.5656,1106,399
random,12,0.08,500,96,False,0.190798,0.949478,0.706527,0.339526,0.348251,0.88953,0.189756,0.658194,0.72861,0.054291,-0.002512,3.7769,3.5377,1057,447
random,12,0.08,1000,96,False,0.188744,0.96398,0.704469,0.338641,0.346575,0.875752,0.188783,0.658712,0.728046,0.053942,0.003921,3.779,3.5539,1111,431
random,13,0.08,500,96,False,0.184234,0.964272,0.70162,0.338709,0.347732,0.918175,0.183724,0.658467,0.730234,0.054145,0.005382,3.7811,3.4914,1126,419
random,13,0.08,1000,96,False,0.184486,0.940561,0.696829,0.340181,0.348414,0.944539,0.185113,0.6582,0.72844,0.053686,0.0003,3.78,3.4482,1100,404
random,14,0.08,500,96,False,0.18817,0.95345,0.699931,0.338067,0.350793,0.873024,0.189824,0.658373,0.728459,0.054004,-0.00399,3.7735,3.562,1142,405
random,14,0.08,1000,96,False,0.187746,0.96697,0.698666,0.335621,0.349117,0.915116,0.189242,0.658266,0.730678,0.054153,-0.001088,3.7638,3.4996,1087,401
random,15,0.08,500,96,False,0.188946,0.95903,0.705399,0.33804,0.348721,0.911979,0.18717,0.658654,0.726965,0.054046,0.005979,3.7751,3.5047,1085,444
random,15,0.08,1000,96,False,0.186027,0.969085,0.705173,0.337618,0.346642,0.961016,0.182747,0.658124,0.729507,0.053432,-0.005624,3.7731,3.4237,1125,437
random,16,0.08,500,96,False,0.178175,0.974894,0.704313,0.345918,0.347231,0.897324,0.177295,0.657499,0.731656,0.053781,0.007556,3.8088,3.5196,1122,443
random,16,0.08,1000,96,False,0.187835,0.966305,0.703258,0.337572,0.348998,0.894485,0.189566,0.659049,0.730255,0.054073,-0.011414,3.7729,3.5275,1110,424
random,17,0.08,500,96,False,0.186834,0.936004,0.706167,0.339146,0.347562,0.925175,0.186326,0.658617,0.728879,0.054286,0.002259,3.7819,3.4779,1122,435
random,17,0.08,1000,96,False,0.183603,0.939312,0.694102,0.338069,0.345732,0.866625,0.181657,0.657885,0.730349,0.053545,-0.003648,3.7723,3.5587,1123,397
random,18,0.08,500,96,False,0.180128,0.965537,0.699618,0.341645,0.347866,0.962471,0.175148,0.658567,0.737167,0.053718,0.006368,3.7857,3.4323,1050,420
random,18,0.08,1000,96,False,0.191886,0.958066,0.69932,0.337224,0.34795,0.923201,0.190444,0.658818,0.728494,0.053535,-0.009138,3.7683,3.4823,1059,406
random,19,0.08,500,96,False,0.185514,0.970477,0.698426,0.339223,0.350607,0.888975,0.181104,0.657937,0.731746,0.054011,0.006527,3.7783,3.5533,1076,402
random,19,0.08,1000,96,False,0.179346,0.975049,0.697366,0.339552,0.345802,0.868798,0.179161,0.658186,0.734896,0.053668,0.001704,3.7837,3.5615,1129,407
random,20,0.08,500,96,False,0.184008,0.970202,0.698915,0.337328,0.348514,0.913712,0.182746,0.658779,0.728323,0.053717,-0.008782,3.7689,3.4985,1127,407
random,20,0.08,1000,96,False,0.192207,0.962759,0.713212,0.341349,0.348341,0.899859,0.192387,0.658892,0.72679,0.054004,0.004762,3.7863,3.5331,1108,455
small_world,1,0.08,500,96,False,0.192904,0.961771,0.698167,0.339613,0.290989,0.864819,0.147367,0.658611,0.729572,0.063823,0.006564,3.778,3.4607,1127,407
small_world,1,0.08,1000,96,False,0.186668,0.964826,0.700325,0.337027,0.291126,0.839276,0.143178,0.659061,0.730646,0.063109,-0.003965,3.7717,3.4914,1131,417
small_world,2,0.08,500,96,False,0.190184,0.941008,0.700095,0.336694,0.292673,0.836553,0.143867,0.658994,0.727055,0.064258,0.009354,3.7694,3.5186,1098,414
small_world,2,0.08,1000,96,False,0.185465,0.94017,0.711994,0.341269,0.290687,0.853103,0.140828,0.658742,0.726438,0.063465,0.002871,3.7888,3.4894,1085,458
small_world,3,0.08,500,96,False,0.187639,0.938299,0.70883,0.339674,0.291223,0.88946,0.143332,0.65882,0.730186,0.063799,0.004949,3.7812,3.431,1110,444
small_world,3,0.08,1000,96,False,0.181886,0.957259,0.698519,0.340297,0.291819,0.886144,0.145211,0.658577,0.731972,0.063512,0.010609,3.7807,3.44,1069,409
small_world,4,0.08,500,96,False,0.187232,0.96288,0.704281,0.339458,0.290418,0.847511,0.139252,0.657969,0.729537,0.063371,-0.011308,3.777,3.4868,1102,428
small_world,4,0.08,1000,96,False,0.18504,0.959444,0.710883,0.341089,0.290052,0.928015,0.141152,0.658346,0.730278,0.063211,0.013575,3.7876,3.3564,1074,452
small_world,5,0.08,500,96,False,0.193414,0.966846,0.706821,0.338883,0.291883,0.921233,0.145964,0.658154,0.728811,0.063926,0.007536,3.7799,3.3788,1109,442
small_world,5,0.08,1000,96,False,0.183683,0.985653,0.697963,0.340021,0.289364,0.877617,0.136508,0.658926,0.73393,0.063651,0.00343,3.7819,3.4272,1125,416
small_world,6,0.08,500,96,False,0.185974,0.943031,0.696848,0.339622,0.291477,0.91317,0.139677,0.658916,0.727287,0.063854,0.009094,3.778,3.3832,1092,405
small_world,6,0.08,1000,96,False,0.189923,0.973958,0.706947,0.340124,0.291866,0.920719,0.150312,0.658435,0.728688,0.06338,0.001755,3.7813,3.3646,1126,439
small_world,7,0.08,500,96,False,0.18263,0.953552,0.701977,0.342535,0.290368,0.946662,0.136631,0.659057,0.728403,0.063944,-3.2e-05,3.7925,3.3399,1119,421
small_world,7,0.08,1000,96,False,0.189089,0.97575,0.704901,0.33889,0.289021,0.905731,0.149983,0.658112,0.735153,0.063286,0.004128,3.7771,3.3827,1113,425
small_world,8,0.08,500,96,False,0.184614,0.962873,0.707381,0.340338,0.291825,0.841831,0.138177,0.658682,0.730151,0.063784,0.010341,3.7827,3.5175,1097,433
small_world,8,0.08,1000,96,False,0.18415,0.972311,0.695358,0.33879,0.288313,0.872986,0.142247,0.658311,0.729424,0.063895,0.011281,3.7777,3.4343,1052,397
small_world,9,0.08,500,96,False,0.18518,0.957292,0.695064,0.337558,0.293196,0.906396,0.141152,0.65917,0.729576,0.063536,0.004412,3.7738,3.3999,1141,402
small_world,9,0.08,1000,96,False,0.186214,0.946381,0.707859,0.341237,0.291646,0.831639,0.146784,0.658544,0.727046,0.063641,0.005413,3.789,3.5304,1095,444
small_world,10,0.08,500,96,False,0.177509,0.962034,0.694877,0.340789,0.290197,0.921664,0.133478,0.658994,0.72844,0.064149,-0.007631,3.7847,3.3691,1099,405
small_world,10,0.08,1000,96,False,0.181967,0.963431,0.706826,0.341943,0.291125,0.880168,0.138622,0.659045,0.731635,0.063214,-0.007675,3.7875,3.4312,1099,432
small_world,11,0.08,500,96,False,0.187113,0.982313,0.698917,0.339388,0.290456,0.857195,0.142281,0.658538,0.726104,0.064106,-0.001416,3.7756,3.471,1087,405
small_world,11,0.08,1000,96,False,0.181119,0.962036,0.702269,0.33871,0.292609,0.888938,0.13997,0.65918,0.736476,0.062963,-0.004345,3.7771,3.426,1109,429
small_world,12,0.08,500,96,False,0.182492,0.944464,0.702307,0.340052,0.292924,0.82921,0.136819,0.657966,0.72817,0.063616,0.00565,3.7832,3.5202,1058,418
small_world,12,0.08,1000,96,False,0.187304,0.966368,0.695096,0.338245,0.291232,0.882663,0.146132,0.658809,0.728197,0.06369,0.008095,3.7732,3.4355,1134,399
small_world,13,0.08,500,96,False,0.186487,0.979892,0.700182,0.341958,0.291379,0.851111,0.139327,0.658243,0.732332,0.063794,-0.004972,3.7912,3.4787,1135,434
small_world,13,0.08,1000,96,False,0.188028,0.976241,0.697736,0.338,0.293968,0.914149,0.141978,0.65865,0.729441,0.063624,-0.009234,3.769,3.3927,1104,402
small_world,14,0.08,500,96,False,0.19063,0.958342,0.70554,0.338127,0.292166,0.909636,0.142571,0.658468,0.724447,0.064256,0.007442,3.7745,3.4043,1115,424
small_world,14,0.08,1000,96,False,0.190198,0.948919,0.704911,0.336551,0.291417,0.873195,0.142242,0.658468,0.727473,0.063418,0.014148,3.7704,3.4559,1089,428
small_world,15,0.08,500,96,False,0.190509,0.953996,0.706145,0.340229,0.293175,0.912956,0.148907,0.658566,0.728174,0.063798,-0.000381,3.7798,3.397,1144,435
small_world,15,0.08,1000,96,False,0.193832,0.939584,0.695237,0.336636,0.292848,0.881052,0.156075,0.658722,0.728351,0.064048,0.000905,3.7636,3.4469,1122,390
small_world,16,0.08,500,96,False,0.180261,0.948491,0.69604,0.339912,0.290939,0.858131,0.138353,0.658758,0.732938,0.063976,-0.005218,3.7814,3.4556,1084,407
small_world,16,0.08,1000,96,False,0.184127,0.942444,0.697933,0.33772,0.28938,0.868318,0.139455,0.658787,0.727836,0.063757,0.009314,3.7722,3.4397,1129,426
small_world,17,0.08,500,96,False,0.188061,0.942191,0.710766,0.342834,0.29033,0.897559,0.145477,0.65851,0.730506,0.063614,0.017308,3.7931,3.3972,1110,446
small_world,17,0.08,1000,96,False,0.179979,0.952952,0.692278,0.338315,0.289594,0.843203,0.137213,0.658891,0.729396,0.063918,0.002836,3.7742,3.4957,1075,397
small_world,18,0.08,500,96,False,0.178811,0.953258,0.691866,0.337498,0.288656,0.931693,0.137458,0.659207,0.731133,0.064056,0.008809,3.7739,3.3428,1050,387
small_world,18,0.08,1000,96,False,0.186079,0.964569,0.705716,0.339654,0.289556,0.857331,0.141044,0.658734,0.734985,0.063676,0.005841,3.7846,3.4554,1092,438
small_world,19,0.08,500,96,False,0.188045,0.946931,0.701277,0.340398,0.291418,0.908402,0.140152,0.658459,0.732716,0.063508,0.011964,3.7826,3.3984,1098,414
small_world,19,0.08,1000,96,False,0.185383,0.948816,0.705126,0.340258,0.291386,0.912958,0.139718,0.658195,0.731418,0.063354,0.008222,3.7827,3.3908,1111,436
small_world,20,0.08,500,96,False,0.188185,0.956227,0.698907,0.335076,0.292507,0.88813,0.146296,0.658971,0.729947,0.063384,0.000431,3.7645,3.4373,1096,400
small_world,20,0.08,1000,96,False,0.183865,0.947103,0.702251,0.339809,0.291688,0.868194,0.143814,0.657925,0.730241,0.063536,4.2e-05,3.7842,3.4723,1131,423
von_neumann,1,0.12,500,96,False,0.18601,0.944219,0.70459,0.33894,0.238841,0.86338,0.128709,0.658099,0.661854,0.09719,0.007912,3.7774,3.2537,1106,435
von_neumann,1,0.12,1000,96,False,0.189205,0.970596,0.706188,0.342144,0.240157,0.889771,0.136194,0.659414,0.660378,0.096932,0.009883,3.789,3.2199,1109,426
von_neumann,2,0.12,500,96,False,0.185807,0.939548,0.706897,0.342203,0.241667,0.864664,0.12743,0.65804,0.660074,0.097578,-0.006812,3.787,3.2626,1147,437
von_neumann,2,0.12,1000,96,False,0.190841,0.945194,0.706514,0.338214,0.23987,0.832314,0.134735,0.658681,0.656469,0.097924,-0.003724,3.7733,3.3203,1113,438
von_neumann,3,0.12,500,96,False,0.181385,0.97526,0.696383,0.338246,0.240572,0.862395,0.119738,0.65869,0.66278,0.097496,0.015204,3.7749,3.2734,1102,412
von_neumann,3,0.12,1000,96,False,0.190666,0.982269,0.711859,0.342451,0.243334,0.828312,0.143268,0.659437,0.664334,0.096118,-0.005298,3.7913,3.338,1145,452
von_neumann,4,0.12,500,96,False,0.188023,0.97868,0.709687,0.338903,0.242606,0.814421,0.130719,0.65836,0.662389,0.097096,0.006637,3.7768,3.3582,1127,437
von_neumann,4,0.12,1000,96,False,0.188137,0.963192,0.708938,0.338772,0.239582,0.816181,0.134409,0.658511,0.662149,0.096777,0.001659,3.7786,3.3247,1113,455
von_neumann,5,0.12,500,96,False,0.181501,0.953499,0.70195,0.340464,0.241408,0.851361,0.124816,0.658288,0.66265,0.097065,0.010545,3.7821,3.2824,1084,420
von_neumann,5,0.12,1000,96,False,0.18454,0.943096,0.698175,0.339281,0.241287,0.794309,0.128981,0.658933,0.659162,0.097325,-0.00499,3.7764,3.3782,1114,406
von_neumann,6,0.12,500,96,False,0.185513,0.959563,0.700374,0.337824,0.242004,0.89422,0.126146,0.659051,0.654969,0.097308,0.016066,3.7751,3.2233,1099,421
von_neumann,6,0.12,1000,96,False,0.182306,0.963508,0.705965,0.342661,0.242379,0.863617,0.125084,0.658339,0.660403,0.096969,0.023081,3.7912,3.2584,1093,424
von_neumann,7,0.12,500,96,False,0.189244,0.922843,0.700869,0.334214,0.242427,0.878366,0.128452,0.658834,0.652256,0.098046,0.016342,3.7581,3.2662,1090,428
von_neumann,7,0.12,1000,96,False,0.187396,0.971159,0.704985,0.341355,0.239896,0.81872,0.131886,0.659012,0.662789,0.096181,0.002525,3.788,3.3205,1128,423
von_neumann,8,0.12,500,96,False,0.184744,0.957578,0.697603,0.338566,0.241761,0.898569,0.126056,0.65817,0.661252,0.097138,0.005838,3.7723,3.2143,1117,418
von_neumann,8,0.12,1000,96,False,0.188967,0.956908,0.697204,0.336253,0.241535,0.882902,0.130589,0.659449,0.65981,0.097372,0.001553,3.7676,3.2235,1120,410
von_neumann,9,0.12,500,96,False,0.186184,0.969926,0.700646,0.339566,0.242951,0.809541,0.130379,0.658756,0.663176,0.096532,0.008015,3.7813,3.3623,1116,423
von_neumann,9,0.12,1000,96,False,0.181139,0.974761,0.702277,0.344429,0.240128,0.842676,0.127824,0.658701,0.656644,0.097933,-0.006489,3.7995,3.3109,1116,417
von_neumann,10,0.12,500,96,False,0.187157,0.956882,0.703124,0.342296,0.237858,0.792496,0.129093,0.657755,0.655762,0.098834,0.00173,3.7855,3.3633,1140,434
von_neumann,10,0.12,1000,96,False,0.18822,0.951522,0.701329,0.341071,0.240768,0.796286,0.133872,0.658119,0.665405,0.09672,0.006619,3.7789,3.37,1110,429
von_neumann,11,0.12,500,96,False,0.189439,0.940655,0.710086,0.343057,0.241193,0.896178,0.134294,0.658343,0.655074,0.098147,-0.004066,3.7929,3.2084,1122,452
von_neumann,11,0.12,1000,96,False,0.18344,0.951381,0.698391,0.341865,0.240417,0.80935,0.131161,0.658637,0.668575,0.096873,0.008396,3.7877,3.3626,1118,421
von_neumann,12,0.12,500,96,False,0.185834,0.974952,0.702059,0.336903,0.240927,0.878839,0.130077,0.658767,0.6557,0.097921,0.005539,3.7707,3.2189,1099,425
von_neumann,12,0.12,1000,96,False,0.179284,0.945684,0.695486,0.339622,0.239566,0.902075,0.126542,0.658685,0.65863,0.097902,-0.005646,3.7813,3.2033,1104,411
von_neumann,13,0.12,500,96,False,0.192347,0.946135,0.708558,0.343574,0.239854,0.811199,0.129223,0.65874,0.657522,0.09757,-0.008685,3.7924,3.3605,1143,439
von_neumann,13,0.12,1000,96,False,0.190909,0.97197,0.708479,0.340993,0.243108,0.872003,0.128696,0.657837,0.656354,0.09652,-0.003932,3.783,3.2595,1126,451
von_neumann,14,0.12,500,96,False,0.19009,0.966029,0.706337,0.338711,0.243902,0.84247,0.127732,0.6591,0.658466,0.097315,-0.006546,3.7759,3.3205,1153,424
von_neumann,14,0.12,1000,96,False,0.189472,0.960958,0.703262,0.339024,0.241543,0.949121,0.1319,0.658352,0.656533,0.097081,0.01482,3.7745,3.1572,1105,428
von_neumann,15,0.12,500,96,False,0.193732,0.942891,0.703247,0.338295,0.242803,0.834519,0.133354,0.659124,0.652196,0.097841,-0.004023,3.7725,3.3368,1115,428
von_neumann,15,0.12,1000,96,False,0.191379,0.972995,0.702601,0.33773,0.240225,0.819291,0.137499,0.658289,0.653635,0.098012,0.006427,3.7687,3.3425,1123,434
von_neumann,16,0.12,500,96,False,0.189198,0.9603,0.69834,0.338173,0.243334,0.840874,0.126699,0.659372,0.657075,0.098245,-0.003234,3.7714,3.3262,1127,411
von_neumann,16,0.12,1000,96,False,0.192228,0.946134,0.712414,0.340672,0.24079,0.832074,0.138014,0.659048,0.655787,0.097217,0.007047,3.7819,3.3174,1151,458
von_neumann,17,0.12,500,96,False,0.191788,0.978513,0.706786,0.337865,0.24136,0.880381,0.132335,0.658849,0.656925,0.097485,0.000715,3.7734,3.2425,1087,461
von_neumann,17,0.12,1000,96,False,0.18132,0.95792,0.700952,0.339736,0.241192,0.782918,0.125908,0.658094,0.65932,0.097411,0.012765,3.7834,3.3983,1082,418
von_neumann,18,0.12,500,96,False,0.182788,0.984484,0.701763,0.338678,0.240275,0.787744,0.127133,0.658903,0.660887,0.097783,0.000622,3.7787,3.3899,1139,418
von_neumann,18,0.12,1000,96,False,0.188485,0.965213,0.707501,0.340022,0.240707,0.855926,0.130871,0.658591,0.662205,0.096944,-0.003161,3.7865,3.2848,1088,443
von_neumann,19,0.12,500,96,False,0.194245,0.973687,0.710952,0.34264,0.244895,0.860212,0.132097,0.658857,0.658832,0.097178,-0.000972,3.7886,3.2888,1144,441
von_neumann,19,0.12,1000,96,False,0.188022,0.974247,0.705505,0.340819,0.241506,0.856302,0.133887,0.659443,0.662403,0.096674,0.001421,3.7855,3.2794,1149,447
von_neumann,20,0.12,500,96,False,0.189549,0.966754,0.707213,0.338617,0.240867,0.805232,0.1319,0.658616,0.65874,0.097366,0.001733,3.78,3.3635,1091,457
von_neumann,20,0.12,1000,96,False,0.190496,0.968575,0.707663,0.3366,0.242042,0.872987,0.130005,0.658823,0.661669,0.096434,-0.006975,3.7697,3.2581,1077,438
moore,1,0.12,500,96,False,0.19876,0.97032,0.708104,0.341123,0.278899,0.875158,0.119717,0.660537,0.714395,0.061441,0.031445,3.7818,3.279,635,391
moore,1,0.12,1000,96,False,0.197355,0.949001,0.71259,0.33946,0.281129,0.838434,0.115078,0.661285,0.715957,0.060528,0.035462,3.7757,3.3764,620,397
moore,2,0.12,500,96,False,0.202703,0.934876,0.703633,0.337464,0.279987,0.800121,0.119374,0.660862,0.712286,0.061675,0.019273,3.7616,3.4317,657,389
moore,2,0.12,1000,96,False,0.205044,0.96388,0.723144,0.33894,0.280529,0.926339,0.12,0.660823,0.712715,0.061546,0.033719,3.7731,3.2356,600,431
moore,3,0.12,500,96,False,0.19533,0.947184,0.708339,0.336327,0.279829,0.870407,0.110259,0.661196,0.712931,0.061452,0.037276,3.7664,3.3036,638,400
moore,3,0.12,1000,96,False,0.198252,0.970394,0.709724,0.336725,0.282362,0.85743,0.121041,0.661338,0.716184,0.060386,0.025349,3.7689,3.3236,639,398
moore,4,0.12,500,96,False,0.203922,0.971709,0.710579,0.33597,0.281306,0.85039,0.122375,0.661445,0.715149,0.060577,0.027401,3.7647,3.3484,609,398
moore,4,0.12,1000,96,False,0.196897,0.949562,0.70234,0.338844,0.278679,0.859938,0.117451,0.661033,0.71243,0.060836,0.015806,3.7739,3.3109,666,384
moore,5,0.12,500,96,False,0.191984,0.946494,0.710267,0.340879,0.2796,0.850492,0.115593,0.661135,0.718008,0.061341,0.032562,3.7851,3.3174,633,403
moore,5,0.12,1000,96,False,0.195422,0.951131,0.710023,0.339069,0.282495,0.904289,0.114635,0.661052,0.708916,0.061533,0.026463,3.774,3.2472,632,402
moore,6,0.12,500,96,False,0.204641,0.952848,0.709272,0.335863,0.2817,0.822474,0.123625,0.661407,0.709577,0.061908,0.022898,3.7616,3.3846,639,406
moore,6,0.12,1000,96,False,0.19643,0.947191,0.710292,0.339267,0.283707,0.906402,0.117258,0.661167,0.71194,0.061612,0.030893,3.7784,3.2463,600,406
moore,7,0.12,500,96,False,0.202493,0.983329,0.709321,0.332496,0.281848,0.875615,0.117145,0.661161,0.710888,0.061886,0.040097,3.7525,3.312,660,377
moore,7,0.12,1000,96,False,0.191379,0.950925,0.71464,0.343529,0.278734,0.860376,0.112278,0.661029,0.719499,0.060444,0.033017,3.7922,3.3019,642,389
moore,8,0.12,500,96,False,0.200657,0.945386,0.713336,0.335352,0.281054,0.847761,0.119108,0.661269,0.714447,0.061462,0.029764,3.7632,3.3391,643,401
moore,8,0.12,1000,96,False,0.19744,0.925353,0.703546,0.333092,0.281586,0.822757,0.115603,0.662098,0.715277,0.061336,0.028734,3.7536,3.3856,638,364
moore,9,0.12,500,96,False,0.201663,0.946843,0.710361,0.337639,0.2815,0.935507,0.122627,0.661411,0.716351,0.060998,0.031099,3.7681,3.194,618,391
moore,9,0.12,1000,96,False,0.198371,0.973245,0.710016,0.337574,0.279925,0.901077,0.121302,0.66122,0.710792,0.061786,0.014468,3.7723,3.2424,619,386
moore,10,0.12,500,96,False,0.20166,0.959628,0.704946,0.33967,0.280616,0.832717,0.120494,0.659972,0.708838,0.06268,0.028993,3.7741,3.373,618,386
moore,10,0.12,1000,96,False,0.201464,0.982383,0.710192,0.338219,0.280653,0.833238,0.124419,0.660857,0.718167,0.060815,0.031983,3.7708,3.3412,631,389
moore,11,0.12,500,96,False,0.20235,0.951564,0.710332,0.339123,0.279971,0.838688,0.118332,0.661481,0.710634,0.061677,0.021732,3.7726,3.3435,646,405
moore,11,0.12,1000,96,False,0.19887,0.94854,0.707974,0.339081,0.279578,0.909125,0.119372,0.661525,0.722309,0.06096,0.024209,3.7746,3.2279,626,372
moore,12,0.12,500,96,False,0.197755,0.955951,0.70357,0.335555,0.279955,0.841672,0.119465,0.661871,0.712147,0.061765,0.037139,3.7573,3.3276,642,366
moore,12,0.12,1000,96,False,0.196992,0.941971,0.713856,0.340916,0.281588,0.90744,0.121099,0.66068,0.712581,0.061625,0.028523,3.7826,3.2541,626,393
moore,13,0.12,500,96,False,0.207635,0.925878,0.713902,0.337384,0.281171,0.807847,0.118649,0.661141,0.713771,0.061916,0.021108,3.7608,3.4045,641,412
moore,13,0.12,1000,96,False,0.208357,0.972612,0.716786,0.338111,0.284249,0.863751,0.123221,0.661294,0.712569,0.061011,0.027319,3.771,3.311,608,403
moore,14,0.12,500,96,False,0.206275,0.950943,0.714254,0.337964,0.283842,0.842858,0.123219,0.661083,0.710967,0.061643,0.027794,3.769,3.3615,625,397
moore,14,0.12,1000,96,False,0.205695,0.950987,0.714611,0.339513,0.28056,0.84329,0.122982,0.660892,0.713526,0.060973,0.029667,3.7729,3.3514,615,395
moore,15,0.12,500,96,False,0.206725,0.962517,0.72255,0.338947,0.282512,0.896199,0.122491,0.661247,0.70744,0.061732,0.02557,3.7775,3.2656,616,413
moore,15,0.12,1000,96,False,0.202046,0.956208,0.714091,0.339658,0.281834,0.890842,0.122338,0.661146,0.711717,0.06157,0.034295,3.7777,3.27,630,392
moore,16,0.12,500,96,False,0.207383,0.971085,0.708722,0.335659,0.283939,0.911311,0.11955,0.661272,0.710712,0.061705,0.020041,3.7623,3.2482,630,384
moore,16,0.12,1000,96,False,0.19856,0.929715,0.711301,0.339276,0.279612,0.794918,0.116072,0.660408,0.711253,0.061064,0.021088,3.7753,3.4241,615,406
moore,17,0.12,500,96,False,0.202594,0.976294,0.712471,0.336534,0.279389,0.886242,0.120804,0.661186,0.713003,0.061841,0.021498,3.7651,3.2612,654,425
moore,17,0.12,1000,96,False,0.196457,0.980152,0.697416,0.33681,0.281649,0.822339,0.11515,0.660337,0.713436,0.061629,0.020062,3.7641,3.3836,628,376
moore,18,0.12,500,96,False,0.193689,0.958443,0.708432,0.339775,0.281044,0.863511,0.11133,0.661831,0.713318,0.061169,0.028558,3.779,3.3184,622,383
moore,18,0.12,1000,96,False,0.197889,0.97584,0.701735,0.337516,0.280624,0.849549,0.113278,0.661338,0.715626,0.061185,0.034107,3.7667,3.3438,636,375
moore,19,0.12,500,96,False,0.20477,0.96189,0.715831,0.340897,0.283959,0.867572,0.119238,0.661496,0.712906,0.061247,0.02302,3.7752,3.3091,627,406
moore,19,0.12,1000,96,False,0.207474,0.964271,0.713392,0.335916,0.279721,0.817342,0.129585,0.660896,0.714896,0.061437,0.02301,3.7581,3.3899,647,406
moore,20,0.12,500,96,False,0.195011,0.951269,0.702869,0.33876,0.28088,0.886883,0.112036,0.6615,0.712026,0.061427,0.02715,3.7725,3.2823,657,371
moore,20,0.12,1000,96,False,0.206887,0.962711,0.710736,0.336792,0.27836,0.850609,0.122275,0.66133,0.711467,0.061268,0.02871,3.7626,3.3109,620,398
hex,1,0.12,500,96,False,0.199059,0.950109,0.705281,0.339324,0.270255,0.842031,0.115126,0.660241,0.687113,0.070161,0.024262,3.7754,3.3348,843,393
hex,1,0.12,1000,96,False,0.203641,0.965222,0.710046,0.338781,0.271669,0.838397,0.119603,0.661644,0.68841,0.069363,0.025406,3.7708,3.3577,842,428
hex,2,0.12,500,96,False,0.205294,0.982544,0.707181,0.339248,0.272456,0.921511,0.116124,0.661253,0.685163,0.070555,0.014968,3.7702,3.2299,872,430
hex,2,0.12,1000,96,False,0.206494,0.945528,0.721464,0.339538,0.271843,0.830588,0.118253,0.660545,0.685309,0.070223,0.025761,3.7743,3.3834,874,455
hex,3,0.12,500,96,False,0.193813,0.951625,0.704882,0.339212,0.271959,0.852069,0.105474,0.661073,0.688097,0.070345,0.033964,3.7737,3.3406,826,397
hex,3,0.12,1000,96,False,0.200177,0.9777,0.715814,0.340572,0.274902,0.879026,0.119738,0.661303,0.68653,0.069295,0.025404,3.7812,3.2989,826,441
hex,4,0.12,500,96,False,0.202742,0.933289,0.709994,0.335379,0.273087,0.821317,0.118057,0.66148,0.688209,0.069485,0.030003,3.7633,3.3848,841,425
hex,4,0.12,1000,96,False,0.197832,0.966814,0.71056,0.338833,0.270427,0.889393,0.114824,0.661014,0.688173,0.069528,0.020922,3.7741,3.2585,828,432
hex,5,0.12,500,96,False,0.193452,0.965024,0.710826,0.341124,0.271657,0.835097,0.110452,0.6605,0.689575,0.070179,0.034019,3.784,3.3469,851,424
hex,5,0.12,1000,96,False,0.199017,0.950608,0.708845,0.339785,0.274225,0.831836,0.11443,0.660977,0.682793,0.070375,0.027111,3.7783,3.369,867,409
hex,6,0.12,500,96,False,0.20099,0.961571,0.710835,0.3369,0.272818,0.934952,0.114323,0.661438,0.681649,0.070615,0.029456,3.7633,3.2038,821,420
hex,6,0.12,1000,96,False,0.197822,0.954103,0.710907,0.339087,0.274778,0.835389,0.113636,0.660767,0.6857,0.070348,0.03789,3.7761,3.3698,838,396
hex,7,0.12,500,96,False,0.205883,0.97272,0.709131,0.335768,0.274281,0.899436,0.115719,0.6605,0.680239,0.070727,0.035021,3.7582,3.2726,855,429
hex,7,0.12,1000,96,False,0.196003,0.969541,0.715162,0.340736,0.270665,0.910439,0.113383,0.661415,0.690976,0.069258,0.024677,3.7851,3.2184,865,433
hex,8,0.12,500,96,False,0.200283,0.950059,0.712194,0.335974,0.272854,0.827882,0.114679,0.661221,0.685622,0.070313,0.021214,3.7625,3.379,857,427
hex,8,0.12,1000,96,False,0.200926,0.946568,0.707102,0.333389,0.273921,0.817525,0.114717,0.661839,0.687406,0.070009,0.027871,3.7522,3.3928,846,402
hex,9,0.12,500,96,False,0.201775,0.97606,0.716851,0.340107,0.273398,0.861841,0.118283,0.661337,0.68784,0.06976,0.023575,3.7781,3.3093,858,449
hex,9,0.12,1000,96,False,0.197251,0.95994,0.708229,0.337565,0.272009,0.836593,0.11612,0.661123,0.683542,0.070565,0.014367,3.7702,3.358,859,405
hex,10,0.12,500,96,False,0.199389,0.948547,0.710658,0.341324,0.2705,0.804436,0.113506,0.660296,0.683228,0.07151,0.017552,3.781,3.4069,870,424
hex,10,0.12,1000,96,False,0.198062,0.94919,0.713275,0.341675,0.272372,0.874541,0.115977,0.660786,0.692959,0.069402,0.02382,3.7855,3.2773,855,426
hex,11,0.12,500,96,False,0.203699,0.979493,0.716319,0.339146,0.273094,0.856688,0.118103,0.661203,0.682075,0.070602,0.011551,3.7766,3.3164,898,442
hex,11,0.12,1000,96,False,0.200147,0.97321,0.710271,0.339671,0.271337,0.856554,0.117456,0.661221,0.69519,0.069627,0.022956,3.774,3.3118,871,437
hex,12,0.12,500,96,False,0.199134,0.966034,0.704298,0.333838,0.273116,0.83375,0.116731,0.661422,0.684059,0.070543,0.034671,3.7594,3.3507,845,407
hex,12,0.12,1000,96,False,0.193657,0.958963,0.710612,0.340475,0.272351,0.86415,0.11459,0.660708,0.685137,0.070491,0.018421,3.7803,3.3221,867,428
hex,13,0.12,500,96,False,0.208093,0.968603,0.711954,0.339379,0.271359,0.888321,0.118854,0.660959,0.686371,0.070673,0.02018,3.7697,3.2669,865,438
hex,13,0.12,1000,96,False,0.207301,0.973759,0.715618,0.33711,0.275395,0.913393,0.117943,0.660541,0.68393,0.069772,0.017628,3.7656,3.2333,859,432
hex,14,0.12,500,96,False,0.203673,0.957328,0.708292,0.338962,0.274687,0.848007,0.115724,0.660876,0.684169,0.070301,0.020858,3.7718,3.3539,871,415
hex,14,0.12,1000,96,False,0.205972,0.98736,0.713094,0.338058,0.273688,0.803623,0.118636,0.660906,0.684316,0.069926,0.027525,3.766,3.4297,851,433
hex,15,0.12,500,96,False,0.206727,0.967723,0.719475,0.335561,0.273748,0.870298,0.116262,0.66145,0.678924,0.070462,0.024726,3.7612,3.3018,863,444
hex,15,0.12,1000,96,False,0.201368,0.957555,0.706467,0.336027,0.272816,0.835744,0.117415,0.660937,0.684722,0.070398,0.024168,3.7642,3.3601,851,406
hex,16,0.12,500,96,False,0.208126,0.957298,0.708853,0.335651,0.275033,0.833443,0.116195,0.661783,0.682708,0.070587,0.023468,3.7562,3.3831,850,416
hex,16,0.12,1000,96,False,0.202026,0.94589,0.712947,0.339716,0.271735,0.856225,0.116104,0.660304,0.683814,0.069962,0.027473,3.779,3.3281,825,426
hex,17,0.12,500,96,False,0.202775,0.972276,0.710288,0.335334,0.271793,0.831528,0.115721,0.661325,0.684604,0.070666,0.020338,3.7624,3.3558,867,427
hex,17,0.12,1000,96,False,0.196403,0.944285,0.698361,0.3377,0.272322,0.864595,0.112953,0.6603,0.686924,0.070335,0.024834,3.7648,3.3098,856,374
hex,18,0.12,500,96,False,0.19367,0.963772,0.708541,0.340933,0.271856,0.879785,0.108821,0.661645,0.687284,0.070136,0.026371,3.7805,3.286,861,414
hex,18,0.12,1000,96,False,0.199291,0.95114,0.709287,0.337095,0.271484,0.933297,0.113576,0.660945,0.688978,0.070051,0.024076,3.7672,3.2079,847,394
hex,19,0.12,500,96,False,0.207987,0.975987,0.715924,0.340155,0.276852,0.902986,0.119671,0.661729,0.68429,0.070251,0.023282,3.7754,3.2737,844,443
hex,19,0.12,1000,96,False,0.202396,0.961582,0.709584,0.33735,0.27218,0.812509,0.120452,0.66113,0.68771,0.070164,0.018379,3.7677,3.4041,884,433
hex,20,0.12,500,96,False,0.197363,0.957672,0.707625,0.336826,0.272923,0.884284,0.112588,0.661658,0.685602,0.070383,0.028394,3.7701,3.2811,847,417
hex,20,0.12,1000,96,False,0.200409,0.965521,0.708914,0.338315,0.271415,0.885702,0.112495,0.660749,0.685684,0.070092,0.018963,3.7703,3.2719,864,415
random,1,0.12,500,96,False,0.182894,0.955196,0.702816,0.342778,0.345,0.884128,0.181774,0.65827,0.659151,0.072996,0.012013,3.7947,3.5328,1086,419
random,1,0.12,1000,96,False,0.185165,0.962577,0.700533,0.33769,0.352128,0.898267,0.184412,0.658117,0.656546,0.072148,0.005824,3.7735,3.5273,1084,426
random,2,0.12,500,96,False,0.179827,0.957429,0.694681,0.340577,0.346351,0.921869,0.179297,0.65809,0.66361,0.072942,0.000772,3.7866,3.4755,1093,400
random,2,0.12,1000,96,False,0.183122,0.971381,0.699062,0.342243,0.348643,0.892164,0.180538,0.659107,0.66268,0.071987,0.007403,3.7879,3.5446,1061,421
random,3,0.12,500,96,False,0.182049,0.950059,0.698332,0.339656,0.345694,0.908974,0.181454,0.657649,0.658769,0.073689,-0.005123,3.7784,3.5152,1114,387
random,3,0.12,1000,96,False,0.181239,0.976083,0.706957,0.342264,0.347671,0.887246,0.177865,0.658525,0.660494,0.072021,0.004503,3.7929,3.542,1106,437
random,4,0.12,500,96,False,0.190799,0.957791,0.704295,0.340571,0.351049,0.901728,0.190952,0.658088,0.658231,0.073125,-0.004622,3.7756,3.5356,1134,432
random,4,0.12,1000,96,False,0.188615,0.938857,0.707649,0.338961,0.348943,0.900901,0.188345,0.657459,0.65688,0.072349,-0.004926,3.7813,3.5468,1117,459
random,5,0.12,500,96,False,0.185869,0.977776,0.704606,0.337745,0.348507,0.914391,0.184438,0.658369,0.657929,0.073176,0.001615,3.7702,3.4995,1054,427
random,5,0.12,1000,96,False,0.18171,0.953716,0.692551,0.333825,0.344397,0.89862,0.182742,0.658225,0.663425,0.072344,-0.000425,3.7627,3.4995,1064,400
random,6,0.12,500,96,False,0.179697,0.971681,0.708101,0.344768,0.348054,0.910728,0.180469,0.658271,0.659237,0.072813,-0.006914,3.8025,3.5097,1103,430
random,6,0.12,1000,96,False,0.187692,0.978348,0.700642,0.341057,0.347823,0.916251,0.186757,0.658086,0.657726,0.072618,-0.004947,3.7868,3.4953,1088,419
random,7,0.12,500,96,False,0.185945,0.953333,0.699161,0.338005,0.349592,0.940945,0.182427,0.659166,0.658655,0.07288,0.007383,3.7722,3.4673,1098,413
random,7,0.12,1000,96,False,0.180468,0.97081,0.695159,0.33518,0.345198,0.893637,0.178934,0.658623,0.66181,0.072481,0.001662,3.7674,3.5127,1068,404
random,8,0.12,500,96,False,0.185788,0.97762,0.710232,0.343317,0.35125,0.942527,0.189572,0.657624,0.66506,0.072866,-0.001827,3.795,3.4555,1143,439
random,8,0.12,1000,96,False,0.179519,0.926721,0.693304,0.340422,0.345398,0.911648,0.180854,0.658349,0.664215,0.072422,-0.001639,3.7809,3.4856,1081,394
random,9,0.12,500,96,False,0.18118,0.968375,0.696586,0.339778,0.346892,0.942514,0.176705,0.658166,0.661309,0.073114,0.001849,3.7802,3.4448,1105,399
random,9,0.12,1000,96,False,0.188278,0.980775,0.699777,0.340766,0.34832,0.927427,0.186254,0.658141,0.661255,0.072637,0.003492,3.7841,3.476,1095,414
random,10,0.12,500,96,False,0.186337,0.944362,0.702891,0.34089,0.349825,0.892599,0.182216,0.658228,0.661699,0.072959,0.00665,3.7861,3.548,1097,422
random,10,0.12,1000,96,False,0.181802,0.96879,0.702305,0.338831,0.348385,0.907355,0.179594,0.65862,0.667199,0.072281,0.000915,3.7799,3.5132,1091,417
random,11,0.12,500,96,False,0.186916,0.985221,0.708335,0.344138,0.346425,0.949353,0.18605,0.658431,0.658003,0.073023,0.004623,3.7935,3.4534,1111,470
random,11,0.12,1000,96,False,0.182622,0.972663,0.69057,0.335926,0.349702,0.86509,0.179725,0.658748,0.664448,0.072174,-0.006662,3.7665,3.5829,1078,390
random,12,0.12,500,96,False,0.188836,0.952385,0.70407,0.339516,0.347484,0.899988,0.187675,0.658218,0.658116,0.07324,-0.000648,3.7772,3.5198,1080,437
random,12,0.12,1000,96,False,0.187834,0.953831,0.70399,0.338202,0.346054,0.885587,0.18755,0.65866,0.656519,0.072794,-0.002029,3.7765,3.5314,1092,427
random,13,0.12,500,96,False,0.182521,0.974701,0.702489,0.338541,0.347166,0.920483,0.181927,0.658285,0.659601,0.073037,0.005991,3.7807,3.4862,1106,421
random,13,0.12,1000,96,False,0.183586,0.95519,0.702104,0.341286,0.347658,0.947109,0.18418,0.658339,0.658487,0.072335,0.004979,3.7838,3.4322,1122,431
random,14,0.12,500,96,False,0.188032,0.958508,0.695957,0.339287,0.351266,0.889401,0.188667,0.658537,0.657376,0.072831,-0.00113,3.7774,3.5399,1117,409
random,14,0.12,1000,96,False,0.188347,0.991161,0.695246,0.335554,0.349476,0.921199,0.191168,0.658315,0.6599,0.073111,0.003655,3.7589,3.4908,1107,390
random,15,0.12,500,96,False,0.1881,0.965873,0.707147,0.338376,0.347951,0.88637,0.186961,0.658684,0.656186,0.073085,0.0046,3.7769,3.5519,1082,442
random,15,0.12,1000,96,False,0.184493,0.973791,0.705521,0.336971,0.345737,0.930579,0.181265,0.658416,0.65947,0.072073,-0.005821,3.7711,3.4586,1145,440
random,16,0.12,500,96,False,0.176974,0.964652,0.70226,0.344834,0.347394,0.922978,0.175916,0.657617,0.661658,0.072625,0.007678,3.8044,3.4836,1154,430
random,16,0.12,1000,96,False,0.187052,0.975034,0.704999,0.338023,0.348631,0.950945,0.188908,0.658879,0.658336,0.072946,-0.010984,3.7754,3.443,1098,434
random,17,0.12,500,96,False,0.186453,0.955392,0.698194,0.339701,0.34718,0.917975,0.186683,0.658431,0.65792,0.073362,-0.000188,3.7766,3.489,1124,419
random,17,0.12,1000,96,False,0.182832,0.958318,0.701121,0.338673,0.346027,0.88695,0.181419,0.658073,0.65912,0.072401,-0.005954,3.7789,3.5297,1086,419
random,18,0.12,500,96,False,0.181977,0.966039,0.702851,0.341145,0.347928,0.956006,0.178128,0.65858,0.666677,0.072569,0.004382,3.7851,3.444,1083,428
random,18,0.12,1000,96,False,0.192609,0.949697,0.70149,0.336208,0.347787,0.927429,0.191087,0.658756,0.659259,0.072333,-0.014127,3.7653,3.469,1107,412
random,19,0.12,500,96,False,0.18411,0.944922,0.698396,0.339575,0.3499,0.887636,0.18009,0.657752,0.661894,0.072894,0.009248,3.7792,3.5483,1085,413
random,19,0.12,1000,96,False,0.179531,0.970958,0.697511,0.339682,0.345762,0.85428,0.180274,0.65824,0.665738,0.072472,0.003713,3.786,3.5761,1107,403
random,20,0.12,500,96,False,0.18244,0.971725,0.702028,0.339427,0.34856,0.925246,0.181856,0.658402,0.657579,0.072604,-0.006329,3.7813,3.4777,1137,420
random,20,0.12,1000,96,False,0.190469,0.973032,0.703044,0.341976,0.347284,0.872042,0.190215,0.658642,0.657322,0.072855,0.006747,3.7873,3.5703,1092,436
small_world,1,0.12,500,96,False,0.19303,0.962388,0.70696,0.338637,0.277626,0.831958,0.146053,0.658634,0.658577,0.089201,0.006157,3.7755,3.4925,1148,428
small_world,1,0.12,1000,96,False,0.187656,0.961352,0.701298,0.335863,0.277716,0.908514,0.14103,0.659091,0.65995,0.08822,-0.005365,3.7672,3.3519,1124,423
small_world,2,0.12,500,96,False,0.190182,0.952415,0.703638,0.338278,0.27956,0.847156,0.140626,0.658931,0.656551,0.089861,0.011708,3.7737,3.48,1129,426
small_world,2,0.12,1000,96,False,0.184913,0.955175,0.704651,0.339364,0.277235,0.886058,0.137429,0.658972,0.65565,0.088841,0.000566,3.7766,3.405,1087,436
small_world,3,0.12,500,96,False,0.187764,0.957462,0.706031,0.339154,0.277611,0.85038,0.141914,0.658731,0.660549,0.089121,0.009197,3.7797,3.4735,1121,432
small_world,3,0.12,1000,96,False,0.18005,0.964098,0.699716,0.340144,0.278127,0.874874,0.141218,0.658575,0.662402,0.088794,0.015496,3.784,3.4265,1081,408
small_world,4,0.12,500,96,False,0.185744,0.958744,0.702455,0.341011,0.277322,0.875366,0.135009,0.65824,0.659069,0.088506,-0.005706,3.7821,3.4132,1126,411
small_world,4,0.12,1000,96,False,0.184639,0.940139,0.70837,0.340401,0.276388,0.821857,0.1377,0.658417,0.660272,0.088269,0.014793,3.7838,3.4947,1073,437
small_world,5,0.12,500,96,False,0.19417,0.959268,0.706645,0.336066,0.278551,0.924572,0.144809,0.658266,0.656613,0.089351,0.007201,3.7703,3.3375,1140,446
small_world,5,0.12,1000,96,False,0.183994,0.98016,0.701046,0.341172,0.275883,0.86174,0.132724,0.658641,0.663724,0.088998,0.002924,3.7875,3.4261,1109,427
small_world,6,0.12,500,96,False,0.186814,0.95912,0.695225,0.339944,0.278627,0.855697,0.138325,0.658985,0.657339,0.089359,0.011467,3.7774,3.4562,1106,391
small_world,6,0.12,1000,96,False,0.189698,0.966311,0.706498,0.339942,0.27835,0.916799,0.147559,0.658658,0.658226,0.088573,-0.002392,3.7799,3.3337,1142,441
small_world,7,0.12,500,96,False,0.183925,0.94516,0.707096,0.341172,0.276806,0.891579,0.136148,0.65921,0.657755,0.089505,-0.003417,3.7887,3.3948,1142,438
small_world,7,0.12,1000,96,False,0.190565,0.981523,0.701443,0.337281,0.275729,0.931599,0.149243,0.658403,0.664532,0.088445,0.00272,3.7704,3.3281,1110,414
small_world,8,0.12,500,96,False,0.185906,0.954151,0.705154,0.339123,0.278626,0.845336,0.136595,0.658666,0.658931,0.089174,0.011302,3.7775,3.4815,1105,432
small_world,8,0.12,1000,96,False,0.184919,0.96359,0.696531,0.339741,0.275482,0.897147,0.140892,0.658344,0.65866,0.089503,0.012657,3.776,3.3693,1087,389
small_world,9,0.12,500,96,False,0.184487,0.956848,0.693785,0.337668,0.280078,0.840795,0.138336,0.659126,0.658141,0.088687,0.007591,3.773,3.4774,1127,402
small_world,9,0.12,1000,96,False,0.187533,0.968484,0.705974,0.341094,0.278442,0.856879,0.145262,0.658491,0.65457,0.089148,0.002846,3.7881,3.4654,1114,441
small_world,10,0.12,500,96,False,0.175813,0.958245,0.686547,0.34065,0.276929,0.900871,0.129563,0.658806,0.658783,0.089703,-0.008825,3.7852,3.3738,1079,378
small_world,10,0.12,1000,96,False,0.182308,0.954072,0.704343,0.339291,0.278018,0.856397,0.136094,0.659196,0.660325,0.088258,-0.007613,3.7808,3.44,1087,431
small_world,11,0.12,500,96,False,0.186521,0.97598,0.698893,0.340399,0.276995,0.866082,0.139849,0.658377,0.654249,0.089566,-0.000356,3.7819,3.4261,1073,406
small_world,11,0.12,1000,96,False,0.180526,0.97852,0.700842,0.339684,0.278709,0.90392,0.138325,0.659027,0.668774,0.087989,-0.000757,3.7826,3.3719,1094,426
small_world,12,0.12,500,96,False,0.182235,0.965556,0.701017,0.34041,0.278631,0.877467,0.134106,0.657944,0.657676,0.089035,0.003796,3.7855,3.4058,1084,420
small_world,12,0.12,1000,96,False,0.186333,0.959294,0.698088,0.338364,0.278405,0.84592,0.141951,0.658683,0.656216,0.088955,0.002359,3.7765,3.4759,1092,412
small_world,13,0.12,500,96,False,0.187162,0.97233,0.70165,0.341944,0.278078,0.840071,0.137436,0.658568,0.662383,0.089055,-0.003974,3.7883,3.4678,1149,427
small_world,13,0.12,1000,96,False,0.186923,0.977694,0.698459,0.339672,0.280798,0.866051,0.137284,0.658502,0.658445,0.088948,-0.007344,3.7783,3.4466,1088,400
small_world,14,0.12,500,96,False,0.190784,0.940846,0.709297,0.338902,0.278624,0.904401,0.139895,0.658621,0.652178,0.08969,0.011279,3.7778,3.3751,1112,432
small_world,14,0.12,1000,96,False,0.190141,0.928998,0.706996,0.336245,0.277855,0.880937,0.140219,0.658339,0.655852,0.088596,0.014414,3.7696,3.4207,1074,432
small_world,15,0.12,500,96,False,0.190817,0.951748,0.700151,0.338705,0.279687,0.895375,0.148467,0.658737,0.656795,0.089112,0.000402,3.7743,3.4007,1116,411
small_world,15,0.12,1000,96,False,0.192416,0.959864,0.699989,0.336705,0.279684,0.839971,0.152345,0.658749,0.655714,0.089339,0.005062,3.7628,3.4901,1112,403
small_world,16,0.12,500,96,False,0.178452,0.958394,0.698466,0.339969,0.27755,0.83166,0.13284,0.658887,0.663596,0.089337,-0.000789,3.78,3.4749,1076,406
small_world,16,0.12,1000,96,False,0.184893,0.944785,0.69883,0.338116,0.275828,0.858642,0.13722,0.658559,0.656021,0.089228,0.009508,3.7753,3.4316,1112,419
small_world,17,0.12,500,96,False,0.187035,0.963614,0.712674,0.342677,0.277223,0.873417,0.141128,0.658277,0.660382,0.088838,0.014425,3.7929,3.4157,1101,461
small_world,17,0.12,1000,96,False,0.179631,0.946448,0.695746,0.338006,0.276035,0.869731,0.133718,0.658854,0.659171,0.089266,0.004315,3.7753,3.4207,1072,404
small_world,18,0.12,500,96,False,0.178011,0.938721,0.695529,0.338365,0.275101,0.930043,0.133827,0.659186,0.661307,0.089515,0.012924,3.7776,3.3139,1037,383
small_world,18,0.12,1000,96,False,0.185365,0.94497,0.702403,0.34042,0.276109,0.850199,0.137195,0.658333,0.666402,0.088921,0.007689,3.7852,3.4407,1103,430
small_world,19,0.12,500,96,False,0.188624,0.957665,0.707401,0.340289,0.278582,0.876676,0.139317,0.658613,0.662163,0.088774,0.018402,3.7835,3.4248,1062,441
small_world,19,0.12,1000,96,False,0.185095,0.965503,0.69959,0.339935,0.27769,0.903243,0.136923,0.65823,0.659703,0.088598,0.005264,3.7822,3.3823,1123,411
small_world,20,0.12,500,96,False,0.188049,0.95757,0.700414,0.335573,0.278896,0.890947,0.144382,0.658792,0.658622,0.088488,-0.001687,3.7647,3.4076,1101,411
small_world,20,0.12,1000,96,False,0.183637,0.960084,0.700203,0.340327,0.278401,0.869519,0.141085,0.657989,0.659781,0.088981,-0.002286,3.7853,3.4407,1129,408
von_neumann,1,0.2,500,96,False,0.184063,0.946745,0.701232,0.337796,0.223979,0.829749,0.125871,0.658173,0.608775,0.156214,0.005295,3.7744,3.2444,1079,428
von_neumann,1,0.2,1000,96,False,0.189283,0.965108,0.710769,0.340914,0.225501,0.933497,0.134221,0.659429,0.60639,0.155898,0.008862,3.7841,3.0904,1080,440
von_neumann,2,0.2,500,96,False,0.184127,0.936082,0.70082,0.342088,0.22711,0.874277,0.124334,0.658037,0.606857,0.156773,-0.004744,3.7886,3.1858,1138,427
von_neumann,2,0.2,1000,96,False,0.190311,0.941277,0.703425,0.33787,0.225034,0.857784,0.133124,0.658606,0.603362,0.157615,-0.002929,3.773,3.2131,1127,412
von_neumann,3,0.2,500,96,False,0.181084,0.979486,0.693522,0.338564,0.225685,0.877292,0.118394,0.658502,0.609631,0.156594,0.012172,3.7766,3.1907,1098,408
von_neumann,3,0.2,1000,96,False,0.191261,0.986242,0.714634,0.342084,0.228678,0.895931,0.142445,0.659339,0.610384,0.154327,-0.003358,3.7845,3.1682,1147,472
von_neumann,4,0.2,500,96,False,0.187758,0.964988,0.708358,0.33819,0.227788,0.830379,0.12864,0.658324,0.608438,0.156096,0.007142,3.7769,3.2704,1097,436
von_neumann,4,0.2,1000,96,False,0.188331,0.962946,0.712113,0.338976,0.224657,0.86912,0.13216,0.658328,0.609903,0.155611,0.00169,3.7807,3.1764,1118,451
von_neumann,5,0.2,500,96,False,0.180347,0.958233,0.697446,0.340079,0.226572,0.8159,0.12119,0.658471,0.609368,0.15591,0.013813,3.7851,3.2801,1108,410
von_neumann,5,0.2,1000,96,False,0.184934,0.956929,0.701716,0.339107,0.226282,0.842015,0.126321,0.658701,0.604929,0.156524,-0.006207,3.7777,3.2436,1095,428
von_neumann,6,0.2,500,96,False,0.183962,0.949598,0.699605,0.337916,0.226926,0.87505,0.123198,0.659066,0.601044,0.156551,0.018929,3.7723,3.1932,1101,407
von_neumann,6,0.2,1000,96,False,0.183929,0.982356,0.702743,0.341911,0.227535,0.853705,0.124604,0.658439,0.605354,0.155753,0.021294,3.7913,3.217,1087,410
von_neumann,7,0.2,500,96,False,0.188295,0.941854,0.701917,0.335303,0.22715,0.84702,0.124936,0.658612,0.596852,0.157637,0.018057,3.7641,3.2517,1084,427
von_neumann,7,0.2,1000,96,False,0.186787,0.962705,0.709488,0.341308,0.224889,0.883715,0.130001,0.65875,0.609304,0.154619,-0.001489,3.7892,3.1455,1139,440
von_neumann,8,0.2,500,96,False,0.185542,0.972204,0.705425,0.339095,0.227102,0.899288,0.124983,0.657929,0.607156,0.156309,0.006086,3.7783,3.1565,1097,440
von_neumann,8,0.2,1000,96,False,0.190983,0.937829,0.698937,0.33634,0.227011,0.84854,0.131413,0.659439,0.604081,0.156563,0.005115,3.7648,3.2207,1102,403
von_neumann,9,0.2,500,96,False,0.186659,0.970254,0.704533,0.339007,0.228368,0.900045,0.129409,0.658603,0.607761,0.155143,0.007097,3.7794,3.1545,1089,434
von_neumann,9,0.2,1000,96,False,0.180624,0.989185,0.698466,0.344101,0.225199,0.833099,0.126712,0.658654,0.603482,0.157598,-0.003242,3.7959,3.2662,1125,399
von_neumann,10,0.2,500,96,False,0.186879,0.949831,0.701755,0.342073,0.223243,0.813376,0.125646,0.657624,0.600751,0.158785,-0.001627,3.7856,3.2621,1140,426
von_neumann,10,0.2,1000,96,False,0.18976,0.93604,0.701277,0.340499,0.225654,0.811619,0.134189,0.658462,0.609979,0.155338,0.008609,3.779,3.281,1098,421
von_neumann,11,0.2,500,96,False,0.189534,0.938491,0.710555,0.342436,0.225997,0.887537,0.132205,0.658281,0.599602,0.157752,-0.003194,3.7921,3.1586,1099,444
von_neumann,11,0.2,1000,96,False,0.18306,0.941662,0.696329,0.339799,0.225286,0.809618,0.130277,0.658643,0.615999,0.15572,0.012571,3.7797,3.2999,1102,409
von_neumann,12,0.2,500,96,False,0.187006,0.99094,0.702272,0.338766,0.226162,0.850034,0.128429,0.658696,0.599549,0.157468,0.009092,3.7771,3.2083,1121,430
von_neumann,12,0.2,1000,96,False,0.178868,0.968447,0.693569,0.338846,0.224104,0.884923,0.124866,0.65888,0.604447,0.157244,-0.005427,3.7777,3.1605,1122,393
von_neumann,13,0.2,500,96,False,0.192287,0.95742,0.707581,0.344395,0.225296,0.883727,0.128068,0.658593,0.602847,0.156853,-0.004288,3.796,3.1775,1125,441
von_neumann,13,0.2,1000,96,False,0.190991,0.971285,0.703426,0.3396,0.227896,0.85463,0.126473,0.657943,0.602715,0.155136,-0.004125,3.7813,3.2193,1132,436
von_neumann,14,0.2,500,96,False,0.188188,0.980349,0.697575,0.338181,0.228726,0.806301,0.123899,0.659039,0.605034,0.156264,-0.005822,3.7722,3.318,1159,419
von_neumann,14,0.2,1000,96,False,0.189772,0.949468,0.702441,0.33832,0.226959,0.88332,0.129903,0.658416,0.602231,0.155917,0.016107,3.7755,3.1997,1104,423
von_neumann,15,0.2,500,96,False,0.193065,0.966854,0.701888,0.336696,0.227991,0.811813,0.130335,0.6591,0.598022,0.157434,-0.005225,3.7685,3.3196,1104,427
von_neumann,15,0.2,1000,96,False,0.189255,0.968207,0.697896,0.337906,0.225235,0.876102,0.133893,0.658374,0.59902,0.157389,0.009091,3.7731,3.1871,1116,415
von_neumann,16,0.2,500,96,False,0.189888,0.957313,0.703445,0.338958,0.22839,0.820934,0.123839,0.659267,0.602542,0.157857,0.001405,3.7747,3.304,1128,433
von_neumann,16,0.2,1000,96,False,0.191937,0.939692,0.712014,0.340605,0.22613,0.835176,0.1355,0.658768,0.601916,0.156475,0.011441,3.7813,3.2505,1126,457
von_neumann,17,0.2,500,96,False,0.191125,0.954591,0.70069,0.336403,0.226333,0.819716,0.130717,0.658947,0.602638,0.156639,-0.000634,3.7664,3.2813,1103,430
von_neumann,17,0.2,1000,96,False,0.1814,0.976482,0.698123,0.338408,0.226383,0.759494,0.124034,0.658345,0.605412,0.156294,0.019923,3.7787,3.382,1079,393
von_neumann,18,0.2,500,96,False,0.181378,0.97043,0.69798,0.339592,0.22503,0.804594,0.123918,0.65882,0.607126,0.157253,0.001077,3.7787,3.2913,1100,403
von_neumann,18,0.2,1000,96,False,0.190732,0.96739,0.711668,0.340435,0.226225,0.801367,0.130832,0.658406,0.608621,0.155805,0.001788,3.7873,3.3283,1117,462
von_neumann,19,0.2,500,96,False,0.19507,0.968515,0.710678,0.340551,0.23071,0.837734,0.130866,0.658853,0.6048,0.156127,-0.000973,3.784,3.2751,1144,441
von_neumann,19,0.2,1000,96,False,0.186556,0.980929,0.701742,0.339855,0.226418,0.824461,0.130166,0.659605,0.609875,0.155355,0.000465,3.7811,3.2732,1104,432
von_neumann,20,0.2,500,96,False,0.18931,0.967035,0.708286,0.337285,0.225499,0.836004,0.128537,0.658544,0.604768,0.156513,0.006348,3.7733,3.2421,1110,463
von_neumann,20,0.2,1000,96,False,0.189553,0.963372,0.703476,0.336798,0.227201,0.825375,0.127096,0.658842,0.608139,0.155132,-0.007553,3.7704,3.276,1124,421
moore,1,0.2,500,96,False,0.199655,0.951416,0.712304,0.341318,0.25298,0.834012,0.106726,0.661256,0.630386,0.097345,0.047802,3.7796,3.2638,603,375
moore,1,0.2,1000,96,False,0.200735,0.958526,0.709471,0.339309,0.255921,0.82516,0.102848,0.661974,0.632869,0.096024,0.047965,3.7715,3.3151,602,389
moore,2,0.2,500,96,False,0.207021,0.970277,0.70522,0.335333,0.254947,0.845873,0.108502,0.661558,0.625898,0.097645,0.034495,3.7501,3.2686,637,377
moore,2,0.2,1000,96,False,0.209365,0.938554,0.718165,0.336927,0.25489,0.882252,0.110148,0.661446,0.628208,0.097614,0.048015,3.7661,3.211,601,430
moore,3,0.2,500,96,False,0.198203,0.955129,0.707439,0.335116,0.253498,0.841615,0.098664,0.661881,0.629363,0.097186,0.052015,3.7597,3.2527,611,378
moore,3,0.2,1000,96,False,0.202019,0.967145,0.719719,0.337351,0.257045,0.850317,0.110592,0.661816,0.632164,0.095473,0.04294,3.7727,3.2559,633,406
moore,4,0.2,500,96,False,0.206926,0.982538,0.7137,0.336086,0.255658,0.843534,0.110457,0.662047,0.63099,0.095859,0.045942,3.7627,3.267,583,404
moore,4,0.2,1000,96,False,0.201393,0.952102,0.708734,0.337436,0.252226,0.757223,0.106824,0.661732,0.629601,0.096393,0.031015,3.767,3.3886,646,387
moore,5,0.2,500,96,False,0.196722,0.951798,0.710022,0.339866,0.254265,0.826815,0.105773,0.661827,0.634812,0.096852,0.0493,3.7793,3.2745,621,388
moore,5,0.2,1000,96,False,0.20068,0.95369,0.70976,0.33858,0.256467,0.827678,0.10481,0.661677,0.622511,0.097609,0.049798,3.7685,3.2833,586,397
moore,6,0.2,500,96,False,0.208365,0.955474,0.705462,0.333921,0.255868,0.801919,0.112857,0.662162,0.622679,0.098118,0.038698,3.7509,3.3359,644,382
moore,6,0.2,1000,96,False,0.201971,0.945126,0.709997,0.338613,0.257988,0.919187,0.107309,0.662064,0.625884,0.097649,0.048623,3.7697,3.1376,572,392
moore,7,0.2,500,96,False,0.207087,0.968198,0.708899,0.333528,0.255991,0.873613,0.105884,0.661585,0.624057,0.098018,0.05974,3.7528,3.228,622,390
moore,7,0.2,1000,96,False,0.19528,0.975766,0.714274,0.342185,0.252994,0.856106,0.101944,0.66193,0.636998,0.095758,0.043874,3.7857,3.2262,617,388
moore,8,0.2,500,96,False,0.205931,0.968817,0.710812,0.333637,0.255439,0.842346,0.108887,0.661776,0.629984,0.097423,0.043377,3.7569,3.2646,604,392
moore,8,0.2,1000,96,False,0.202928,0.946232,0.711242,0.33329,0.255939,0.799641,0.10627,0.662784,0.629217,0.097182,0.047801,3.7535,3.3385,640,395
moore,9,0.2,500,96,False,0.203824,0.967707,0.709436,0.335788,0.256312,0.890069,0.11009,0.662292,0.631101,0.096371,0.047633,3.7601,3.1802,594,384
moore,9,0.2,1000,96,False,0.201871,0.965502,0.70907,0.336516,0.253904,0.82016,0.11092,0.662134,0.627074,0.09819,0.028512,3.7666,3.2853,588,388
moore,10,0.2,500,96,False,0.206211,0.957987,0.708739,0.338609,0.25521,0.865047,0.109632,0.660692,0.622489,0.099361,0.045332,3.7678,3.2333,602,402
moore,10,0.2,1000,96,False,0.207272,0.970471,0.709321,0.336544,0.255179,0.84356,0.114597,0.661722,0.633593,0.096289,0.045277,3.7646,3.2472,593,376
moore,11,0.2,500,96,False,0.20515,0.953072,0.712076,0.338038,0.253992,0.803895,0.106187,0.661965,0.624071,0.097733,0.03659,3.7636,3.3169,594,403
moore,11,0.2,1000,96,False,0.201538,0.947871,0.710688,0.338388,0.253549,0.935074,0.108575,0.662152,0.640994,0.096441,0.038982,3.7746,3.0996,604,395
moore,12,0.2,500,96,False,0.202031,0.960377,0.712845,0.335908,0.25456,0.890603,0.107865,0.662654,0.625207,0.097778,0.051827,3.761,3.1624,606,382
moore,12,0.2,1000,96,False,0.200712,0.964888,0.71491,0.340719,0.255367,0.891455,0.110785,0.661473,0.627416,0.097681,0.04253,3.7811,3.1865,575,397
moore,13,0.2,500,96,False,0.212533,0.983906,0.715083,0.337171,0.256098,0.826713,0.108661,0.662127,0.628085,0.097995,0.041434,3.7606,3.2908,605,413
moore,13,0.2,1000,96,False,0.213655,0.973736,0.725139,0.337604,0.25849,0.914798,0.112951,0.662014,0.625733,0.096553,0.038529,3.7694,3.1494,614,426
moore,14,0.2,500,96,False,0.208686,0.973234,0.711705,0.336779,0.258063,0.898194,0.112371,0.661799,0.625841,0.097485,0.040059,3.7633,3.1904,619,375
moore,14,0.2,1000,96,False,0.209744,0.971065,0.720838,0.33927,0.254951,0.833519,0.112595,0.661751,0.62736,0.096442,0.045532,3.7708,3.2879,597,413
moore,15,0.2,500,96,False,0.21011,0.972076,0.721278,0.335486,0.25683,0.902697,0.109958,0.662044,0.62155,0.097729,0.038889,3.7635,3.1693,620,413
moore,15,0.2,1000,96,False,0.204237,0.9588,0.717717,0.339991,0.255517,0.885863,0.111088,0.661763,0.626709,0.097524,0.048685,3.7743,3.1835,616,400
moore,16,0.2,500,96,False,0.212765,0.972791,0.716933,0.33462,0.258203,0.797611,0.109759,0.662017,0.624864,0.097761,0.037081,3.7545,3.35,611,395
moore,16,0.2,1000,96,False,0.202346,0.935746,0.708993,0.338336,0.254396,0.778154,0.103611,0.661005,0.626279,0.096805,0.037483,3.7671,3.3725,616,391
moore,17,0.2,500,96,False,0.205944,0.958074,0.708284,0.334771,0.253608,0.797679,0.110259,0.662025,0.62779,0.098033,0.038747,3.7544,3.3253,639,385
moore,17,0.2,1000,96,False,0.200568,0.952034,0.700811,0.335952,0.25585,0.799796,0.104555,0.660909,0.62853,0.097557,0.031673,3.7601,3.3346,627,375
moore,18,0.2,500,96,False,0.196839,0.961522,0.712144,0.339038,0.255051,0.870287,0.100457,0.662729,0.628425,0.096906,0.048267,3.7748,3.2188,616,389
moore,18,0.2,1000,96,False,0.203659,0.949135,0.705162,0.336875,0.255128,0.881738,0.103786,0.661808,0.631241,0.096979,0.051139,3.7643,3.2069,631,386
moore,19,0.2,500,96,False,0.210248,0.969886,0.712194,0.338039,0.25868,0.839241,0.108559,0.662366,0.627144,0.096863,0.039118,3.7626,3.2755,616,394
moore,19,0.2,1000,96,False,0.211029,0.966987,0.711784,0.335679,0.254102,0.833802,0.119501,0.662036,0.631776,0.09744,0.036902,3.7533,3.2767,638,408
moore,20,0.2,500,96,False,0.199295,0.958177,0.707473,0.33719,0.254526,0.89191,0.100691,0.662188,0.627646,0.097355,0.041207,3.765,3.1821,651,392
moore,20,0.2,1000,96,False,0.211175,0.95246,0.708993,0.334897,0.252527,0.825206,0.11102,0.662029,0.626318,0.097153,0.0455,3.7527,3.2665,599,384
hex,1,0.2,500,96,False,0.200461,0.989211,0.707939,0.338237,0.251486,0.83946,0.106147,0.661096,0.614913,0.111332,0.034379,3.7703,3.2763,841,407
hex,1,0.2,1000,96,False,0.206887,0.966619,0.710741,0.336607,0.253156,0.843824,0.112041,0.66206,0.616091,0.110166,0.037745,3.7624,3.288,830,430
hex,2,0.2,500,96,False,0.208846,0.970378,0.711348,0.337833,0.254524,0.868515,0.108614,0.66185,0.610936,0.111939,0.025632,3.7637,3.2478,834,429
hex,2,0.2,1000,96,False,0.209116,0.954825,0.71701,0.337887,0.253276,0.812436,0.110103,0.660964,0.613319,0.111568,0.031571,3.7682,3.3475,855,445
hex,3,0.2,500,96,False,0.197069,0.960381,0.702745,0.338172,0.253102,0.869317,0.098504,0.661603,0.615826,0.111531,0.040662,3.7692,3.2368,828,397
hex,3,0.2,1000,96,False,0.203011,0.986795,0.71632,0.341676,0.256611,0.830247,0.111389,0.661844,0.61421,0.109782,0.037358,3.7851,3.3207,832,425
hex,4,0.2,500,96,False,0.206174,0.973742,0.713232,0.334483,0.254738,0.806759,0.110269,0.662129,0.615736,0.11022,0.03931,3.7602,3.3496,829,444
hex,4,0.2,1000,96,False,0.202098,0.98194,0.708968,0.336114,0.251445,0.87717,0.107866,0.66145,0.616133,0.110366,0.029144,3.7612,3.2072,836,429
hex,5,0.2,500,96,False,0.195715,0.938416,0.710529,0.340073,0.253385,0.82359,0.101936,0.661142,0.617315,0.111109,0.044756,3.7804,3.305,818,412
hex,5,0.2,1000,96,False,0.203285,0.953801,0.711218,0.338884,0.255391,0.854981,0.106825,0.661393,0.60792,0.111803,0.040054,3.7722,3.2599,841,431
hex,6,0.2,500,96,False,0.203249,0.976709,0.708296,0.337132,0.254022,0.854928,0.106449,0.661813,0.607205,0.112175,0.036905,3.7581,3.2637,852,413
hex,6,0.2,1000,96,False,0.202184,0.958932,0.709904,0.337923,0.256028,0.804261,0.106048,0.661823,0.611247,0.111659,0.046541,3.7702,3.353,818,388
hex,7,0.2,500,96,False,0.208706,0.969203,0.707673,0.335386,0.255365,0.867551,0.106698,0.660968,0.60474,0.112313,0.049362,3.7545,3.265,827,401
hex,7,0.2,1000,96,False,0.199566,0.966135,0.719514,0.339799,0.252274,0.851775,0.106196,0.661794,0.61902,0.109878,0.029957,3.7803,3.2544,858,433
hex,8,0.2,500,96,False,0.203425,0.942499,0.709823,0.334157,0.254304,0.951107,0.106567,0.6616,0.612828,0.111711,0.029523,3.7531,3.1169,854,423
hex,8,0.2,1000,96,False,0.205621,0.964861,0.709171,0.332653,0.255525,0.864972,0.109218,0.662358,0.612967,0.111112,0.036674,3.7484,3.2547,837,419
hex,9,0.2,500,96,False,0.204154,0.961035,0.715549,0.340109,0.255412,0.92774,0.109214,0.661545,0.613995,0.110557,0.030817,3.7794,3.1533,868,433
hex,9,0.2,1000,96,False,0.199631,0.971416,0.712456,0.339353,0.253335,0.781491,0.108106,0.661752,0.611507,0.112278,0.024875,3.7783,3.3889,858,415
hex,10,0.2,500,96,False,0.203549,0.953491,0.711758,0.339866,0.251938,0.800291,0.105849,0.660833,0.609783,0.113529,0.02876,3.775,3.3355,852,440
hex,10,0.2,1000,96,False,0.203265,0.954901,0.715471,0.33989,0.25386,0.890584,0.10962,0.661595,0.620249,0.110073,0.031935,3.7751,3.1873,851,435
hex,11,0.2,500,96,False,0.206246,0.97632,0.713575,0.337416,0.254215,0.823216,0.109291,0.661984,0.607322,0.112063,0.022979,3.7691,3.3032,871,436
hex,11,0.2,1000,96,False,0.202611,0.971513,0.707253,0.33851,0.252651,0.794481,0.110365,0.66164,0.624076,0.110383,0.032637,3.7716,3.3495,849,423
hex,12,0.2,500,96,False,0.202254,0.963504,0.70969,0.336039,0.254915,0.836331,0.108153,0.661567,0.608086,0.11192,0.043178,3.7634,3.2837,830,422
hex,12,0.2,1000,96,False,0.195695,0.964032,0.713796,0.339743,0.253071,0.847585,0.106692,0.661383,0.611958,0.111927,0.029361,3.7787,3.2817,848,430
hex,13,0.2,500,96,False,0.211126,0.962207,0.718992,0.341162,0.253298,0.840977,0.111751,0.661545,0.61235,0.112077,0.035122,3.7809,3.2736,854,451
hex,13,0.2,1000,96,False,0.21124,0.961514,0.720026,0.33584,0.256864,0.880877,0.110011,0.661536,0.61034,0.110673,0.023666,3.7586,3.2253,865,452
hex,14,0.2,500,96,False,0.204392,0.975694,0.715725,0.338318,0.255787,0.91066,0.106377,0.661449,0.611142,0.11148,0.026645,3.7672,3.1868,868,432
hex,14,0.2,1000,96,False,0.210008,0.981898,0.720493,0.33733,0.255137,0.881133,0.111533,0.661454,0.609712,0.11078,0.039295,3.7651,3.2372,855,443
hex,15,0.2,500,96,False,0.210489,0.952617,0.719262,0.332691,0.255259,0.834638,0.108049,0.662013,0.604833,0.111853,0.033838,3.751,3.2944,845,430
hex,15,0.2,1000,96,False,0.202521,0.96347,0.709471,0.334246,0.253804,0.872957,0.108932,0.661405,0.611954,0.111757,0.035967,3.7597,3.2322,832,417
hex,16,0.2,500,96,False,0.211901,0.958341,0.711705,0.335676,0.25643,0.803286,0.108394,0.662352,0.608066,0.112077,0.034182,3.7557,3.371,851,424
hex,16,0.2,1000,96,False,0.205889,0.948431,0.715178,0.339163,0.253628,0.827286,0.10807,0.660866,0.61106,0.111166,0.038099,3.7736,3.3128,823,410
hex,17,0.2,500,96,False,0.205146,0.971393,0.707559,0.333991,0.252955,0.908195,0.107893,0.661819,0.611353,0.112241,0.033315,3.7543,3.1651,869,416
hex,17,0.2,1000,96,False,0.19938,0.971482,0.704873,0.337342,0.25411,0.866702,0.104882,0.660707,0.613177,0.111514,0.034116,3.7631,3.2436,836,394
hex,18,0.2,500,96,False,0.195008,0.97208,0.710493,0.341556,0.253035,0.845004,0.099859,0.662197,0.615138,0.111295,0.039176,3.7829,3.2746,851,412
hex,18,0.2,1000,96,False,0.205265,0.964118,0.707322,0.336844,0.253309,0.858063,0.108117,0.66114,0.616292,0.111256,0.034576,3.7608,3.266,833,420
hex,19,0.2,500,96,False,0.212206,0.958711,0.717934,0.338075,0.258908,0.926255,0.11201,0.662287,0.609943,0.111389,0.033542,3.7654,3.1781,860,443
hex,19,0.2,1000,96,False,0.203776,0.956815,0.705874,0.335194,0.253295,0.882403,0.111509,0.662079,0.616105,0.111449,0.027184,3.7559,3.2215,867,418
hex,20,0.2,500,96,False,0.199111,0.955415,0.708828,0.335898,0.253423,0.807509,0.103204,0.662017,0.613353,0.111724,0.039284,3.7649,3.3327,847,412
hex,20,0.2,1000,96,False,0.203633,0.967657,0.709068,0.337278,0.253103,0.938471,0.10436,0.661492,0.613151,0.111354,0.026108,3.7668,3.128,854,418
random,1,0.2,500,96,False,0.182908,0.968491,0.706557,0.341625,0.3441,0.897717,0.182088,0.658317,0.605796,0.11367,0.009886,3.7892,3.5067,1108,433
random,1,0.2,1000,96,False,0.184537,0.974881,0.699502,0.33594,0.352095,0.887121,0.184002,0.658347,0.602741,0.112334,0.005319,3.7651,3.5489,1106,422
random,2,0.2,500,96,False,0.17929,0.954211,0.696344,0.340403,0.34624,0.888182,0.178858,0.657952,0.610078,0.113565,0.001365,3.7849,3.5298,1097,403
random,2,0.2,1000,96,False,0.182274,0.974668,0.69797,0.341197,0.349055,0.922854,0.17948,0.659271,0.608243,0.11205,0.007176,3.7873,3.4963,1070,414
random,3,0.2,500,96,False,0.182863,0.936169,0.694489,0.337092,0.345081,0.917583,0.182617,0.658146,0.605075,0.114804,-0.007447,3.7702,3.4972,1110,376
random,3,0.2,1000,96,False,0.180427,0.952894,0.706694,0.340859,0.347051,0.899403,0.177555,0.658492,0.606715,0.112031,0.002818,3.7862,3.5199,1109,445
random,4,0.2,500,96,False,0.190723,0.938806,0.698103,0.340588,0.351351,0.912233,0.191295,0.657861,0.603324,0.113944,0.002481,3.7774,3.5197,1131,416
random,4,0.2,1000,96,False,0.189816,0.974489,0.710268,0.33911,0.348885,0.910133,0.189401,0.657421,0.601648,0.112707,-0.005032,3.7788,3.5311,1121,460
random,5,0.2,500,96,False,0.185462,0.960912,0.700243,0.336794,0.348131,0.943099,0.183568,0.65842,0.603879,0.113974,0.003157,3.7681,3.4514,1076,412
random,5,0.2,1000,96,False,0.181347,0.981773,0.698203,0.334657,0.343639,0.886844,0.182172,0.658181,0.610828,0.11253,0.001532,3.7643,3.514,1050,406
random,6,0.2,500,96,False,0.178364,0.970468,0.706331,0.344974,0.346976,0.91652,0.178814,0.65826,0.605628,0.113496,-0.010396,3.803,3.5042,1133,443
random,6,0.2,1000,96,False,0.187063,0.949709,0.701246,0.341065,0.347657,0.919801,0.186247,0.658351,0.603142,0.113224,-0.005658,3.7856,3.4919,1107,425
random,7,0.2,500,96,False,0.186571,0.968478,0.69525,0.338022,0.348996,0.924271,0.183924,0.659078,0.605155,0.113674,0.005068,3.7707,3.4985,1119,403
random,7,0.2,1000,96,False,0.178671,0.954506,0.69785,0.336821,0.344321,0.882658,0.177617,0.658513,0.609216,0.112811,0.001731,3.773,3.5226,1074,423
random,8,0.2,500,96,False,0.184407,0.953457,0.705492,0.344061,0.351445,0.88094,0.1878,0.657595,0.611664,0.113461,-0.000771,3.7972,3.5567,1124,441
random,8,0.2,1000,96,False,0.178953,0.93664,0.697517,0.341054,0.345368,0.904764,0.180829,0.658315,0.610876,0.112819,-0.002226,3.7856,3.495,1094,419
random,9,0.2,500,96,False,0.180275,0.982141,0.7002,0.340866,0.347332,0.94102,0.176406,0.658029,0.607243,0.113901,0.001895,3.7855,3.452,1076,405
random,9,0.2,1000,96,False,0.187319,0.982919,0.703096,0.340609,0.348077,0.893283,0.185525,0.658034,0.607104,0.112888,0.003188,3.7871,3.5192,1098,435
random,10,0.2,500,96,False,0.187989,0.956578,0.707196,0.340428,0.349696,0.87683,0.183862,0.657965,0.608012,0.113685,0.006345,3.7842,3.5666,1133,434
random,10,0.2,1000,96,False,0.180362,0.96932,0.704634,0.339018,0.347936,0.868551,0.177475,0.658647,0.614617,0.112473,-0.001049,3.7798,3.5686,1089,431
random,11,0.2,500,96,False,0.186483,0.978621,0.711128,0.344059,0.346134,0.954471,0.185729,0.658264,0.603318,0.113666,0.003594,3.797,3.4408,1099,472
random,11,0.2,1000,96,False,0.181209,0.95258,0.689764,0.336236,0.34962,0.879716,0.17828,0.658726,0.610953,0.112398,-0.008215,3.7639,3.5627,1091,379
random,12,0.2,500,96,False,0.186333,0.972662,0.704915,0.338946,0.346538,0.913852,0.184916,0.658284,0.604549,0.114005,0.001631,3.7793,3.5002,1092,432
random,12,0.2,1000,96,False,0.18602,0.949444,0.70152,0.338987,0.345399,0.912772,0.185368,0.65861,0.601982,0.113282,-0.007059,3.7765,3.4844,1080,421
random,13,0.2,500,96,False,0.180095,0.98217,0.702715,0.339923,0.34657,0.930946,0.179759,0.65809,0.606216,0.113712,0.007949,3.7865,3.4678,1090,419
random,13,0.2,1000,96,False,0.182174,0.97346,0.701413,0.342047,0.34666,0.936751,0.182667,0.658356,0.606298,0.112451,0.008243,3.788,3.4461,1122,436
random,14,0.2,500,96,False,0.187879,0.96527,0.6956,0.339698,0.351216,0.874981,0.187725,0.658727,0.602751,0.113442,0.000347,3.7767,3.5629,1124,406
random,14,0.2,1000,96,False,0.188536,0.989842,0.700686,0.335732,0.349477,0.957737,0.192366,0.658309,0.606072,0.113741,0.006918,3.763,3.4391,1089,408
random,15,0.2,500,96,False,0.18691,0.960271,0.705625,0.33829,0.347122,0.899245,0.186653,0.658698,0.602029,0.114037,0.004666,3.7752,3.5337,1084,424
random,15,0.2,1000,96,False,0.182548,0.977224,0.699069,0.336637,0.344922,0.933865,0.179496,0.658593,0.606786,0.1122,-0.0052,3.7691,3.448,1077,424
random,16,0.2,500,96,False,0.176478,0.972411,0.70098,0.343258,0.347333,0.936863,0.175366,0.657755,0.60827,0.113201,0.006757,3.7966,3.4611,1131,421
random,16,0.2,1000,96,False,0.185596,0.964773,0.705138,0.338851,0.347779,0.962573,0.187237,0.658566,0.603274,0.113433,-0.009946,3.7802,3.4207,1078,449
random,17,0.2,500,96,False,0.185723,0.965908,0.704644,0.34054,0.34678,0.901902,0.186565,0.658253,0.603482,0.114395,-0.000944,3.783,3.5164,1140,433
random,17,0.2,1000,96,False,0.182028,0.992091,0.704612,0.339333,0.346203,0.914791,0.181491,0.658122,0.60431,0.112919,-0.007249,3.7842,3.4952,1045,433
random,18,0.2,500,96,False,0.183243,0.947058,0.704378,0.340362,0.347603,0.911165,0.180704,0.658553,0.61183,0.113134,0.002546,3.7862,3.5093,1109,434
random,18,0.2,1000,96,False,0.192249,0.947919,0.703334,0.335062,0.347559,0.926019,0.190908,0.658524,0.607385,0.112722,-0.017269,3.7615,3.4668,1095,432
random,19,0.2,500,96,False,0.182003,0.954283,0.702534,0.340114,0.348665,0.947179,0.178395,0.657561,0.608642,0.113536,0.011467,3.785,3.4484,1071,416
random,19,0.2,1000,96,False,0.180029,0.982493,0.695535,0.33954,0.345603,0.942411,0.181495,0.658262,0.612671,0.112861,0.004607,3.7818,3.4294,1094,406
random,20,0.2,500,96,False,0.180589,0.953802,0.707505,0.341102,0.348202,0.951139,0.180672,0.657914,0.60409,0.113268,-0.002966,3.7849,3.4379,1144,432
random,20,0.2,1000,96,False,0.187906,0.966442,0.697666,0.342048,0.346301,0.886119,0.187201,0.658355,0.604598,0.113312,0.007967,3.787,3.5409,1095,414
small_world,1,0.2,500,96,False,0.192244,0.978104,0.704651,0.338454,0.267852,0.89532,0.144472,0.658642,0.604265,0.142309,0.004123,3.778,3.3735,1102,433
small_world,1,0.2,1000,96,False,0.188515,0.957457,0.702961,0.335132,0.26778,0.967408,0.139734,0.659073,0.605268,0.1408,-0.005307,3.7673,3.2438,1119,436
small_world,2,0.2,500,96,False,0.189299,0.95845,0.706981,0.340814,0.269596,0.900521,0.138106,0.658758,0.603047,0.143418,0.012284,3.7834,3.3763,1138,431
small_world,2,0.2,1000,96,False,0.184281,0.953332,0.701264,0.33711,0.267254,0.905597,0.134911,0.659172,0.603001,0.141892,-6.8e-05,3.7717,3.3485,1087,418
small_world,3,0.2,500,96,False,0.187788,0.980896,0.703752,0.338083,0.267373,0.933882,0.141375,0.658588,0.607225,0.142105,0.012127,3.7773,3.3166,1153,421
small_world,3,0.2,1000,96,False,0.178683,0.95448,0.696225,0.340074,0.267945,0.88352,0.138038,0.658492,0.609143,0.141681,0.015933,3.7818,3.389,1088,390
small_world,4,0.2,500,96,False,0.183539,0.948228,0.702266,0.341488,0.267793,0.880731,0.131053,0.658407,0.606502,0.141189,-0.000769,3.7853,3.3881,1106,416
small_world,4,0.2,1000,96,False,0.184105,0.952126,0.702632,0.340124,0.266454,0.840995,0.13482,0.658428,0.606449,0.140722,0.013425,3.7822,3.4386,1055,430
small_world,5,0.2,500,96,False,0.194149,0.947426,0.70671,0.335039,0.26875,0.87362,0.143703,0.658337,0.600824,0.142544,0.008427,3.7647,3.4012,1103,442
small_world,5,0.2,1000,96,False,0.184345,0.982012,0.704354,0.341872,0.266047,0.836002,0.130645,0.658323,0.6098,0.142012,0.001283,3.79,3.4557,1121,434
small_world,6,0.2,500,96,False,0.187193,0.944127,0.695409,0.34029,0.269199,0.847599,0.137893,0.65887,0.60419,0.142708,0.010262,3.7787,3.4518,1101,407
small_world,6,0.2,1000,96,False,0.188926,0.975782,0.708983,0.340526,0.268491,0.883323,0.144983,0.658787,0.604601,0.141266,-0.005727,3.7808,3.364,1112,453
small_world,7,0.2,500,96,False,0.184466,0.957645,0.710999,0.340853,0.266818,0.919196,0.136266,0.659241,0.603858,0.143004,-0.005148,3.7863,3.327,1127,444
small_world,7,0.2,1000,96,False,0.19128,0.983001,0.692525,0.335663,0.265959,0.92016,0.148731,0.658687,0.610561,0.141096,-0.000233,3.7625,3.3289,1118,394
small_world,8,0.2,500,96,False,0.187056,0.941614,0.698505,0.338085,0.268998,0.840061,0.135924,0.658708,0.60438,0.142315,0.011218,3.7686,3.4662,1105,409
small_world,8,0.2,1000,96,False,0.185801,0.9751,0.694243,0.340314,0.266108,0.886374,0.140613,0.658391,0.604927,0.14301,0.012512,3.7784,3.3745,1102,383
small_world,9,0.2,500,96,False,0.183583,0.967974,0.698253,0.338305,0.270295,0.830637,0.136275,0.658928,0.603579,0.141352,0.009028,3.777,3.4793,1120,419
small_world,9,0.2,1000,96,False,0.18833,0.944365,0.70495,0.340878,0.268554,0.873419,0.144228,0.658511,0.599005,0.142504,0.001441,3.7845,3.4125,1088,437
small_world,10,0.2,500,96,False,0.174161,0.952229,0.688746,0.340532,0.267187,0.850892,0.127051,0.658618,0.605249,0.143194,-0.007229,3.7846,3.4327,1055,374
small_world,10,0.2,1000,96,False,0.18242,0.965661,0.704846,0.337257,0.26816,0.858576,0.134203,0.659067,0.605869,0.140678,-0.005587,3.7725,3.4173,1087,427
small_world,11,0.2,500,96,False,0.185784,0.944915,0.700042,0.341151,0.267065,0.906664,0.137997,0.65816,0.599996,0.142814,0.003061,3.7832,3.3432,1073,415
small_world,11,0.2,1000,96,False,0.179925,0.970736,0.700018,0.340352,0.26825,0.899869,0.137758,0.658913,0.617454,0.14037,0.001496,3.7824,3.3561,1068,433
small_world,12,0.2,500,96,False,0.182277,0.952991,0.701041,0.341236,0.267946,0.879866,0.133086,0.657903,0.603534,0.142239,0.001888,3.787,3.3817,1072,417
small_world,12,0.2,1000,96,False,0.185288,0.943599,0.69993,0.33907,0.268905,0.848265,0.138514,0.658473,0.601534,0.14181,-0.001487,3.7775,3.4601,1081,426
small_world,13,0.2,500,96,False,0.187222,0.949513,0.701882,0.342425,0.268503,0.829427,0.136327,0.658664,0.608661,0.141935,-0.003316,3.7884,3.4634,1177,432
small_world,13,0.2,1000,96,False,0.184994,0.965465,0.699389,0.341484,0.270761,0.867854,0.13313,0.658342,0.60483,0.141962,-0.003879,3.7866,3.4231,1070,402
small_world,14,0.2,500,96,False,0.189799,0.951253,0.705779,0.339162,0.268566,0.885272,0.137463,0.658644,0.597474,0.142909,0.01401,3.7803,3.381,1106,432
small_world,14,0.2,1000,96,False,0.18968,0.943737,0.704515,0.33565,0.26761,0.872107,0.13893,0.658256,0.60215,0.141252,0.013225,3.7659,3.4109,1095,429
small_world,15,0.2,500,96,False,0.189983,0.952544,0.703428,0.338563,0.269695,0.870187,0.147449,0.658777,0.602549,0.142081,-0.000763,3.7767,3.4248,1074,425
small_world,15,0.2,1000,96,False,0.190672,0.963071,0.702064,0.337509,0.270043,0.845206,0.149392,0.658586,0.599696,0.142242,0.010793,3.7679,3.4614,1116,421
small_world,16,0.2,500,96,False,0.177058,0.963175,0.698161,0.340552,0.267759,0.879083,0.12844,0.658827,0.610278,0.142386,0.003195,3.783,3.3798,1071,402
small_world,16,0.2,1000,96,False,0.185724,0.959017,0.699973,0.338029,0.265902,0.875319,0.136666,0.658337,0.600991,0.142495,0.006479,3.7712,3.3888,1083,417
small_world,17,0.2,500,96,False,0.185912,0.969211,0.708637,0.341769,0.267793,0.891884,0.137737,0.658208,0.606035,0.141646,0.009254,3.7889,3.3661,1089,423
small_world,17,0.2,1000,96,False,0.180043,0.969964,0.696042,0.337961,0.266285,0.845389,0.131959,0.658731,0.605581,0.142263,0.003941,3.7759,3.4376,1082,409
small_world,18,0.2,500,96,False,0.177124,0.941274,0.695561,0.33884,0.265204,0.896461,0.131053,0.65895,0.608173,0.142779,0.015604,3.7789,3.3463,1044,385
small_world,18,0.2,1000,96,False,0.184441,0.948164,0.701676,0.339408,0.266422,0.901,0.134675,0.658149,0.614223,0.141705,0.007444,3.7784,3.3448,1081,426
small_world,19,0.2,500,96,False,0.188589,0.955395,0.710465,0.340527,0.269123,0.848548,0.139064,0.65871,0.608125,0.141665,0.024003,3.7836,3.4541,1044,438
small_world,19,0.2,1000,96,False,0.184436,0.960817,0.698884,0.340114,0.267271,0.896177,0.135177,0.658078,0.605283,0.141412,-0.000818,3.7813,3.3686,1145,420
small_world,20,0.2,500,96,False,0.18777,0.947798,0.699527,0.336773,0.268868,0.89769,0.143069,0.658597,0.603976,0.141079,-0.002199,3.7702,3.3774,1105,410
small_world,20,0.2,1000,96,False,0.183296,0.963571,0.701777,0.340659,0.268485,0.849658,0.139543,0.658053,0.605641,0.142175,-0.005574,3.7868,3.4468,1102,434
von_neumann,1,0.3,500,96,False,0.182241,0.960911,0.698503,0.337429,0.218138,0.826082,0.124515,0.658134,0.589162,0.230204,0.003595,3.7713,3.2237,1096,423
von_neumann,1,0.3,1000,96,False,0.188724,0.970099,0.710479,0.339978,0.219739,0.887784,0.133493,0.659335,0.586146,0.229722,0.007576,3.7819,3.1333,1093,448
von_neumann,2,0.3,500,96,False,0.182357,0.949492,0.702675,0.341969,0.221318,0.856042,0.122881,0.658028,0.587241,0.230979,-0.004189,3.7913,3.1869,1114,432
von_neumann,2,0.3,1000,96,False,0.189489,0.949164,0.702324,0.337721,0.219254,0.910188,0.132841,0.658471,0.583946,0.232336,-0.002456,3.7715,3.1043,1112,423
von_neumann,3,0.3,500,96,False,0.180472,0.9781,0.696437,0.339262,0.219735,0.890708,0.118386,0.658281,0.589265,0.23066,0.009631,3.779,3.1425,1108,413
von_neumann,3,0.3,1000,96,False,0.191016,0.982619,0.712459,0.341647,0.222888,0.896648,0.142378,0.659147,0.589949,0.227286,-0.002952,3.7867,3.1443,1143,466
von_neumann,4,0.3,500,96,False,0.186795,0.969185,0.70937,0.337902,0.221827,0.804924,0.127751,0.658253,0.588204,0.230036,0.006216,3.7747,3.2889,1090,430
von_neumann,4,0.3,1000,96,False,0.187867,0.967704,0.710519,0.339353,0.218797,0.876378,0.131329,0.658166,0.590196,0.229283,0.00145,3.7827,3.1391,1111,456
von_neumann,5,0.3,500,96,False,0.179404,0.964698,0.695153,0.340052,0.220724,0.819457,0.119906,0.658506,0.589185,0.229675,0.015428,3.7858,3.2486,1123,399
von_neumann,5,0.3,1000,96,False,0.184605,0.972842,0.700295,0.339176,0.220348,0.832261,0.125456,0.658552,0.584814,0.230664,-0.005599,3.7798,3.2322,1088,423
von_neumann,6,0.3,500,96,False,0.18272,0.934143,0.695805,0.338238,0.220905,0.868688,0.122116,0.658964,0.581407,0.230798,0.019339,3.7727,3.1813,1097,391
von_neumann,6,0.3,1000,96,False,0.184677,0.969607,0.699565,0.341615,0.22171,0.853987,0.125534,0.658439,0.584311,0.229368,0.019383,3.7883,3.1915,1091,400
von_neumann,7,0.3,500,96,False,0.187111,0.941361,0.705047,0.335584,0.221055,0.881995,0.123542,0.658391,0.576203,0.232308,0.017503,3.7658,3.1667,1072,439
von_neumann,7,0.3,1000,96,False,0.185784,0.957118,0.705514,0.341256,0.218941,0.909704,0.12959,0.658575,0.589162,0.227839,-0.002531,3.7862,3.0788,1135,439
von_neumann,8,0.3,500,96,False,0.185396,0.973202,0.707892,0.339692,0.221282,0.845901,0.124749,0.657743,0.58655,0.230469,0.006572,3.782,3.216,1105,456
von_neumann,8,0.3,1000,96,False,0.191492,0.943834,0.695089,0.33645,0.221296,0.856705,0.132687,0.659315,0.582755,0.230688,0.00653,3.7665,3.1801,1107,396
von_neumann,9,0.3,500,96,False,0.186177,0.980308,0.704342,0.338885,0.222675,0.903068,0.129044,0.658454,0.586469,0.228641,0.004865,3.7768,3.1259,1083,426
von_neumann,9,0.3,1000,96,False,0.179972,0.988574,0.699065,0.343722,0.219323,0.854849,0.126684,0.658554,0.583753,0.232311,-0.002162,3.7951,3.2054,1114,410
von_neumann,10,0.3,500,96,False,0.18589,0.940888,0.703846,0.341891,0.217627,0.82498,0.123935,0.657545,0.57989,0.23388,-0.003824,3.7817,3.2151,1138,429
von_neumann,10,0.3,1000,96,False,0.190125,0.945544,0.702219,0.3402,0.219636,0.807128,0.135076,0.65858,0.588736,0.228784,0.008604,3.7787,3.2601,1080,422
von_neumann,11,0.3,500,96,False,0.188944,0.943891,0.710097,0.34229,0.219988,0.938179,0.131463,0.658101,0.578742,0.232414,-0.002073,3.7929,3.0524,1110,446
von_neumann,11,0.3,1000,96,False,0.182418,0.978145,0.696,0.33884,0.219254,0.844123,0.130481,0.658615,0.595858,0.229399,0.0137,3.7781,3.2075,1088,407
von_neumann,12,0.3,500,96,False,0.187017,0.994082,0.702544,0.339636,0.220409,0.80218,0.127849,0.658535,0.578404,0.232076,0.009919,3.7787,3.2642,1111,426
von_neumann,12,0.3,1000,96,False,0.178311,0.949274,0.695075,0.33852,0.218003,0.810621,0.124646,0.658898,0.584143,0.231552,-0.005635,3.7784,3.2504,1139,390
von_neumann,13,0.3,500,96,False,0.191439,0.957638,0.707461,0.344235,0.219599,0.908781,0.127642,0.658477,0.582236,0.23114,-0.002265,3.7956,3.1096,1124,439
von_neumann,13,0.3,1000,96,False,0.190211,0.960007,0.703298,0.339033,0.221763,0.866937,0.125819,0.657978,0.583283,0.228585,-0.004138,3.7786,3.1685,1120,445
von_neumann,14,0.3,500,96,False,0.186437,0.973335,0.697642,0.338491,0.222708,0.75947,0.122142,0.658904,0.585323,0.230162,-0.005325,3.7759,3.3735,1143,422
von_neumann,14,0.3,1000,96,False,0.189411,0.957072,0.700291,0.338237,0.221187,0.82317,0.129552,0.658382,0.582338,0.229601,0.015919,3.7762,3.2732,1123,410
von_neumann,15,0.3,500,96,False,0.192048,0.965222,0.702868,0.336061,0.222133,0.812992,0.129081,0.658986,0.578028,0.232094,-0.005431,3.7659,3.2891,1101,431
von_neumann,15,0.3,1000,96,False,0.187321,0.956496,0.700528,0.33812,0.219375,0.853558,0.132338,0.658381,0.579101,0.231742,0.009652,3.7727,3.1941,1106,424
von_neumann,16,0.3,500,96,False,0.189457,0.96115,0.704834,0.339964,0.222414,0.784964,0.122509,0.659023,0.581943,0.232533,0.005678,3.7787,3.3377,1134,432
von_neumann,16,0.3,1000,96,False,0.1912,0.927902,0.711917,0.340679,0.220428,0.820306,0.134741,0.65857,0.582045,0.230671,0.012424,3.7823,3.2505,1138,458
von_neumann,17,0.3,500,96,False,0.189834,0.974071,0.697689,0.336012,0.220436,0.805794,0.129835,0.658898,0.582722,0.230777,-0.001246,3.7639,3.2733,1097,408
von_neumann,17,0.3,1000,96,False,0.181042,0.979254,0.698791,0.337995,0.220514,0.752723,0.123675,0.658347,0.585142,0.230026,0.022447,3.7773,3.3692,1078,406
von_neumann,18,0.3,500,96,False,0.180155,0.96575,0.697261,0.340382,0.218959,0.824291,0.122608,0.658722,0.586825,0.231755,0.001304,3.7853,3.225,1094,403
von_neumann,18,0.3,1000,96,False,0.191118,0.947951,0.711392,0.340826,0.220576,0.783994,0.131168,0.658262,0.588345,0.229502,0.004304,3.7883,3.3327,1119,447
von_neumann,19,0.3,500,96,False,0.194486,0.960641,0.708211,0.339468,0.225111,0.819227,0.13037,0.658733,0.584423,0.230015,-0.000353,3.7797,3.2796,1152,441
von_neumann,19,0.3,1000,96,False,0.185325,0.967572,0.69988,0.339619,0.22034,0.787494,0.128893,0.659535,0.590634,0.228881,-0.00011,3.7818,3.3106,1103,422
von_neumann,20,0.3,500,96,False,0.188803,0.966288,0.708352,0.336928,0.219464,0.837471,0.127392,0.658388,0.58457,0.230635,0.009362,3.7735,3.2132,1119,444
von_neumann,20,0.3,1000,96,False,0.188443,0.958238,0.705166,0.33716,0.221262,0.806365,0.126222,0.658805,0.587943,0.228667,-0.007719,3.7703,3.2771,1126,429
moore,1,0.3,500,96,False,0.199602,0.932238,0.713508,0.341207,0.242151,0.886101,0.101049,0.661646,0.592649,0.143131,0.055392,3.7814,3.1459,583,372
moore,1,0.3,1000,96,False,0.203471,0.956482,0.713615,0.338851,0.245546,0.832934,0.098908,0.662345,0.595118,0.14128,0.054696,3.7691,3.2675,582,383
moore,2,0.3,500,96,False,0.20869,0.971636,0.703799,0.334221,0.244421,0.842991,0.103871,0.661896,0.586067,0.143519,0.042649,3.7502,3.2387,613,377
moore,2,0.3,1000,96,False,0.211311,0.94579,0.715522,0.336498,0.244226,0.87459,0.106373,0.661749,0.590065,0.143559,0.055259,3.7618,3.1823,601,413
moore,3,0.3,500,96,False,0.199331,0.969795,0.709838,0.335258,0.242444,0.863988,0.09396,0.662149,0.59162,0.142749,0.058765,3.7593,3.1759,615,390
moore,3,0.3,1000,96,False,0.204266,0.967878,0.718134,0.337852,0.246539,0.849821,0.106768,0.662081,0.594103,0.140253,0.053313,3.7725,3.221,619,405
moore,4,0.3,500,96,False,0.207756,0.966672,0.717578,0.336588,0.24493,0.869122,0.105181,0.662341,0.592991,0.140894,0.055356,3.7631,3.1829,583,417
moore,4,0.3,1000,96,False,0.204178,0.95818,0.706883,0.336102,0.241204,0.767729,0.102606,0.662156,0.592464,0.141721,0.040643,3.7592,3.3171,624,388
moore,5,0.3,500,96,False,0.199192,0.956268,0.708326,0.338915,0.24375,0.835016,0.1019,0.662109,0.59694,0.142158,0.057463,3.7721,3.2204,591,389
moore,5,0.3,1000,96,False,0.203605,0.948836,0.709661,0.337485,0.245586,0.873067,0.101082,0.662058,0.584131,0.143546,0.061965,3.7657,3.1658,566,396
moore,6,0.3,500,96,False,0.209747,0.95299,0.704923,0.332915,0.244968,0.810479,0.108182,0.662452,0.583094,0.14428,0.047557,3.7458,3.2773,634,379
moore,6,0.3,1000,96,False,0.205185,0.954414,0.712564,0.337658,0.24725,0.920225,0.103566,0.662468,0.586147,0.143528,0.057439,3.7661,3.0971,549,392
moore,7,0.3,500,96,False,0.209524,0.963994,0.712329,0.334803,0.245153,0.861039,0.101767,0.661847,0.584471,0.144094,0.068315,3.7542,3.2087,591,382
moore,7,0.3,1000,96,False,0.197992,0.983927,0.71112,0.340701,0.242228,0.843023,0.098576,0.662355,0.599681,0.140782,0.048624,3.7797,3.2073,609,377
moore,8,0.3,500,96,False,0.208562,0.96662,0.713324,0.333336,0.244706,0.840211,0.104841,0.662019,0.591275,0.143271,0.049139,3.7563,3.2305,596,404
moore,8,0.3,1000,96,False,0.206204,0.943348,0.711994,0.333771,0.245102,0.812902,0.10315,0.663096,0.589717,0.142863,0.057626,3.7533,3.2745,624,397
moore,9,0.3,500,96,False,0.205099,0.97697,0.707829,0.334376,0.245927,0.846996,0.105181,0.66261,0.592382,0.141535,0.055682,3.7568,3.2177,610,380
moore,9,0.3,1000,96,False,0.203724,0.956911,0.706591,0.336187,0.243008,0.785309,0.106669,0.662571,0.588628,0.144543,0.036539,3.7628,3.3032,597,374
moore,10,0.3,500,96,False,0.208237,0.949966,0.70872,0.337626,0.244688,0.840226,0.105316,0.661084,0.583082,0.146075,0.053272,3.764,3.2401,584,393
moore,10,0.3,1000,96,False,0.210851,0.971285,0.713755,0.335552,0.244691,0.785165,0.111108,0.662146,0.594868,0.141519,0.051737,3.7585,3.3052,603,394
moore,11,0.3,500,96,False,0.20656,0.960357,0.712669,0.337292,0.243133,0.818573,0.101524,0.662132,0.584841,0.143699,0.044739,3.764,3.2504,613,412
moore,11,0.3,1000,96,False,0.202757,0.960899,0.714593,0.338356,0.242733,0.90158,0.104371,0.662387,0.60365,0.141634,0.048165,3.7729,3.11,588,385
moore,12,0.3,500,96,False,0.2041,0.96907,0.714759,0.336427,0.2441,0.880894,0.103172,0.662835,0.585561,0.143719,0.060086,3.7627,3.1433,603,394
moore,12,0.3,1000,96,False,0.202695,0.948438,0.711996,0.340018,0.244335,0.874533,0.10661,0.661939,0.588569,0.143602,0.049912,3.7782,3.1745,585,394
moore,13,0.3,500,96,False,0.214455,0.979526,0.720366,0.33684,0.245621,0.825377,0.104801,0.662614,0.588442,0.143976,0.051373,3.7611,3.2548,621,415
moore,13,0.3,1000,96,False,0.216212,0.977663,0.726018,0.33729,0.247512,0.917935,0.108803,0.662334,0.58644,0.141847,0.046579,3.7674,3.099,587,433
moore,14,0.3,500,96,False,0.209611,0.955671,0.712808,0.336395,0.247195,0.868938,0.107901,0.662113,0.586923,0.143188,0.045553,3.7579,3.1952,632,368
moore,14,0.3,1000,96,False,0.211531,0.962398,0.722094,0.338626,0.244232,0.816554,0.108347,0.662225,0.588353,0.141637,0.054535,3.7718,3.2766,606,418
moore,15,0.3,500,96,False,0.211475,0.974625,0.719273,0.334452,0.246058,0.868887,0.104568,0.662375,0.582483,0.143618,0.046075,3.7588,3.1823,601,402
moore,15,0.3,1000,96,False,0.205286,0.974382,0.717199,0.339736,0.244551,0.858824,0.106555,0.66198,0.587851,0.143329,0.054949,3.773,3.1881,616,402
moore,16,0.3,500,96,False,0.214732,0.967243,0.718559,0.334833,0.247417,0.789917,0.105662,0.662321,0.585803,0.143712,0.047192,3.7556,3.3231,584,393
moore,16,0.3,1000,96,False,0.20442,0.95081,0.709361,0.338547,0.243988,0.82151,0.098826,0.661339,0.587784,0.142336,0.04737,3.7691,3.2565,609,374
moore,17,0.3,500,96,False,0.207003,0.949151,0.708657,0.333695,0.242921,0.796277,0.105781,0.66242,0.588923,0.144166,0.046966,3.7546,3.284,632,388
moore,17,0.3,1000,96,False,0.203025,0.953966,0.702926,0.335715,0.245046,0.779134,0.100662,0.66118,0.58965,0.143328,0.040394,3.7575,3.3302,608,382
moore,18,0.3,500,96,False,0.198477,0.955028,0.710812,0.339277,0.244118,0.878029,0.096494,0.663106,0.589782,0.142482,0.058021,3.7745,3.1622,587,380
moore,18,0.3,1000,96,False,0.206844,0.968514,0.713408,0.336484,0.244527,0.893338,0.100321,0.662016,0.592957,0.142562,0.059113,3.7631,3.1489,605,415
moore,19,0.3,500,96,False,0.212633,0.967973,0.713612,0.336823,0.248099,0.824922,0.104121,0.66266,0.587639,0.14229,0.048319,3.7575,3.2645,612,397
moore,19,0.3,1000,96,False,0.212267,0.958205,0.714826,0.335756,0.243463,0.924651,0.115373,0.662664,0.59441,0.143309,0.044515,3.7553,3.09,625,417
moore,20,0.3,500,96,False,0.202121,0.952088,0.7099,0.336531,0.243558,0.854699,0.09659,0.662548,0.589474,0.143146,0.049651,3.7611,3.2004,626,401
moore,20,0.3,1000,96,False,0.213279,0.940435,0.714087,0.333956,0.241764,0.793399,0.106583,0.662451,0.587251,0.142851,0.055027,3.7527,3.2797,589,392
hex,1,0.3,500,96,False,0.200569,0.988147,0.712735,0.337492,0.244011,0.858621,0.102676,0.661501,0.584953,0.16361,0.039169,3.7679,3.22,834,423
hex,1,0.3,1000,96,False,0.208802,0.973297,0.709028,0.335377,0.245792,0.820824,0.109787,0.662205,0.585747,0.161943,0.04476,3.7556,3.3038,850,415
hex,2,0.3,500,96,False,0.209929,0.951431,0.713002,0.337149,0.247315,0.820714,0.105699,0.662144,0.579726,0.164476,0.030924,3.7583,3.2978,863,429
hex,2,0.3,1000,96,False,0.210543,0.951584,0.711651,0.337266,0.245817,0.800645,0.107296,0.661219,0.583387,0.164003,0.034539,3.7657,3.3352,858,425
hex,3,0.3,500,96,False,0.198564,0.966631,0.704506,0.337882,0.245434,0.82551,0.09642,0.661766,0.58499,0.163815,0.042848,3.7689,3.2774,822,402
hex,3,0.3,1000,96,False,0.204888,0.983613,0.713501,0.341136,0.249289,0.887523,0.108863,0.662129,0.584126,0.161205,0.04362,3.7831,3.198,837,425
hex,4,0.3,500,96,False,0.207435,0.969282,0.713115,0.33432,0.247341,0.767252,0.107358,0.66236,0.585473,0.161968,0.043253,3.7587,3.3853,832,433
hex,4,0.3,1000,96,False,0.204669,0.966575,0.706534,0.334822,0.243801,0.821539,0.10566,0.661627,0.585981,0.162197,0.032882,3.7552,3.2626,824,414
hex,5,0.3,500,96,False,0.196761,0.950349,0.70919,0.339298,0.246076,0.847676,0.098803,0.661404,0.587024,0.163085,0.048665,3.7791,3.2444,811,417
hex,5,0.3,1000,96,False,0.205651,0.950797,0.711811,0.337869,0.247817,0.82362,0.104448,0.661707,0.576845,0.164334,0.045435,3.7667,3.2855,821,412
hex,6,0.3,500,96,False,0.203857,0.982057,0.706817,0.336956,0.246423,0.843096,0.103396,0.661945,0.576024,0.164924,0.039861,3.7582,3.2533,840,417
hex,6,0.3,1000,96,False,0.205103,0.961492,0.70709,0.337466,0.248523,0.814357,0.104109,0.662296,0.579485,0.164036,0.049554,3.7653,3.3045,794,385
hex,7,0.3,500,96,False,0.209928,0.959256,0.706212,0.334929,0.247657,0.846122,0.103525,0.661121,0.573222,0.165098,0.056307,3.753,3.2734,821,397
hex,7,0.3,1000,96,False,0.201395,0.97474,0.720029,0.338964,0.244927,0.891838,0.104087,0.661919,0.588687,0.161448,0.032518,3.7781,3.1617,856,446
hex,8,0.3,500,96,False,0.204853,0.943657,0.71128,0.333495,0.24678,0.973249,0.103672,0.661757,0.582396,0.164258,0.033913,3.7533,3.054,861,424
hex,8,0.3,1000,96,False,0.208163,0.96717,0.710246,0.332328,0.248076,0.830613,0.108128,0.662546,0.581852,0.163271,0.040064,3.749,3.2783,846,421
hex,9,0.3,500,96,False,0.205305,0.952867,0.715897,0.339468,0.248321,0.928962,0.105994,0.661599,0.582807,0.162408,0.034177,3.7748,3.1255,866,429
hex,9,0.3,1000,96,False,0.201406,0.964229,0.710575,0.339743,0.245791,0.78737,0.105522,0.662017,0.58112,0.165167,0.030647,3.7708,3.3458,850,412
hex,10,0.3,500,96,False,0.20556,0.945893,0.710644,0.338615,0.244553,0.82944,0.103337,0.66099,0.57871,0.166819,0.03501,3.7672,3.2569,845,433
hex,10,0.3,1000,96,False,0.206384,0.951456,0.715341,0.338241,0.246474,0.892123,0.107982,0.661995,0.589523,0.161706,0.036168,3.7695,3.1517,831,447
hex,11,0.3,500,96,False,0.207379,0.971267,0.713049,0.336267,0.246567,0.835207,0.106124,0.662338,0.576459,0.16468,0.028759,3.7619,3.2548,854,419
hex,11,0.3,1000,96,False,0.204156,0.963854,0.712451,0.338184,0.245148,0.782996,0.108507,0.661842,0.593994,0.162076,0.037611,3.7696,3.3418,850,434
hex,12,0.3,500,96,False,0.203769,0.967822,0.711684,0.337122,0.247716,0.863538,0.105052,0.661546,0.575975,0.16446,0.046773,3.7685,3.2122,810,425
hex,12,0.3,1000,96,False,0.19705,0.96775,0.710178,0.338571,0.245358,0.847292,0.104107,0.661825,0.581241,0.164456,0.034225,3.7738,3.2473,848,425
hex,13,0.3,500,96,False,0.211725,0.967784,0.724996,0.342172,0.246111,0.826373,0.108841,0.661749,0.580882,0.164614,0.042221,3.7852,3.276,833,449
hex,13,0.3,1000,96,False,0.21281,0.967181,0.720541,0.335686,0.249295,0.835352,0.10706,0.66202,0.580017,0.162572,0.027785,3.7591,3.2737,862,457
hex,14,0.3,500,96,False,0.20435,0.978844,0.711641,0.337859,0.248145,0.924999,0.10265,0.661691,0.580884,0.163774,0.029115,3.7645,3.1352,846,428
hex,14,0.3,1000,96,False,0.212285,0.974255,0.720055,0.336237,0.247644,0.880685,0.10936,0.661771,0.578689,0.162599,0.044727,3.7595,3.2063,862,449
hex,15,0.3,500,96,False,0.211614,0.948544,0.717265,0.331948,0.24788,0.807316,0.104745,0.662175,0.57396,0.164381,0.038176,3.7446,3.3133,830,437
hex,15,0.3,1000,96,False,0.202902,0.957285,0.712208,0.333258,0.2462,0.869149,0.105999,0.66159,0.581383,0.164217,0.041451,3.7554,3.1993,821,423
hex,16,0.3,500,96,False,0.21297,0.967704,0.715203,0.33606,0.248934,0.836502,0.105037,0.662448,0.576689,0.164712,0.040079,3.7583,3.2809,841,442
hex,16,0.3,1000,96,False,0.207747,0.938046,0.713741,0.339191,0.246468,0.855913,0.105332,0.661216,0.580748,0.163419,0.042065,3.7715,3.2352,815,417
hex,17,0.3,500,96,False,0.205664,0.965143,0.705589,0.333678,0.245418,0.908431,0.104878,0.661951,0.58074,0.165005,0.039541,3.7533,3.1325,848,413
hex,17,0.3,1000,96,False,0.201474,0.97185,0.709564,0.337067,0.246877,0.857022,0.102336,0.660917,0.581753,0.163752,0.03858,3.7676,3.235,827,420
hex,18,0.3,500,96,False,0.195598,0.968076,0.707456,0.341839,0.245378,0.847381,0.096639,0.662326,0.584927,0.163539,0.045303,3.7834,3.2375,834,409
hex,18,0.3,1000,96,False,0.208698,0.957961,0.716868,0.336563,0.246121,0.815316,0.106896,0.661261,0.585515,0.163498,0.040383,3.7603,3.3149,824,437
hex,19,0.3,500,96,False,0.213956,0.969655,0.717524,0.336749,0.251646,0.922617,0.109049,0.662469,0.578522,0.163608,0.03868,3.7604,3.1563,854,434
hex,19,0.3,1000,96,False,0.204532,0.945958,0.704313,0.333972,0.245656,0.920877,0.108399,0.662553,0.586619,0.163819,0.031227,3.7479,3.125,882,410
hex,20,0.3,500,96,False,0.200123,0.948595,0.709458,0.335866,0.245563,0.783682,0.099785,0.662038,0.583132,0.164182,0.044738,3.7628,3.3431,859,416
hex,20,0.3,1000,96,False,0.205532,0.964658,0.707744,0.337253,0.245801,0.927558,0.101867,0.661817,0.582487,0.163667,0.030034,3.764,3.1075,832,418
random,1,0.3,500,96,False,0.182226,0.96177,0.703912,0.34101,0.343286,0.878239,0.181631,0.658161,0.585875,0.165423,0.008114,3.7852,3.5318,1086,422
random,1,0.3,1000,96,False,0.183288,0.974252,0.69553,0.335061,0.351487,0.867523,0.182684,0.658378,0.582805,0.163309,0.004739,3.7651,3.578,1087,411
random,2,0.3,500,96,False,0.178408,0.963695,0.693315,0.340367,0.345768,0.902861,0.178071,0.657766,0.589988,0.165246,0.002189,3.7851,3.4982,1073,387
random,2,0.3,1000,96,False,0.180967,0.968925,0.698055,0.340707,0.348709,0.909231,0.178224,0.659148,0.58782,0.162897,0.007221,3.787,3.5159,1077,406
random,3,0.3,500,96,False,0.182529,0.954219,0.692235,0.336115,0.344464,0.905493,0.182408,0.658315,0.584709,0.167043,-0.007853,3.764,3.5139,1100,384
random,3,0.3,1000,96,False,0.179776,0.954981,0.704957,0.339969,0.346499,0.90655,0.177296,0.658337,0.586345,0.162819,0.002003,3.7834,3.5038,1105,434
random,4,0.3,500,96,False,0.189662,0.939195,0.699419,0.341074,0.350976,0.909178,0.190376,0.657633,0.582687,0.165844,0.005861,3.7753,3.5184,1137,420
random,4,0.3,1000,96,False,0.189642,0.980965,0.708871,0.339183,0.348357,0.893642,0.189055,0.657383,0.580493,0.163908,-0.005587,3.7775,3.5518,1114,457
random,5,0.3,500,96,False,0.184461,0.958544,0.696683,0.336577,0.347471,0.940664,0.182335,0.658306,0.58329,0.165844,0.003926,3.7702,3.4498,1085,398
random,5,0.3,1000,96,False,0.180446,0.968945,0.697264,0.335301,0.342932,0.913956,0.181272,0.65805,0.59127,0.163545,0.002097,3.7703,3.464,1025,409
random,6,0.3,500,96,False,0.177082,0.955731,0.707698,0.344915,0.345927,0.894945,0.177312,0.658166,0.585652,0.165269,-0.011239,3.8037,3.5361,1140,449
random,6,0.3,1000,96,False,0.186092,0.946255,0.701611,0.341095,0.34709,0.920571,0.185231,0.658357,0.58257,0.164673,-0.00558,3.7872,3.4873,1123,426
random,7,0.3,500,96,False,0.186026,0.955209,0.692331,0.338175,0.348169,0.934575,0.18399,0.658921,0.585171,0.165568,0.003768,3.7716,3.4768,1082,392
random,7,0.3,1000,96,False,0.17691,0.954378,0.698043,0.337853,0.343526,0.868541,0.176039,0.658353,0.589388,0.163965,0.001501,3.7773,3.5412,1080,426
random,8,0.3,500,96,False,0.182741,0.953226,0.703321,0.344382,0.350953,0.881273,0.185834,0.657524,0.591608,0.165126,-6.9e-05,3.794,3.5543,1110,426
random,8,0.3,1000,96,False,0.177844,0.931434,0.696672,0.341313,0.344901,0.889115,0.179939,0.658106,0.590723,0.16406,-0.003679,3.7866,3.5082,1104,414
random,9,0.3,500,96,False,0.179432,0.976634,0.698995,0.341389,0.347168,0.932498,0.175972,0.657938,0.586918,0.165757,0.001659,3.785,3.4614,1062,396
random,9,0.3,1000,96,False,0.185692,0.979496,0.702586,0.340704,0.347434,0.935766,0.183978,0.657878,0.586897,0.163948,0.002647,3.7886,3.4451,1102,434
random,10,0.3,500,96,False,0.188014,0.951494,0.705408,0.340335,0.349107,0.898807,0.183992,0.657732,0.587737,0.165481,0.005228,3.7844,3.5226,1114,433
random,10,0.3,1000,96,False,0.178954,0.968894,0.704137,0.339005,0.347193,0.873125,0.175795,0.658569,0.594805,0.163477,-0.002674,3.7831,3.5542,1079,436
random,11,0.3,500,96,False,0.185286,0.978822,0.710423,0.344007,0.345637,0.894813,0.184539,0.658092,0.582758,0.16535,0.002796,3.7955,3.5274,1130,446
random,11,0.3,1000,96,False,0.17966,0.941949,0.686085,0.336831,0.348992,0.877014,0.176812,0.658545,0.59068,0.16344,-0.008099,3.7685,3.5588,1095,370
random,12,0.3,500,96,False,0.184285,0.980159,0.701261,0.338701,0.345605,0.915546,0.182666,0.658258,0.584463,0.16585,0.003024,3.7778,3.4881,1101,421
random,12,0.3,1000,96,False,0.18421,0.958386,0.695194,0.340191,0.344686,0.896978,0.183431,0.658491,0.581624,0.164621,-0.008357,3.7824,3.5027,1116,396
random,13,0.3,500,96,False,0.177866,0.975217,0.6996,0.341167,0.345936,0.909967,0.177747,0.657893,0.586106,0.165484,0.008973,3.7916,3.4966,1087,405
random,13,0.3,1000,96,False,0.180529,0.976736,0.701647,0.342455,0.345688,0.914383,0.181082,0.658192,0.587115,0.163367,0.008863,3.7885,3.4767,1115,428
random,14,0.3,500,96,False,0.186959,0.962578,0.697249,0.339974,0.350595,0.889266,0.186553,0.658707,0.582455,0.165147,2.4e-05,3.7764,3.5315,1125,416
random,14,0.3,1000,96,False,0.187795,0.974381,0.699741,0.336035,0.348887,0.969352,0.192056,0.658197,0.586024,0.165211,0.007872,3.7635,3.4131,1115,405
random,15,0.3,500,96,False,0.185363,0.973884,0.702421,0.33808,0.34629,0.906529,0.185588,0.658647,0.581622,0.16611,0.005464,3.773,3.5207,1070,425
random,15,0.3,1000,96,False,0.18059,0.978349,0.699928,0.336831,0.344145,0.918648,0.177736,0.658507,0.587585,0.163141,-0.004399,3.7697,3.4659,1097,429
random,16,0.3,500,96,False,0.17579,0.970413,0.699185,0.342489,0.346824,0.914994,0.174688,0.657756,0.588202,0.164828,0.005597,3.7958,3.4906,1126,415
random,16,0.3,1000,96,False,0.183893,0.973059,0.703822,0.339432,0.346771,0.94199,0.185328,0.658242,0.582694,0.164749,-0.008927,3.7812,3.442,1068,442
random,17,0.3,500,96,False,0.18454,0.967777,0.703788,0.340824,0.346216,0.926261,0.185674,0.658081,0.582834,0.16656,-0.000696,3.7847,3.4777,1119,423
random,17,0.3,1000,96,False,0.181108,0.993379,0.707158,0.339913,0.345837,0.90529,0.181168,0.657969,0.583623,0.164309,-0.007577,3.7867,3.5089,1038,440
random,18,0.3,500,96,False,0.182831,0.935235,0.706258,0.339831,0.346906,0.885825,0.18095,0.658462,0.59089,0.164728,0.001079,3.7842,3.5408,1079,435
random,18,0.3,1000,96,False,0.191014,0.954643,0.703055,0.334807,0.347039,0.898823,0.189838,0.658314,0.58817,0.163945,-0.017827,3.7609,3.5068,1107,424
random,19,0.3,500,96,False,0.179983,0.965514,0.702771,0.340581,0.347514,0.96045,0.176571,0.657434,0.588692,0.165236,0.012061,3.7859,3.4148,1065,416
random,19,0.3,1000,96,False,0.179702,0.979119,0.6983,0.339508,0.34509,0.928985,0.181474,0.658125,0.592483,0.164082,0.004702,3.7818,3.443,1108,410
random,20,0.3,500,96,False,0.178947,0.949927,0.700896,0.341633,0.347526,0.942705,0.179365,0.657608,0.584345,0.164995,-0.001207,3.791,3.4411,1140,417
random,20,0.3,1000,96,False,0.185588,0.95086,0.696044,0.341918,0.345404,0.918724,0.184815,0.658104,0.584988,0.164612,0.008469,3.7849,3.4848,1102,414
small_world,1,0.3,500,96,False,0.191169,0.98109,0.705109,0.338831,0.263898,0.90622,0.143727,0.658502,0.583844,0.209114,0.002727,3.7768,3.3457,1080,439
small_world,1,0.3,1000,96,False,0.188475,0.969811,0.700599,0.334982,0.263678,0.926596,0.139525,0.658906,0.584458,0.206902,-0.004281,3.766,3.2942,1108,423
small_world,2,0.3,500,96,False,0.18783,0.960073,0.707888,0.34251,0.265317,0.857439,0.136757,0.658563,0.58322,0.210751,0.011765,3.7919,3.4308,1146,420
small_world,2,0.3,1000,96,False,0.183418,0.960892,0.700613,0.336135,0.263132,0.893719,0.134039,0.659097,0.583786,0.208544,8.6e-05,3.7654,3.3539,1078,415
small_world,3,0.3,500,96,False,0.186954,0.979379,0.701398,0.337533,0.26308,0.974935,0.141027,0.658454,0.587103,0.208754,0.0126,3.7689,3.2446,1155,410
small_world,3,0.3,1000,96,False,0.177711,0.942578,0.698873,0.339992,0.263743,0.886248,0.137009,0.65835,0.589075,0.208146,0.014589,3.7821,3.3716,1061,403
small_world,4,0.3,500,96,False,0.181594,0.953553,0.70238,0.341558,0.263904,0.849279,0.12908,0.658362,0.587464,0.207501,0.001265,3.7888,3.4286,1090,409
small_world,4,0.3,1000,96,False,0.183404,0.954877,0.702296,0.340057,0.26247,0.859723,0.133693,0.658371,0.586026,0.206673,0.011368,3.7831,3.3937,1067,430
small_world,5,0.3,500,96,False,0.193188,0.951062,0.707459,0.335366,0.264757,0.888137,0.142902,0.658294,0.579548,0.209453,0.009115,3.765,3.3717,1088,438
small_world,5,0.3,1000,96,False,0.184128,0.978618,0.706045,0.341772,0.262039,0.807895,0.130262,0.658111,0.589268,0.208641,0.001013,3.7899,3.4899,1119,437
small_world,6,0.3,500,96,False,0.186569,0.941923,0.699229,0.340467,0.265346,0.838674,0.137819,0.658681,0.584314,0.2098,0.008642,3.7809,3.4586,1102,412
small_world,6,0.3,1000,96,False,0.187952,0.97541,0.706159,0.34068,0.264491,0.878407,0.143986,0.658749,0.584343,0.207484,-0.006604,3.7825,3.3637,1141,431
small_world,7,0.3,500,96,False,0.183982,0.958133,0.70787,0.341172,0.262751,0.935623,0.136497,0.659112,0.583495,0.210285,-0.005429,3.7877,3.2921,1126,438
small_world,7,0.3,1000,96,False,0.190981,0.976345,0.695198,0.33483,0.26194,0.899719,0.148672,0.658753,0.590417,0.207286,-0.002565,3.7632,3.3542,1128,395
small_world,8,0.3,500,96,False,0.186876,0.955555,0.695449,0.33788,0.265101,0.858816,0.135611,0.658612,0.58383,0.209169,0.010584,3.7686,3.4216,1106,404
small_world,8,0.3,1000,96,False,0.18568,0.9764,0.694795,0.340373,0.26226,0.864917,0.140724,0.658326,0.584891,0.210224,0.012112,3.7786,3.3983,1092,388
small_world,9,0.3,500,96,False,0.182709,0.967137,0.696769,0.33895,0.266228,0.833583,0.135435,0.658705,0.583168,0.207621,0.009347,3.7805,3.4619,1124,412
small_world,9,0.3,1000,96,False,0.188101,0.942,0.703365,0.340708,0.264456,0.849724,0.143924,0.65846,0.578404,0.209549,0.001063,3.7831,3.439,1093,433
small_world,10,0.3,500,96,False,0.17282,0.961575,0.689556,0.340948,0.263199,0.834296,0.126064,0.658482,0.585001,0.210477,-0.005568,3.7881,3.4513,1057,371
small_world,10,0.3,1000,96,False,0.181728,0.95012,0.707204,0.337028,0.264016,0.842943,0.13335,0.658812,0.585645,0.206593,-0.003351,3.7719,3.4289,1077,434
small_world,11,0.3,500,96,False,0.184858,0.955363,0.699272,0.341401,0.263048,0.848529,0.137279,0.658014,0.579939,0.209778,0.005771,3.7847,3.4257,1069,417
small_world,11,0.3,1000,96,False,0.17919,0.95126,0.698061,0.340548,0.263833,0.88747,0.137973,0.658793,0.597983,0.206222,0.002481,3.7873,3.3644,1066,423
small_world,12,0.3,500,96,False,0.181796,0.941928,0.699709,0.341784,0.263499,0.896818,0.132896,0.657829,0.583252,0.209163,0.001101,3.7873,3.3404,1079,411
small_world,12,0.3,1000,96,False,0.184208,0.938771,0.69799,0.339589,0.265002,0.85925,0.137138,0.658286,0.581264,0.208234,-0.002773,3.7777,3.4301,1074,413
small_world,13,0.3,500,96,False,0.186367,0.953869,0.69894,0.343052,0.264658,0.835151,0.135791,0.65858,0.588293,0.208469,-0.003055,3.788,3.4459,1170,425
small_world,13,0.3,1000,96,False,0.183217,0.967764,0.702793,0.341988,0.266474,0.86133,0.131309,0.658215,0.585062,0.208605,-0.001936,3.7894,3.4242,1057,419
small_world,14,0.3,500,96,False,0.188536,0.956858,0.704305,0.339285,0.264474,0.868921,0.136396,0.658488,0.577115,0.209831,0.015107,3.7798,3.3914,1109,428
small_world,14,0.3,1000,96,False,0.188979,0.948166,0.703584,0.335188,0.26331,0.862667,0.13896,0.658203,0.582459,0.20743,0.01202,3.7639,3.4115,1095,442
small_world,15,0.3,500,96,False,0.188509,0.959569,0.700714,0.339301,0.265591,0.866169,0.146548,0.658693,0.582335,0.208713,-0.002602,3.7793,3.423,1085,416
small_world,15,0.3,1000,96,False,0.189445,0.947612,0.704148,0.3381,0.266137,0.853631,0.148422,0.658391,0.578722,0.208732,0.013061,3.7726,3.4404,1099,423
small_world,16,0.3,500,96,False,0.175946,0.940185,0.696648,0.341112,0.263808,0.898538,0.126461,0.658688,0.589966,0.20911,0.004132,3.7849,3.342,1072,395
small_world,16,0.3,1000,96,False,0.185733,0.95269,0.69957,0.337739,0.261813,0.869792,0.137154,0.658205,0.580172,0.20943,0.003662,3.7733,3.388,1081,416
small_world,17,0.3,500,96,False,0.18449,0.975115,0.70453,0.341151,0.264022,0.8868,0.135923,0.658109,0.585183,0.208083,0.005984,3.7878,3.3644,1075,419
small_world,17,0.3,1000,96,False,0.180043,0.971444,0.699133,0.338378,0.262413,0.838834,0.131697,0.658591,0.585221,0.208855,0.002867,3.7769,3.4395,1081,421
small_world,18,0.3,500,96,False,0.176193,0.954274,0.693024,0.338955,0.261225,0.870614,0.129953,0.658713,0.588333,0.209769,0.016319,3.7789,3.3794,1043,392
small_world,18,0.3,1000,96,False,0.183459,0.955724,0.697777,0.338524,0.262513,0.864017,0.133907,0.65813,0.594604,0.208041,0.006413,3.7774,3.3976,1062,404
small_world,19,0.3,500,96,False,0.187572,0.954412,0.708116,0.340738,0.265237,0.860191,0.138854,0.658635,0.587681,0.208198,0.026716,3.7862,3.4312,1055,436
small_world,19,0.3,1000,96,False,0.183469,0.961086,0.698578,0.340559,0.262847,0.887414,0.134655,0.657904,0.585201,0.207799,-0.004196,3.7826,3.3685,1144,419
small_world,20,0.3,500,96,False,0.186795,0.946119,0.699787,0.338047,0.26479,0.914245,0.142321,0.658406,0.583265,0.207281,-0.001554,3.7759,3.3431,1088,414
small_world,20,0.3,1000,96,False,0.182639,0.959759,0.699355,0.34067,0.264385,0.836173,0.139353,0.658018,0.585273,0.209002,-0.007872,3.7872,3.4563,1109,415
